timestamp,Solar,Wind Onshore,Wind Offshore,Fossil Gas,Fossil Hard Coal,Fossil Brown Coal/Lignite,Biomass,Hydro Run-of-river,total_renewable_mw,total_generation_mw,renewable_share_pct,is_mock_data
2026-04-04 10:13:37.860083+02:00,16133.0,16232.523892160025,7440.565792835434,7334.84124030025,5378.29228135143,5339.158803247419,4239.501312045994,2133.2608249891005,46179.0,110410.0,41.8,True
2026-04-04 11:13:37.860083+02:00,17881.0,17491.108742483924,2846.641745057973,9406.280394472098,2044.5371279728984,5424.813550356484,3573.2168576486965,1870.5205826162432,43662.0,104200.0,41.9,True
2026-04-04 12:13:37.860083+02:00,20146.0,20700.745192606333,3474.9615217068035,12996.86096744299,1695.6299701914222,5988.099176905772,4131.90954283967,1219.0607141377845,49673.0,120026.0,41.4,True
2026-04-04 13:13:37.860083+02:00,21523.0,22902.703432841867,7072.605784144959,7543.988546380564,4669.151089599029,5359.8534949063005,4120.538039401647,1766.0381388333763,57385.0,132343.0,43.4,True
2026-04-04 14:13:37.860083+02:00,19264.0,9924.529040860656,3808.9301296322815,5186.0450757920225,5370.359095124918,6508.0122910546,3906.46286503864,1426.7249181462712,38331.0,93726.0,40.9,True
2026-04-04 15:13:37.860083+02:00,17785.0,10945.712443948309,6801.066154663184,8804.536154402596,3312.203258393415,5286.807695633867,4416.20026929528,1666.4202249668367,41614.0,100632.0,41.4,True
2026-04-04 16:13:37.860083+02:00,17216.0,8712.11070542692,8398.87196601742,10641.99157908142,3366.9598842854866,6226.304207745135,3885.8196036711806,2016.6116192584798,40229.0,100694.0,40.0,True
2026-04-04 17:13:37.860083+02:00,13237.0,13829.900704465093,4196.4099461167325,8216.028241959002,5842.208944739199,5899.827231213243,4115.770534406903,2179.368071998308,37558.0,95075.0,39.5,True
2026-04-04 18:13:37.860083+02:00,8208.0,17331.79187223167,6362.724653150611,6186.702909691414,5844.281720685696,6214.925964776706,4573.235938743951,2890.226375646203,39366.0,96978.0,40.6,True
2026-04-04 19:13:37.860083+02:00,4993.0,19936.67258294551,2692.615437320283,9915.987882960038,4793.388409418109,5540.258604936961,4395.34310501292,1731.2968105480932,33749.0,87748.0,38.5,True
2026-04-04 20:13:37.860083+02:00,0.0,14620.244881787386,6509.466596135619,9327.09123699687,6170.302581779112,5660.911705473173,4393.008645407104,2387.3128176375753,27910.0,76978.0,36.3,True
2026-04-04 21:13:37.860083+02:00,0.0,13400.76238372578,5398.847971973534,5947.838311608752,3238.69655641978,6096.00926799705,3425.41019889161,2152.980012218918,24378.0,64039.0,38.1,True
2026-04-04 22:13:37.860083+02:00,0.0,15758.789961243701,5946.07656432043,8762.851235068683,4466.097624369544,6202.0745061613125,4262.396287750661,2647.998835319895,28615.0,76661.0,37.3,True
2026-04-04 23:13:37.860083+02:00,0.0,10824.285491849885,3708.85585592921,9994.531135317746,7471.81640867551,5995.798084608844,3560.7506045152477,2288.114359797813,20382.0,64226.0,31.7,True
2026-04-05 00:13:37.860083+02:00,0.0,25447.693608473866,1677.833168865655,10363.780085117787,5102.483194909726,7705.362356513084,3359.2925101109868,1495.7592863568418,31981.0,87133.0,36.7,True
2026-04-05 01:13:37.860083+02:00,0.0,6961.6948644097065,6006.50412949901,7867.102049381088,5189.468771880499,5009.263081258716,3964.146826857516,1138.4769853543844,18071.0,54208.0,33.3,True
2026-04-05 02:13:37.860083+02:00,0.0,15923.702894478622,873.1936950410909,7283.841107641362,8458.919878951609,5935.796205047286,3547.852406674205,2155.6308498337526,22500.0,66679.0,33.7,True
2026-04-05 03:13:37.860083+02:00,0.0,25118.031096148196,4365.29901551493,10454.547644162525,2900.986751226844,4426.370977883015,4395.308859419989,1735.7745010498047,35614.0,89010.0,40.0,True
2026-04-05 04:13:37.860083+02:00,0.0,15033.999222799988,6882.363732839939,5579.67899403823,6194.645549963166,6372.081478667386,4407.267729847662,1509.8431270247013,27833.0,73813.0,37.7,True
2026-04-05 05:13:37.860083+02:00,0.0,14049.804824992527,5383.7954717460725,8877.15858184201,7495.979419712149,4884.753463623186,3048.686881784279,1366.211147733461,23848.0,68954.0,34.6,True
2026-04-05 06:13:37.860083+02:00,1466.0,13212.772885947865,8896.685289579626,5259.9467452711415,4512.713110252181,5721.689744123424,3585.848730211555,2080.487748793578,29242.0,73978.0,39.5,True
2026-04-05 07:13:37.860083+02:00,4225.0,14098.04159118796,7050.2183051635475,10130.752544519206,6289.446180282269,5627.935674668674,3270.106664041001,2753.8538496566825,31397.0,84842.0,37.0,True
2026-04-05 08:13:37.860083+02:00,8745.0,21864.24237338265,3692.203223348847,7483.908968777677,3526.970754183643,6280.891126601172,3768.6853617035545,1795.6638271469792,39866.0,97024.0,41.1,True
2026-04-05 09:13:37.860083+02:00,11045.0,3940.690443352465,5054.626759702877,10537.166471294939,3969.9014066489726,5447.2090824548195,4227.587834934412,2295.1351555376614,26563.0,73080.0,36.3,True
2026-04-05 10:13:37.860083+02:00,15092.0,22667.168506481627,4905.258594911128,8982.825512711053,5577.449624071452,5404.694302306018,3878.855950910806,1948.8668248912038,48492.0,116949.0,41.5,True
2026-04-05 11:13:37.860083+02:00,18130.0,7880.214237749275,1835.6464733077455,5553.55953987614,6197.850009665885,7435.856464085898,3705.120379666432,1355.3089554483035,32906.0,85000.0,38.7,True
2026-04-05 12:13:37.860083+02:00,18348.0,13666.738353827926,3119.2021670312934,10849.255464154487,6681.404768609369,6284.566790474526,4650.088263406569,2367.4056717552085,42151.0,108118.0,39.0,True
2026-04-05 13:13:37.860083+02:00,20376.0,12853.77789850669,3878.4781860402795,11102.49053285546,7354.4428804092395,5438.949147977732,2847.571413701856,1452.6539779863142,41408.0,106712.0,38.8,True
2026-04-05 14:13:37.860083+02:00,18898.0,17942.766348853598,927.558994288127,9764.57298519843,4898.830162167227,5749.1663281887695,4618.435946759112,2010.8133152967823,44398.0,109208.0,40.7,True
2026-04-05 15:13:37.860083+02:00,17728.0,7009.378240581262,5094.9869365032855,6476.82426992756,6790.417632758882,7645.354952270745,3727.855853422257,1829.2397924973475,35389.0,91691.0,38.6,True
2026-04-05 16:13:37.860083+02:00,15035.0,17310.863330409713,4501.856310693918,7387.972091285183,4486.5427348262765,5764.835121748903,3960.9454949436054,2446.538717282846,43255.0,104150.0,41.5,True
2026-04-05 17:13:37.860083+02:00,14322.0,25121.548116434264,1654.2121973768517,8290.85443481152,6353.136967382402,5310.723376847613,3736.3183311399457,1470.9245037646567,46305.0,112565.0,41.1,True
2026-04-05 18:13:37.860083+02:00,8664.0,8184.129977035947,5808.425730554664,6592.579201337134,5311.233196778273,5315.003849873608,4771.444052769559,2195.43495390098,29623.0,76465.0,38.7,True
2026-04-05 19:13:37.860083+02:00,3393.0,15948.530838051978,6431.7454893819195,11384.693144926408,5668.516860622885,5450.873519010423,3384.5107515973705,1580.1012963256496,30738.0,83980.0,36.6,True
2026-04-05 20:13:37.860083+02:00,823.0,11690.089111016954,5454.068957729778,8288.652943452074,5635.261811033056,5405.502277573278,4005.868184860968,1744.4473938356075,23717.0,66764.0,35.5,True
2026-04-05 21:13:37.860083+02:00,0.0,17129.43603096518,4351.863649582059,2593.3039057852857,2592.942485303282,4720.352151650757,4263.719325929998,182.39988622994906,25927.0,61761.0,42.0,True
2026-04-05 22:13:37.860083+02:00,0.0,15095.73888707876,6182.88430350371,8678.71162551244,3313.8172117088397,4875.799903053022,3194.4986160574163,3046.049285808954,27519.0,71906.0,38.3,True
2026-04-05 23:13:37.860083+02:00,0.0,11792.565454778452,6360.440720953382,7303.685206365373,5153.812159726283,5170.67962563863,3540.050914776923,2275.278466413116,23968.0,65565.0,36.6,True
2026-04-06 00:13:37.860083+02:00,0.0,17439.36142435537,5614.807139439376,7850.146887763104,2469.0813805382472,6591.571018453098,3925.9107332508856,1616.3262570309178,28596.0,74103.0,38.6,True
2026-04-06 01:13:37.860083+02:00,0.0,24021.740548933718,3350.7754991304782,7262.7612684286005,6246.816654799633,5618.762712727126,3556.667482657813,1437.672155833503,32367.0,83862.0,38.6,True
2026-04-06 02:13:37.860083+02:00,0.0,14045.481041363506,5553.201531022361,9614.092833213375,6307.333949432213,5792.83831090596,3592.2041143904253,1752.1756235603298,24943.0,71600.0,34.8,True
2026-04-06 03:13:37.860083+02:00,0.0,18598.789710740908,7390.9613016509575,10239.375557106763,5490.755829316686,7270.088025254897,3825.0686684617813,2358.439767409726,32173.0,87346.0,36.8,True
2026-04-06 04:13:37.860083+02:00,0.0,8533.635210644181,3806.7418827765396,8566.106324517308,3318.298980863117,7295.0071499384185,4324.790665823087,1053.9575372075374,17719.0,54618.0,32.4,True
2026-04-06 05:13:37.860083+02:00,0.0,10217.818115909955,9195.878678264862,7321.377625723682,7070.208408302772,5717.875056862265,3828.6411115609276,1929.207790352831,25172.0,70453.0,35.7,True
2026-04-06 06:13:37.860083+02:00,0.0,17362.031389401887,3948.738132029231,7917.32559038166,8055.815959577537,5369.136489316591,4539.213097236473,2885.3209362313364,28735.0,78813.0,36.5,True
2026-04-06 07:13:37.860083+02:00,3731.0,22420.580142679824,5064.814026680272,8039.1992331552565,5220.615241168961,5135.569686326462,3501.1211086703224,1433.026832016098,36151.0,90697.0,39.9,True
2026-04-06 08:13:37.860083+02:00,8217.0,16778.0667439283,3655.0288079873276,6395.139920270326,5765.803067676854,6692.775769708238,3374.038869763274,2040.1925193818274,34064.0,86982.0,39.2,True
2026-04-06 09:13:37.860083+02:00,13527.0,13434.709847384229,5446.541671840521,9157.85729714247,5302.607982194066,5795.292766477713,4963.172702860567,3101.654907628879,40473.0,101202.0,40.0,True
2026-04-06 10:13:37.860083+02:00,15980.0,14996.45702711677,1515.5566147294498,8920.084647720932,5795.553783498199,5613.5051096772095,3671.020936167244,2316.0758148453865,38479.0,97287.0,39.6,True
2026-04-06 11:13:37.860083+02:00,16256.0,8747.961330151413,3907.9164023665576,11080.882479553347,4820.661865060406,5186.335424862447,3344.54399646392,2062.9619102427278,34319.0,89726.0,38.2,True
2026-04-06 12:13:37.860083+02:00,19823.0,18022.576631776836,2815.7575993028654,10510.69956057695,4948.153640234295,5230.333590988612,3128.973029114085,2253.3182274545015,46044.0,112777.0,40.8,True
2026-04-06 13:13:37.860083+02:00,19615.0,19411.665311617046,5270.676695784582,6628.650164819739,6358.5764007460475,6320.0581914932445,4537.551726904469,1799.5673324951488,50634.0,120576.0,42.0,True
2026-04-06 14:13:37.860083+02:00,18822.0,12739.5483358346,6988.894751017815,9640.59674901793,8518.436242844662,4684.561734112738,3829.3477426699706,2649.81564265172,45030.0,112903.0,39.9,True
2026-04-06 15:13:37.860083+02:00,18631.0,12649.789261202492,6292.012374229103,6098.093233811057,2899.893148397392,6994.868693787938,3873.1451324668005,1800.334988549894,43246.0,102485.0,42.2,True
2026-04-06 16:13:37.860083+02:00,16668.0,16329.391148260242,256.6812782822153,9391.864201881699,4844.28127339555,5466.1553561850815,3920.3991442066804,1020.4091956320115,38195.0,96092.0,39.7,True
2026-04-06 17:13:37.860083+02:00,13401.0,12816.401319797023,9084.13930585576,6966.771602479785,3229.309272151877,5850.364055748208,4506.4714423348905,1804.34844802977,41612.0,99271.0,41.9,True
2026-04-06 18:13:37.860083+02:00,7838.0,14669.336926870888,5590.559881241737,5953.493553248831,7388.037347864125,4663.022041859445,3910.23508301204,1516.6327350616482,33525.0,85054.0,39.4,True
2026-04-06 19:13:37.860083+02:00,4141.0,25498.608945832577,3447.0017190139997,8560.090685394809,4118.393046020153,5987.634061757635,5172.026889416313,1859.4029939012853,40118.0,98902.0,40.6,True
2026-04-06 20:13:37.860083+02:00,331.0,13764.871496270016,5314.255837981882,2650.8657436917183,2835.198809321309,5671.67905730944,4066.8802870271147,1870.4579704596845,25347.0,61852.0,41.0,True
2026-04-06 21:13:37.860083+02:00,0.0,13208.29923989389,5352.379645005385,4498.048851189544,5957.28049827286,5949.919401143533,4530.89238347916,2598.7115999024536,25690.0,67786.0,37.9,True
2026-04-06 22:13:37.860083+02:00,0.0,11762.290971824204,3666.3025660968724,7645.016232451434,7616.466672114667,7471.7088983618905,4402.619928952204,2347.646363332193,22179.0,67091.0,33.1,True
2026-04-06 23:13:37.860083+02:00,0.0,18720.959857499685,5395.833334684151,8164.883533269685,5995.396802841144,6177.69804579024,3981.7763398709812,2131.6327437876985,30230.0,80798.0,37.4,True
2026-04-07 00:13:37.860083+02:00,0.0,14093.879133909486,3785.0554247593855,7261.362459683623,5307.196815922875,5205.340815854196,3706.5145069897685,1998.5272943337025,23584.0,64942.0,36.3,True
2026-04-07 01:13:37.860083+02:00,0.0,11753.13480839287,4191.276014619954,4841.127402564803,5613.711384163991,5288.680089453432,4165.981964283277,1470.5709955710026,21581.0,58905.0,36.6,True
2026-04-07 02:13:37.860083+02:00,0.0,21606.52016136506,3627.441728489831,6364.216315722989,7122.2609942383315,6595.131185913769,4255.049365603636,909.4123811671614,30398.0,80878.0,37.6,True
2026-04-07 03:13:37.860083+02:00,0.0,22098.015022568186,2134.6574205206944,8782.418654474788,3688.7010949787755,7298.693290993424,3713.7069759367364,2056.5800056963917,30003.0,79776.0,37.6,True
2026-04-07 04:13:37.860083+02:00,0.0,11997.882171306475,5291.672940430768,9163.563541256724,4832.229343870531,6281.91802075105,4083.1694329753277,2397.3206017868297,23770.0,67818.0,35.0,True
2026-04-07 05:13:37.860083+02:00,0.0,5667.300243196918,6170.598873032676,7967.553764808117,4320.9647772357,6688.712744554769,4618.102489129798,1945.8330583777054,18402.0,55781.0,33.0,True
2026-04-07 06:13:37.860083+02:00,362.0,20037.56844918461,6029.767192152744,10313.667562073977,3248.202039062435,6609.737723336705,5034.97386953484,1732.5728386066498,33197.0,86565.0,38.3,True
2026-04-07 07:13:37.860083+02:00,3805.0,11576.85087119998,6639.850505270469,8794.794046918469,4507.437110874796,7419.064413357521,4427.184660174711,2232.251082607106,28681.0,78083.0,36.7,True
2026-04-07 08:13:37.860083+02:00,9039.0,18953.127995813844,5648.6804200297365,6505.088692083576,6661.581643973673,4050.4098272739675,4931.379843190141,1958.3338996878265,40531.0,98279.0,41.2,True
2026-04-07 09:13:37.860083+02:00,14008.0,5149.480911440822,3934.5490035661933,7438.995893176765,5849.903222589088,6667.218939304528,3685.312894396772,2842.8720959869806,29620.0,79196.0,37.4,True
2026-04-07 10:13:37.860083+02:00,15601.0,19462.986691496546,6679.327728862378,5194.267685584291,5966.4657501623005,6983.736043903564,4350.941126029647,2616.364171034142,48711.0,115566.0,42.1,True
2026-04-07 11:13:37.860083+02:00,19584.0,8944.140353596093,2284.96492031613,7783.722019217166,5219.713417479978,4661.276293864426,4669.259754290636,2479.7540285116647,37962.0,93589.0,40.6,True
2026-04-07 12:13:37.860083+02:00,16879.0,18653.82059533262,3198.6572349750395,10224.201238442678,5784.985674092883,5114.331815993584,3551.833333514002,2378.867057104952,44662.0,110448.0,40.4,True
2026-04-07 13:13:37.860083+02:00,20822.0,15071.36533918217,3071.5998571535106,9370.580169421935,3799.1144864778416,5149.217251371847,3757.2049439774955,1354.9162927742714,44077.0,106473.0,41.4,True
2026-04-07 14:13:37.860083+02:00,19586.0,10230.302903016775,7160.112118278621,10804.018651838243,4535.735171109156,5271.209803622616,4868.952380917625,2331.4968510262997,44177.0,108965.0,40.5,True
2026-04-07 15:13:37.860083+02:00,17720.0,12964.818435366098,6885.577028280151,7394.229512402014,5288.006355453015,5518.282949064474,3512.45057210653,2188.1629788232876,43271.0,104743.0,41.3,True
2026-04-07 16:13:37.860083+02:00,15728.0,18431.592284783503,5974.61047408999,10692.199589028514,5416.273788322836,6242.602813054941,3329.434983672145,2303.212364195582,45767.0,113885.0,40.2,True
2026-04-07 17:13:37.860083+02:00,10482.0,15529.47226557617,7143.859730423595,7613.39154710406,5480.28178238281,6865.67465116737,4763.990786819755,2246.304743406526,40166.0,100291.0,40.0,True
2026-04-07 18:13:37.860083+02:00,8458.0,17922.06490236242,3241.4344351760237,10943.170165139789,4792.497076975433,7081.316957768537,4598.38161249022,2226.381293924033,36446.0,95709.0,38.1,True
2026-04-07 19:13:37.860083+02:00,4808.0,24882.202922577428,5697.190239721961,7956.286505115752,4433.864898304506,5162.176938832218,4216.060121991884,3350.4332347747977,42954.0,103460.0,41.5,True
2026-04-07 20:13:37.860083+02:00,1478.0,7178.791941444743,4749.651143233672,9414.462747608553,9736.656924566447,5155.297001297017,3977.1446226770863,1961.9071650240405,19345.0,62997.0,30.7,True
2026-04-07 21:13:37.860083+02:00,0.0,23086.06287484312,6693.764207769827,10950.22472861971,6360.180909398598,7315.821840016223,3780.737747197509,2468.168690414665,36029.0,96684.0,37.3,True
2026-04-07 22:13:37.860083+02:00,0.0,15521.779687616065,4769.551534895605,7613.144742837589,5619.721213928933,6646.7439354186445,4140.974436904526,1764.5050948679984,26197.0,72273.0,36.2,True
2026-04-07 23:13:37.860083+02:00,0.0,10506.07975838436,4230.114223179838,8436.77797508835,4650.187252690409,6082.864841868996,4789.903478700775,2395.320791943836,21921.0,63012.0,34.8,True
2026-04-08 00:13:37.860083+02:00,0.0,8348.43187130505,6081.81703712198,10577.726850412604,4323.171759584186,6473.336675554967,4119.283063071038,2469.659945116228,21019.0,63412.0,33.1,True
2026-04-08 01:13:37.860083+02:00,0.0,14054.398046114833,6752.338334382466,7733.993672139873,4803.799109409567,5970.19621814856,5083.479633623483,2182.2130385676737,28072.0,74652.0,37.6,True
2026-04-08 02:13:37.860083+02:00,0.0,19608.250559622298,3663.3096103063967,5358.215434987678,5439.243265380025,6524.584683047615,3551.029007179885,2834.62347118825,29657.0,76636.0,38.7,True
2026-04-08 03:13:37.860083+02:00,0.0,14362.254398112329,4877.848657295248,12286.01410916982,2179.346683905378,5663.933303494259,3990.1596228358653,1557.8619818197913,24788.0,69705.0,35.6,True
2026-04-08 04:13:37.860083+02:00,0.0,22555.774651236738,2883.1187327166945,7060.471071325726,2645.9156069379746,6268.804934439231,3813.470666168042,1756.389529165889,31009.0,77993.0,39.8,True
2026-04-08 05:13:37.860083+02:00,0.0,7744.121549742205,3.8779650141214006,8317.512101875085,4044.676416591564,4489.453949630504,3457.4292284188336,2106.190043011745,13312.0,43475.0,30.6,True
2026-04-08 06:13:37.860083+02:00,0.0,14939.555260769726,5400.919262827458,10312.013338902254,5310.709155167853,5312.215705174569,3923.458133495172,2440.403426742111,26704.0,74343.0,35.9,True
2026-04-08 07:13:37.860083+02:00,4123.0,8738.032777934404,6217.810712509264,6783.012192537596,4641.090279272223,5322.988823209656,4208.66465083022,2089.7147606474664,25377.0,67501.0,37.6,True
2026-04-08 08:13:37.860083+02:00,8286.0,16818.15941312484,5524.133618173451,5984.264173555739,7217.181839149227,5625.609966793086,4262.115089976015,2642.879518255283,37533.0,93893.0,40.0,True
2026-04-08 09:13:37.860083+02:00,11006.0,19434.436950486503,1100.8765644912655,8507.474593549667,2776.404819506347,5073.486745220252,5085.2260894722785,1669.1550645168404,38296.0,92949.0,41.2,True
2026-04-08 10:13:37.860083+02:00,15933.0,12896.191031594733,4298.301139847051,4413.847204175221,3872.9817955949447,5466.456374176918,4232.23373486178,1429.7107552557227,38789.0,91332.0,42.5,True
2026-04-08 11:13:37.860083+02:00,18280.0,1978.9307168643281,563.3044798978372,7424.18784626416,7280.137611486652,4485.58593760188,4575.068401839808,2154.064168268252,27551.0,74292.0,37.1,True
2026-04-08 12:13:37.860083+02:00,19504.0,15994.740733982473,7739.40221530837,8490.077328630812,5196.67898701272,6548.700476394901,4033.047123149488,1961.4098619431518,49233.0,118701.0,41.5,True
2026-04-08 13:13:37.860083+02:00,19765.0,17183.69275866755,2827.890835763828,7460.096206349672,6327.263874201738,5917.486481088606,4839.027800226298,2271.43186017911,46887.0,113479.0,41.3,True
2026-04-08 14:13:37.860083+02:00,18083.0,17021.473774808488,7510.807218919793,4913.098113628506,8076.870414904195,4294.792392223983,5199.2246427940345,1986.298854566748,49801.0,116887.0,42.6,True
2026-04-08 15:13:37.860083+02:00,17599.0,21178.91095911077,6891.739287368291,11188.355912408024,3959.293373147266,5165.170089453327,4265.542565487975,1829.9901046882715,51765.0,123843.0,41.8,True
2026-04-08 16:13:37.860083+02:00,15294.0,9644.731601754756,3198.8192949278764,8207.076307898351,4851.028493311952,6336.6014275621665,3503.670492274209,1962.5312141381382,33604.0,86602.0,38.8,True
2026-04-08 17:13:37.860083+02:00,11668.0,18401.08052725225,2734.43009746451,10862.304235523483,4591.359648603692,5456.97805361421,3725.597488611416,2014.4244473965925,38544.0,97998.0,39.3,True
2026-04-08 18:13:37.860083+02:00,8516.0,20962.537562389873,5700.740432772676,7479.9274996391105,2068.110493275087,5303.058539861903,4140.967151602581,1847.5093500758348,41168.0,97187.0,42.4,True
2026-04-08 19:13:37.860083+02:00,4854.0,6107.062079967416,3311.3519256338577,6239.976036618473,4534.404794366046,5925.407322991924,4228.249017625323,1898.4339768382858,20399.0,57498.0,35.5,True
2026-04-08 20:13:37.860083+02:00,1886.0,16598.259129594888,5204.969284316415,8538.361840510319,6321.593281070998,6343.597535178216,4349.212567192186,1798.203331506545,29837.0,80877.0,36.9,True
2026-04-08 21:13:37.860083+02:00,0.0,12479.100844961642,4034.3448183861633,7568.425747343561,5810.884312718361,4563.64754296084,4230.098840615021,2428.332559934703,23172.0,64287.0,36.0,True
2026-04-08 22:13:37.860083+02:00,0.0,14592.38663449177,1437.6831710687334,5644.477084017284,5928.624754082015,6550.128481217879,4003.4924581279693,2097.0105022528996,22131.0,62385.0,35.5,True
2026-04-08 23:13:37.860083+02:00,0.0,16738.382417691682,539.0639617510824,10939.568517574991,4436.736529040751,5199.706718392623,3681.900779398936,3128.376236084383,24088.0,68752.0,35.0,True
2026-04-09 00:13:37.860083+02:00,0.0,12563.857179432238,5453.368496989195,6755.459554212008,4015.8541459915377,5982.072031750201,4200.569130632115,2080.352275639231,24298.0,65350.0,37.2,True
2026-04-09 01:13:37.860083+02:00,0.0,11621.459604191941,3876.8845073387492,4319.4672304088635,6903.883507847931,5964.57985930849,4927.4936787403285,1724.5712648356691,22150.0,61488.0,36.0,True
2026-04-09 02:13:37.860083+02:00,0.0,15170.762087440124,3893.8203661717353,10656.332107914666,4254.024280463495,5472.933881760226,4509.964302713877,3335.3376874315327,26910.0,74203.0,36.3,True
2026-04-09 03:13:37.860083+02:00,0.0,9563.770305685986,6391.727678187571,6991.403968374753,5441.123058189821,4976.340253869285,4267.351974818099,2206.813188857168,22430.0,62269.0,36.0,True
2026-04-09 04:13:37.860083+02:00,0.0,9570.874355574073,7346.88455326489,6784.352214768751,5245.0020210163075,5714.313451907737,4514.7834619113755,2495.0623934464084,23928.0,65599.0,36.5,True
2026-04-09 05:13:37.860083+02:00,0.0,18396.86641478252,4454.910557276382,4469.224825940052,7192.575524385677,7625.330309075195,3814.4679855495738,2296.0514916012457,28962.0,77211.0,37.5,True
2026-04-09 06:13:37.860083+02:00,0.0,9256.029824206718,4318.802586180277,11481.88297319398,6457.118536508539,4638.324969536369,3745.86742695834,2311.5055146488744,19632.0,61842.0,31.7,True
2026-04-09 07:13:37.860083+02:00,3282.0,18331.56250454606,6000.286066227767,5421.038825580625,3057.1120689993186,7692.313019104876,3626.107447817009,2267.827025676237,33508.0,83186.0,40.3,True
2026-04-09 08:13:37.860083+02:00,9820.0,17312.956464269755,2286.1288606008493,8116.8989614113,3218.6702498374398,5740.278828923468,3937.356688615281,1448.9577176119674,34805.0,86686.0,40.2,True
2026-04-09 09:13:37.860083+02:00,13222.0,6370.966356047016,5446.306109495394,9825.240645080881,5868.364727103702,6035.371417088639,3788.99705164546,2183.764523780706,31012.0,83753.0,37.0,True
2026-04-09 10:13:37.860083+02:00,16428.0,11612.176738321725,6103.771943644308,8843.433866006195,4903.49352893125,4913.289188615273,4604.13737032607,1337.5693480748805,40086.0,98832.0,40.6,True
2026-04-09 11:13:37.860083+02:00,17110.0,20970.54701523686,6360.460416835258,7880.691376015617,4317.242324069354,5228.730583322519,3762.3382911589056,1912.8185817937328,50116.0,117659.0,42.6,True
2026-04-09 12:13:37.860083+02:00,20901.0,10094.17234430159,1126.4945949950702,4596.668283425168,6523.441825991706,5497.090349961981,3598.639141887542,1637.1912717183563,37357.0,91332.0,40.9,True
2026-04-09 13:13:37.860083+02:00,18598.0,12677.978688453062,3477.2894603821187,6380.550328465432,5281.189073133366,4954.305029122088,4971.288589415316,2178.735092924362,41903.0,100422.0,41.7,True
2026-04-09 14:13:37.860083+02:00,20085.0,17310.304466259484,3243.4734943530666,8375.600676085043,5078.686080334166,5791.082042629128,3774.3123844593283,2167.0631236691174,46580.0,112406.0,41.4,True
2026-04-09 15:13:37.860083+02:00,20210.0,18916.952546412977,5199.773908818426,6425.651860026008,6169.742961132574,5592.984108193229,4076.7642286251753,2240.5729453825934,50644.0,119476.0,42.4,True
2026-04-09 16:13:37.860083+02:00,14646.0,13742.305569777522,5961.489159535968,8406.718919997535,4437.336507584653,7850.781142435733,4225.661412371705,2143.6482863745437,40719.0,102133.0,39.9,True
2026-04-09 17:13:37.860083+02:00,11903.0,12012.449026541792,7993.420814891962,9363.486817630284,7352.778478208831,4834.025814319539,3431.6534405395923,1696.5873291068006,37037.0,95624.0,38.7,True
2026-04-09 18:13:37.860083+02:00,8777.0,22111.84930849254,4010.069039263854,9925.005771600203,3817.928565150488,6102.6905167485875,4617.741884751535,1869.4982553241603,41386.0,102618.0,40.3,True
2026-04-09 19:13:37.860083+02:00,3947.0,23694.498318987895,4004.8550033815723,5547.641284374633,5985.393599513132,6247.846281901825,4318.559520205614,2460.1980806272422,38425.0,94631.0,40.6,True
2026-04-09 20:13:37.860083+02:00,0.0,19894.290253908977,7299.344037757493,12393.292109957907,7150.749257989767,4929.679451348163,4779.192005940391,2533.9283386472,34507.0,93487.0,36.9,True
2026-04-09 21:13:37.860083+02:00,0.0,15426.59071282512,5593.15387706061,9534.958689108262,2934.05676609185,6686.827495452839,3660.3890313909496,1426.6084506867255,26107.0,71370.0,36.6,True
2026-04-09 22:13:37.860083+02:00,0.0,10958.671391795368,7535.303022375947,7996.5716926618725,4484.997236221327,5601.672987118372,4049.56289623808,1234.5361837436767,23778.0,65639.0,36.2,True
2026-04-09 23:13:37.860083+02:00,0.0,10847.777967217175,5577.456006019673,10179.07316615328,6713.3110893283365,3507.6103484169325,4019.6778774970976,1636.555308397644,22081.0,64562.0,34.2,True
2026-04-10 00:13:37.860083+02:00,0.0,17612.57052632879,2685.7667625734584,12730.815543999946,6735.866821596537,6659.849612104565,4131.944247175011,2522.6037910161253,26953.0,80032.0,33.7,True
2026-04-10 01:13:37.860083+02:00,0.0,17091.99110444342,2333.7432904443867,5122.559797886261,4742.756599417641,4883.059115897637,3272.6926257114196,2607.442015091517,25306.0,65360.0,38.7,True
2026-04-10 02:13:37.860083+02:00,0.0,22007.992964732148,1896.975501882142,7549.4747150172925,3897.9933594847107,4952.2250538609005,4055.4181893461114,1537.6440597994142,29498.0,75396.0,39.1,True
2026-04-10 03:13:37.860083+02:00,0.0,18252.250462680695,6324.103669516946,3243.136680253343,6433.903733496143,6687.9020828923985,3286.7680442881274,2153.654676868169,30017.0,76399.0,39.3,True
2026-04-10 04:13:37.860083+02:00,0.0,7484.59849120091,7377.193646174016,8385.30306529605,6775.323653872407,5652.83851758155,4179.167035598461,2917.215666570044,21958.0,64730.0,33.9,True
2026-04-10 05:13:37.860083+02:00,0.0,20259.73808861459,8698.724282772762,8730.788483850281,3253.004977231408,6917.7721505515,2935.67543774074,2207.655738620167,34102.0,87105.0,39.2,True
2026-04-10 06:13:37.860083+02:00,227.0,10009.696863427936,6686.21066464648,7921.675769114481,3194.1295265504295,7210.166095365319,3074.2065828547065,2710.7516426165466,22708.0,63742.0,35.6,True
2026-04-10 07:13:37.860083+02:00,5758.0,13080.143640238242,7325.677155069972,6690.93285800338,5337.885022975399,5355.071539677702,4409.274358219999,2499.3632850415493,33072.0,83528.0,39.6,True
2026-04-10 08:13:37.860083+02:00,7070.0,16251.001031258473,3839.9673346926306,3900.9709676233497,5944.040950143338,6793.26249595503,3726.5807724026085,1544.9006468860446,32432.0,81503.0,39.8,True
2026-04-10 09:13:37.860083+02:00,12654.0,24978.33744891982,2687.1683665122864,8747.067366823538,4551.396372154918,5244.539198607118,3506.0709631838795,1905.009288251461,45731.0,110005.0,41.6,True
2026-04-10 10:13:37.860083+02:00,15897.0,30549.592780026804,6700.158664835107,10910.868967830651,6018.940729973524,8233.115917132176,4635.422810537774,2017.377239145924,59800.0,144762.0,41.3,True
2026-04-10 11:13:37.860083+02:00,18801.0,18033.615295680913,5835.361504478801,6817.963088533136,3934.795089743927,5307.042995468785,4163.813108664208,2052.06669401067,48886.0,113832.0,42.9,True
2026-04-10 12:13:37.860083+02:00,18262.0,14084.016906398061,5214.888748681785,8880.11985804629,1827.959601389397,7026.087440960004,4436.045097766892,2458.1644767192856,44455.0,106644.0,41.7,True
2026-04-10 13:13:37.860083+02:00,18680.0,17672.52824240275,5774.74296126598,4863.711373159898,4364.148391501106,6843.790025881575,3916.8789638395847,2204.3423811377043,48248.0,112568.0,42.9,True
2026-04-10 14:13:37.860083+02:00,20020.0,19438.27712936918,5646.370964916412,8914.426127385028,5094.848219769652,6316.087822108934,5339.814346950001,531.8995281109424,50976.0,122278.0,41.7,True
2026-04-10 15:13:37.860083+02:00,18316.0,13396.661872214041,7567.6337197071225,7213.235404510686,4586.240060155315,5329.456838583317,3697.7430697201025,1343.579863453637,44322.0,105773.0,41.9,True
2026-04-10 16:13:37.860083+02:00,15887.0,23976.05677956161,7589.971169633912,6475.164098794171,3262.095104510772,5848.6025080585905,4872.247774679944,906.3095425119784,53232.0,122049.0,43.6,True
2026-04-10 17:13:37.860083+02:00,12816.0,16150.35379595701,6088.440704680694,6479.272717567739,2276.5265361817737,3846.411887055448,3969.316979950044,2087.682620327667,41112.0,94826.0,43.4,True
2026-04-10 18:13:37.860083+02:00,7998.0,17488.71544545697,6691.605745125857,7212.77683593398,4228.866793448153,6224.42003838225,3172.744802543627,2120.2438247338805,37471.0,92608.0,40.5,True
2026-04-10 19:13:37.860083+02:00,4683.0,18329.621260272306,6028.1251048495515,8764.86663138507,6346.483657474615,6349.615331028385,4241.424372874054,2141.612479305359,35424.0,92309.0,38.4,True
2026-04-10 20:13:37.860083+02:00,293.0,17107.93305307228,4077.6605359307623,5375.673597608964,6884.296159120524,6133.499419061372,4157.381280727582,1520.535866142692,27157.0,72707.0,37.4,True
2026-04-10 21:13:37.860083+02:00,0.0,19194.70250234806,6513.12934982628,7205.769336864294,6781.570076207683,3026.6938287074427,3474.339092880385,2337.0720025599944,31519.0,80052.0,39.4,True
2026-04-10 22:13:37.860083+02:00,0.0,11913.734067265385,2211.0098622814767,7917.056444001704,3776.1356972771705,4734.363554910189,3538.8903614326427,2358.1312482342646,20022.0,56471.0,35.5,True
2026-04-10 23:13:37.860083+02:00,0.0,12208.491230269847,7107.7831045917665,5801.921550936282,3269.4405145544542,5251.909017151337,3987.651178457504,1372.4254663974211,24676.0,63676.0,38.8,True
2026-04-11 00:13:37.860083+02:00,0.0,9499.228835141526,2610.95412046793,11593.330403350034,5744.951922469843,6291.658933189046,4174.873907623991,1266.9808992755638,17552.0,58734.0,29.9,True
2026-04-11 01:13:37.860083+02:00,0.0,17197.50615310113,5571.606573589466,6293.009039877317,5952.650017396888,6289.338905642984,2764.6683585602996,1999.9341568865311,27534.0,73603.0,37.4,True
2026-04-11 02:13:37.860083+02:00,0.0,18894.68251756057,3309.692083147682,6661.126172733019,5600.254407800746,5829.776208028821,4526.560726261901,2895.8911368066797,29627.0,77345.0,38.3,True
2026-04-11 03:13:37.860083+02:00,0.0,17288.86433075943,6106.777966148853,6043.384100355004,1978.9050886433552,6635.245536603957,3752.751013092511,2849.871371099321,29998.0,74654.0,40.2,True
2026-04-11 04:13:37.860083+02:00,0.0,23372.462166737685,4932.1495481441825,11596.960174276235,3699.6731226747997,4973.7576246971,3334.126257800912,2281.702180224026,33920.0,88111.0,38.5,True
2026-04-11 05:13:37.860083+02:00,0.0,14972.019905854768,1810.488083673335,9105.810457198962,4955.466814571032,6610.235005693996,4470.533275725966,1635.0016642099617,22888.0,66448.0,34.4,True
2026-04-11 06:13:37.860083+02:00,963.0,18343.708277962563,5841.399262036957,6126.815987512716,5730.82729194564,6474.742104839891,3988.191010290772,2443.4213297442925,31580.0,81492.0,38.8,True
2026-04-11 07:13:37.860083+02:00,4863.0,9541.495619303429,3844.158446334579,10212.463117719937,6150.96104390373,6377.554732837911,4608.082888391127,1773.7878675954794,24631.0,72003.0,34.2,True
2026-04-11 08:13:37.860083+02:00,9500.0,13064.501487627995,6762.293441626738,8401.397388577756,5216.38028342306,5817.959568914344,4218.976131489878,1616.2464816630948,35162.0,89760.0,39.2,True
2026-04-11 09:13:37.860083+02:00,14367.0,18477.688787828887,5002.651377468815,8514.506842223003,5496.175709807354,7830.743824831262,3999.242748525977,928.016584189003,42775.0,107391.0,39.8,True
2026-04-11 10:13:37.860083+02:00,15391.0,19245.51055371572,5790.841970776077,7311.045582495095,5127.298187541656,6493.195688489878,3923.635027509922,2051.1910991738264,46402.0,111736.0,41.5,True
2026-04-11 11:13:37.860083+02:00,17266.0,13530.165261679089,3084.862089969576,6501.168026086054,6028.429061327724,5031.664136746441,4241.356380278069,1685.0663254313124,39807.0,97176.0,41.0,True
2026-04-11 12:13:37.860083+02:00,18609.0,14642.003740709666,3821.3355371452762,8675.532198109202,5469.298477236366,6248.305475735984,3793.234370595335,2048.215189764252,42914.0,106221.0,40.4,True
2026-04-11 13:13:37.860083+02:00,19184.0,7410.631266595953,4082.722727797831,6909.825540008819,5098.606490070931,6752.483377074219,3573.71370562675,850.3211518814692,35101.0,88963.0,39.5,True
2026-04-11 14:13:37.860083+02:00,19421.0,13214.853995966952,6713.404960485112,11633.51125915021,4597.446801293929,5411.891401075691,4304.954561327322,2084.9133362918437,45739.0,113121.0,40.4,True
2026-04-11 15:13:37.860083+02:00,18361.0,19451.91581759893,8354.754175610979,5461.417789513792,5121.937137563722,7089.272246931099,3927.7560792777854,784.439418014186,50880.0,119432.0,42.6,True
2026-04-11 16:13:37.860083+02:00,15913.0,17876.025080532832,3389.6564965142475,11072.31354570989,5726.887068258912,6382.03370571601,4016.783824034503,2543.970126634276,43739.0,110660.0,39.5,True
2026-04-11 17:13:37.860083+02:00,13297.0,17503.32860690605,7153.69628931536,7777.362302404399,5401.213083347092,3657.521662334653,4544.689918077303,2260.945617067542,44760.0,106356.0,42.1,True
2026-04-11 18:13:37.860083+02:00,8691.0,15248.8684359048,660.6451645485959,8598.171468042212,5571.239627517881,6299.671977337926,3943.0616961321293,1860.667614287706,30404.0,81277.0,37.4,True
2026-04-11 19:13:37.860083+02:00,5904.0,15035.315793140882,2611.6211978154215,9666.315533258869,7014.082792026778,5593.970845587284,4007.516962770895,2281.3599300410397,29840.0,81954.0,36.4,True
2026-04-11 20:13:37.860083+02:00,0.0,11698.394302632765,3082.4430876264505,6739.501409991128,5397.745884119881,6537.179814541736,3700.175244274534,1510.9628686682238,19992.0,58658.0,34.1,True
2026-04-11 21:13:37.860083+02:00,0.0,18494.142101012672,2294.9826211185555,9728.496769397272,4026.5022192902634,6944.214840251814,4215.369966990926,2036.1877578074461,27041.0,74781.0,36.2,True
2026-04-11 22:13:37.860083+02:00,0.0,17104.86472194695,1832.8232204248402,2584.9122892376454,6325.410178991253,6195.162047141818,4174.913956340044,2397.387019230168,25510.0,66125.0,38.6,True
2026-04-11 23:13:37.860083+02:00,0.0,17460.094239963997,5825.997824275595,6560.020933556121,2950.702493496624,7665.252233944695,4450.387565895279,452.8553754543052,28189.0,73554.0,38.3,True
2026-04-12 00:13:37.860083+02:00,0.0,12369.825786662099,4571.864604544277,6151.874385317869,3377.8799288910695,5821.293115436504,3710.435581496562,1776.387820161238,22429.0,60209.0,37.3,True
2026-04-12 01:13:37.860083+02:00,0.0,4233.285400643777,5758.810795210219,5492.987975256477,5503.770897080103,6624.817823053875,3771.091515204907,1988.6779349318128,15752.0,49125.0,32.1,True
2026-04-12 02:13:37.860083+02:00,0.0,20485.763558768478,6380.945372243026,7570.090323842098,5774.595001679868,6804.942573637347,4396.068699572735,1901.8531911271168,33165.0,86479.0,38.4,True
2026-04-12 03:13:37.860083+02:00,0.0,12605.81271995798,5531.233986345067,8771.49993636339,3132.4231647440074,5902.654031107268,4126.106501681432,2728.5509131137023,24992.0,67790.0,36.9,True
2026-04-12 04:13:37.860083+02:00,0.0,10686.121179784397,6315.526352300747,9405.319996998613,4425.773778519875,6778.774307977782,3546.890936903653,1438.0494375385579,21987.0,64583.0,34.0,True
2026-04-12 05:13:37.860083+02:00,0.0,18467.39455956997,4860.935427515461,8481.753514400814,4090.874251670512,5405.327012837832,4653.277033867251,1689.4203782773855,29671.0,77320.0,38.4,True
2026-04-12 06:13:37.860083+02:00,0.0,13039.936800404352,2626.0132233885106,6668.613070212907,4269.985515677605,5577.431580978781,3150.7747157998747,1042.065486845776,19859.0,56234.0,35.3,True
2026-04-12 07:13:37.860083+02:00,2936.0,20299.68192023311,7115.628361641592,8738.032875650335,6415.396664409419,4687.511309663688,4392.142376631876,2755.1433256365726,37499.0,94839.0,39.5,True
2026-04-12 08:13:37.860083+02:00,8231.0,18085.029747883487,3821.775734437746,8248.571389701701,6059.758195320879,6241.409116370047,3367.393982000902,1876.8549286956,35382.0,91314.0,38.7,True
2026-04-12 09:13:37.860083+02:00,13326.0,18417.84661600239,3128.807402475148,9872.112335872032,4971.316730219439,6325.251675854344,4942.8942582427635,1780.7955559816464,41596.0,104361.0,39.9,True
2026-04-12 10:13:37.860083+02:00,15851.0,8170.221443997329,4644.164248391204,9553.873405863033,4181.0571093276085,7179.26315857923,3227.7001365471883,1973.758658844643,33867.0,88648.0,38.2,True
2026-04-12 11:13:37.860083+02:00,16774.0,21059.719926932004,3174.378161406974,8060.952827841258,2975.525494669789,6791.140004355883,4576.125325936374,2318.1179142151623,47902.0,113632.0,42.2,True
2026-04-12 12:13:37.860083+02:00,19672.0,16306.25265616928,4165.139236021136,6205.493987677486,7130.277408172923,5715.204443352567,3959.182819994378,2173.6817017580624,46276.0,111603.0,41.5,True
2026-04-12 13:13:37.860083+02:00,20385.0,13153.614303768984,5688.1078431269325,6694.099688335838,5888.170850427377,4821.820312665723,3816.698715080628,3323.942106778544,46367.0,110138.0,42.1,True
2026-04-12 14:13:37.860083+02:00,18615.0,15716.942336711256,5696.683478492254,6900.421280723933,3939.9963438902896,6432.850402519974,4092.6983282338806,2226.9679442018873,46348.0,109970.0,42.1,True
2026-04-12 15:13:37.860083+02:00,18173.0,6118.8238355083995,3204.339867148741,7369.467332167488,6079.399246437337,7110.753172414642,4315.950169578907,1767.3772854154595,33579.0,87718.0,38.3,True
2026-04-12 16:13:37.860083+02:00,15695.0,17043.264057403354,4024.589254102511,8536.100855179506,4894.664569138062,6755.184973803944,3547.7997488345654,1719.3216312380264,42030.0,104246.0,40.3,True
2026-04-12 17:13:37.860083+02:00,11327.0,9853.142459089642,7148.666009540488,9430.348780256118,4569.335742706486,7084.477524857288,3592.106137415714,1803.6205237915954,33725.0,88534.0,38.1,True
2026-04-12 18:13:37.860083+02:00,9035.0,8236.648570782327,5992.800235467882,7897.762613969245,5652.8172924344035,5788.110468801758,4324.802432556443,1249.081537685081,28838.0,77015.0,37.4,True
2026-04-12 19:13:37.860083+02:00,5011.0,7388.204068910544,9150.130078697082,8032.2495758009445,3887.7526251309127,5533.381031824354,3146.3285231752,2019.932103745793,26716.0,70885.0,37.7,True
2026-04-12 20:13:37.860083+02:00,1083.0,20563.441874949625,7360.256347483055,8286.612610000007,4484.365220734835,5263.098647768201,3707.8854534039574,2391.7340531044583,35106.0,88246.0,39.8,True
2026-04-12 21:13:37.860083+02:00,0.0,11853.683031536057,7288.586137119878,6968.18937373532,5182.191596299319,5944.103533386405,5520.34347707972,1693.318199688382,26356.0,70806.0,37.2,True
2026-04-12 22:13:37.860083+02:00,0.0,22668.638549582494,2224.2628990883964,6149.215484714088,4250.82321067218,5921.409204031181,3515.9935177053594,1596.3099718579442,30005.0,76332.0,39.3,True
2026-04-12 23:13:37.860083+02:00,0.0,12320.99268473851,6527.720703266845,4489.124205378581,6003.627815401286,6206.677628539116,4573.901395879876,2757.9725731471167,26181.0,69061.0,37.9,True
2026-04-13 00:13:37.860083+02:00,0.0,6463.2102120352665,4893.786396606179,6609.701283846255,7803.599755517391,5870.702542964492,3707.024615643094,1286.7584216894174,16351.0,52986.0,30.9,True
2026-04-13 01:13:37.860083+02:00,0.0,9417.377800256705,3898.036392923501,8946.290906535574,3868.552801089286,5866.372270273228,4254.522572398572,966.0908117613494,18536.0,55753.0,33.2,True
2026-04-13 02:13:37.860083+02:00,0.0,21179.058100034694,5336.030681065057,6594.177123920865,2502.3120555439336,5223.305947027856,4327.177845298109,1423.5490281763086,32266.0,78852.0,40.9,True
2026-04-13 03:13:37.860083+02:00,0.0,14220.509110316663,6890.423069222967,7524.385925148121,1997.3897487856075,6941.619013551491,4564.478367591474,1229.7836414378517,26905.0,70274.0,38.3,True
2026-04-13 04:13:37.860083+02:00,0.0,12258.563517546994,6001.663182008423,8932.862574824634,4774.297787757527,6076.518062243711,3899.8730865936122,2193.1130320522907,24353.0,68490.0,35.6,True
2026-04-13 05:13:37.860083+02:00,0.0,15800.09112926394,3243.0523973158797,9041.378992845337,4005.253114810726,5825.556065714718,4994.442319377426,1819.6477497752132,25857.0,70586.0,36.6,True
2026-04-13 06:13:37.860083+02:00,954.0,17508.913680837726,6484.917827185241,5840.934295667922,5311.790751600621,5252.5707467507955,3705.33171770741,1890.15647748808,30543.0,77492.0,39.4,True
2026-04-13 07:13:37.860083+02:00,5102.0,20586.994079512304,3724.824915848072,9994.118712907282,5198.896508039152,4668.086889608914,4117.11020679978,2576.4670884873867,36107.0,92075.0,39.2,True
2026-04-13 08:13:37.860083+02:00,8362.0,22242.49614946463,5433.366237928572,10254.700178710971,2595.1747300788556,7307.964192549343,4122.638466108804,1654.332569418612,41815.0,103788.0,40.3,True
2026-04-13 09:13:37.860083+02:00,13229.0,13201.156771054571,4393.299865045731,5740.30028556288,2277.674255777891,6554.638708131807,3439.0159400252924,2387.5447058728205,36650.0,87873.0,41.7,True
2026-04-13 10:13:37.860083+02:00,14864.0,8369.76156958981,4562.267496528749,6352.326260717692,5443.899860519143,4376.082157430033,3857.0638725104395,2755.6613996016013,34409.0,84990.0,40.5,True
2026-04-13 11:13:37.860083+02:00,17783.0,12932.67419438362,6532.485950081019,10382.181366292383,5203.143252079935,6763.142300709657,4080.7567496192037,1772.1687509931696,43101.0,108551.0,39.7,True
2026-04-13 12:13:37.860083+02:00,19013.0,16301.402532914432,2919.612560368204,7706.292957489398,4361.273002450173,6922.481170233109,3783.9394784352903,2368.5114277781568,44386.0,107763.0,41.2,True
2026-04-13 13:13:37.860083+02:00,20082.0,10181.205368946947,8890.390148553866,3560.4441050962987,2514.284622301543,6124.37612230093,5220.461982728268,1879.0910437355099,46253.0,104705.0,44.2,True
2026-04-13 14:13:37.860083+02:00,21813.0,10214.245425524787,1357.8278614110072,5200.636990534627,5707.086894147486,7598.110895751759,3580.6881632002346,2462.0490644203946,39428.0,97362.0,40.5,True
2026-04-13 15:13:37.860083+02:00,16152.0,16718.93940774943,3804.6646334902857,7501.260749655037,6907.849318135915,6216.719642122883,4589.7122340702135,1214.2554062118634,42480.0,105585.0,40.2,True
2026-04-13 16:13:37.860083+02:00,16323.0,14756.738242147745,5740.423779883482,5673.914699430796,5416.973660328384,4583.17647205081,4428.229906574394,1177.2438774373268,42426.0,100526.0,42.2,True
2026-04-13 17:13:37.860083+02:00,10857.0,15163.984977057933,6168.6283328706195,7173.152458727117,3728.789164152403,6365.169001048321,3993.0689327478644,1804.3661425462296,37987.0,93241.0,40.7,True
2026-04-13 18:13:37.860083+02:00,8206.0,11207.523326499653,4799.04855885659,8064.792427367158,5066.828248356727,6244.897301712729,3567.3954730738765,1555.5375954701146,29336.0,78048.0,37.6,True
2026-04-13 19:13:37.860083+02:00,5539.0,13847.996428971164,4885.218593996915,10924.509208069458,2950.828878599473,5396.7031512218455,3615.8723398041147,1741.6454452850573,29630.0,78532.0,37.7,True
2026-04-13 20:13:37.860083+02:00,64.0,10378.834278658478,5821.100170655233,7419.092167544422,6586.941070758188,6573.558836877425,3741.016350391745,1890.23670877643,21895.0,64370.0,34.0,True
2026-04-13 21:13:37.860083+02:00,0.0,19450.992055623934,4537.861045084639,10145.083599145517,5122.766501794308,4332.334733809138,3107.1293590268688,2360.006765918126,29456.0,78512.0,37.5,True
2026-04-13 22:13:37.860083+02:00,0.0,20176.246673618763,7786.362515869812,10857.52032407354,2347.7646323701524,6990.56682744279,3498.2672871003547,1796.1697107170326,33257.0,86710.0,38.4,True
2026-04-13 23:13:37.860083+02:00,0.0,5769.060688809532,6678.698228463205,10868.619338704153,4548.988459334476,5121.878296394548,3258.7617423181787,1588.0693446884566,17295.0,55129.0,31.4,True
2026-04-14 00:13:37.860083+02:00,0.0,10352.44569903795,6745.648702011269,8569.509186771136,5694.952265351346,5015.053874882968,4672.937501588858,1824.2433116205507,23595.0,66470.0,35.5,True
2026-04-14 01:13:37.860083+02:00,0.0,7517.3537245496045,3067.686553259166,4073.4217043220515,4500.428568536717,5886.175227692524,4309.2311961941095,1615.4273600966912,16510.0,47480.0,34.8,True
2026-04-14 02:13:37.860083+02:00,0.0,11749.88032796551,4841.223151188594,8921.64973080773,4586.156417839739,6432.972928043635,4392.987049432731,1532.997248968643,22517.0,64975.0,34.7,True
2026-04-14 03:13:37.860083+02:00,0.0,14582.810151048196,4399.068102558593,10096.799775627082,3163.3966894290925,6163.924063593429,4294.415975770974,1193.4915932115155,24470.0,68364.0,35.8,True
2026-04-14 04:13:37.860083+02:00,0.0,7751.773901507349,2988.7972486210683,7837.865789129166,5849.811480622484,5257.340834227622,4083.4838116670817,2034.7390581105394,16859.0,52663.0,32.0,True
2026-04-14 05:13:37.860083+02:00,0.0,10390.700934373435,5720.328367891534,11489.167740150497,4027.296199971294,5493.910708808112,4730.340166064569,1715.6471467014733,22557.0,66124.0,34.1,True
2026-04-14 06:13:37.860083+02:00,0.0,9980.213139592506,3924.708484440367,9719.667122934916,1765.3319344924512,4866.957652622538,3694.6186721341314,2483.139369617336,20083.0,56518.0,35.5,True
2026-04-14 07:13:37.860083+02:00,4637.0,16036.33664699472,6310.807659700474,9136.54675430557,4443.113943994409,5775.32009837013,4053.3348276835222,1276.3019539705297,32314.0,83983.0,38.5,True
2026-04-14 08:13:37.860083+02:00,8016.0,15346.721685181252,2859.6168742113364,10172.761422411677,6471.72457335553,7075.02121451091,4373.5294139120615,1728.9582224760607,32325.0,88369.0,36.6,True
2026-04-14 09:13:37.860083+02:00,13322.0,11391.312233313733,8438.081225683642,8666.739702521756,4419.605830100079,5995.737062356124,3339.3953840719355,2906.4536103293744,39397.0,97876.0,40.3,True
2026-04-14 10:13:37.860083+02:00,14844.0,15884.10436069699,3207.3346828158765,3014.379001209293,7606.977477685281,6859.414254759453,5548.294448071274,1530.1952414510752,41014.0,99509.0,41.2,True
2026-04-14 11:13:37.860083+02:00,17905.0,12266.599577063673,5438.604674400872,7001.722097059269,5643.4519228227755,7455.401337726192,4014.282881388793,1881.7333739519381,41506.0,103113.0,40.3,True
2026-04-14 12:13:37.860083+02:00,20004.0,13641.724448369734,6583.718620776135,10394.336054495707,5508.13724342055,5411.981480963033,4070.9947252877964,1392.0780085873157,45693.0,112700.0,40.5,True
2026-04-14 13:13:37.860083+02:00,20866.0,23367.260451492686,3858.7191395997743,6384.817319803408,4807.4026011235865,5813.426746944635,4628.439015837461,1325.7862436095095,54046.0,125098.0,43.2,True
2026-04-14 14:13:37.860083+02:00,18298.0,21702.30525895174,6704.937286865901,7553.054989526122,4897.570688353564,8171.192861062495,4457.477666505112,2773.655491543839,53936.0,128494.0,42.0,True
2026-04-14 15:13:37.860083+02:00,17685.0,8502.093815362012,2541.6328043991675,5910.327372193858,4604.864547320744,7444.343411979945,4019.0390096982296,2085.5197463185737,34833.0,87626.0,39.8,True
2026-04-14 16:13:37.860083+02:00,15162.0,19148.66208939587,7904.235398365121,11567.845190403537,4546.59591187621,4327.595474187648,4065.064719049021,2066.8394191188117,48347.0,117136.0,41.3,True
2026-04-14 17:13:37.860083+02:00,11816.0,19056.98277245796,5028.298529931517,11362.98491483603,5796.300743100723,6387.148316060907,3247.9257345260103,1151.8418824418889,40301.0,104148.0,38.7,True
2026-04-14 18:13:37.860083+02:00,10443.0,9258.683556236909,3807.1771840622405,6232.262209718541,3596.2531553141516,6000.559992339696,3721.767111075012,2179.3706940541515,29410.0,74649.0,39.4,True
2026-04-14 19:13:37.860083+02:00,4855.0,19093.888218774304,4401.636455145131,8294.596000778169,3386.1592569136105,6826.453110858763,4258.6051080794805,2578.710972996913,35188.0,88883.0,39.6,True
2026-04-14 20:13:37.860083+02:00,0.0,22689.659592062766,6617.838538785439,6639.011904471905,3315.2074236869335,5255.021232514945,4221.946419521443,2574.738530414265,36104.0,87417.0,41.3,True
2026-04-14 21:13:37.860083+02:00,0.0,9387.27596877793,3831.0894162991235,9229.889278062756,8068.481821515731,5160.391627959328,4610.582875002044,2334.1666148030804,20163.0,62785.0,32.1,True
2026-04-14 22:13:37.860083+02:00,0.0,10412.485894928683,3501.2846211544447,9019.366154484658,5795.51435250587,5323.929284706391,3939.749470888338,1435.257211202298,19289.0,58717.0,32.9,True
2026-04-14 23:13:37.860083+02:00,0.0,20088.307334217512,4556.926804832524,9623.41114322653,5456.738302520217,5428.071453801567,3306.3567432845666,2156.561708596496,30108.0,80724.0,37.3,True
2026-04-15 00:13:37.860083+02:00,0.0,16357.47655412824,2646.0757744600637,8663.836895415774,3413.727994559853,6815.324166809014,4528.365215387839,2333.792480238304,25866.0,70625.0,36.6,True
2026-04-15 01:13:37.860083+02:00,0.0,17757.381376197616,8641.087815883631,13870.812412776937,5935.0134510122425,4818.79882685112,4718.044673091008,1102.7782074555494,32219.0,89063.0,36.2,True
2026-04-15 02:13:37.860083+02:00,0.0,16702.946082002483,3867.2108175705534,5944.152469978522,4825.142980320007,5377.386100040681,4449.122286428114,1439.3602042591076,26459.0,69064.0,38.3,True
2026-04-15 03:13:37.860083+02:00,0.0,16953.47960464072,6663.233572360807,4578.793291126971,5321.253411697625,4210.987609498559,3918.183164571254,2444.078660871721,29979.0,74069.0,40.5,True
2026-04-15 04:13:37.860083+02:00,0.0,8367.639358444585,5418.9401672955455,7213.819598597077,3535.0695262046656,7007.117823412373,4522.19302593829,2438.022888335964,20747.0,59250.0,35.0,True
2026-04-15 05:13:37.860083+02:00,0.0,20236.588533107242,3030.931899036064,4864.023468879464,5240.403286126365,7271.03009943114,5714.455239004106,1225.708483189304,30208.0,77791.0,38.8,True
2026-04-15 06:13:37.860083+02:00,0.0,20847.949962138868,4988.090581574541,5015.075459988015,4364.249692690275,5672.926569136213,4057.5761572202377,2397.5107296345864,32291.0,79634.0,40.5,True
2026-04-15 07:13:37.860083+02:00,4391.0,13853.046279659862,6568.005558621496,5997.370691604066,3851.583264454718,5702.050635186777,3344.1316538774377,2047.6516995768088,30204.0,75959.0,39.8,True
2026-04-15 08:13:37.860083+02:00,5436.0,14782.615250930688,4623.477329827387,6155.622189136745,6101.159503710873,6453.221902282898,3706.8574752239238,2390.5044773035756,30939.0,80588.0,38.4,True
2026-04-15 09:13:37.860083+02:00,11445.0,7344.462487221389,7386.225891702055,6090.76379609988,2693.4382872049964,7474.482007378256,4312.738000152025,1682.7393382830292,32171.0,80601.0,39.9,True
2026-04-15 10:13:37.860083+02:00,15384.0,17571.273780089174,7043.0307855637275,9036.437900890824,5847.164396471226,6408.610747563917,3197.5978445509686,2322.591748240451,45518.0,112329.0,40.5,True
2026-04-15 11:13:37.860083+02:00,16772.0,17860.28720857072,6837.829709316658,6987.621877829328,6026.729200329494,5302.458057524886,4084.7015374560347,2421.914387242812,47977.0,114271.0,42.0,True
2026-04-15 12:13:37.860083+02:00,21131.0,14689.044915003446,4080.686455454006,7640.970850255039,3680.534486673139,4381.17742801356,4190.168325157942,1824.3325322721441,45915.0,107533.0,42.7,True
2026-04-15 13:13:37.860083+02:00,18570.0,20621.766799352514,2840.315104437026,9788.46554900187,3769.507308301299,4884.873737336512,4767.560869906326,2008.876273086643,48809.0,116060.0,42.1,True
2026-04-15 14:13:37.860083+02:00,19059.0,13329.613845100297,3772.824789274411,6467.354950437148,4665.461478100397,6073.219450312465,4655.09742802715,1675.7391852476733,42492.0,102190.0,41.6,True
2026-04-15 15:13:37.860083+02:00,18150.0,17823.029629468,5392.4818813334405,7470.908202590555,5423.054315693331,5344.6724767992055,4432.292395875886,2825.8194743429394,48624.0,115486.0,42.1,True
2026-04-15 16:13:37.860083+02:00,17078.0,9901.678306539423,6091.573427064711,8731.519972185832,4770.717512278662,6194.967705990759,2918.660494742735,1939.8640303371171,37930.0,95557.0,39.7,True
2026-04-15 17:13:37.860083+02:00,11034.0,14882.239245628809,656.8571904791052,4116.864398759557,5650.343690287819,5447.075983763766,4460.526564023962,1538.9878374114091,32573.0,80360.0,40.5,True
2026-04-15 18:13:37.860083+02:00,9841.0,14128.22871048582,4983.773596776499,3230.1889820988354,7644.469478806099,4941.853568705588,4352.756693030124,1642.087043062625,34948.0,85712.0,40.8,True
2026-04-15 19:13:37.860083+02:00,4461.0,16126.539610204709,5316.178450646369,8692.234657595445,4238.424846275429,4822.968368546929,4127.972188539174,2063.3853005710566,32095.0,81944.0,39.2,True
2026-04-15 20:13:37.860083+02:00,0.0,13152.365355833208,4444.911487368897,8984.028561133797,2427.230043944869,7562.35450937323,3134.8889369272574,2376.665585889106,23109.0,65191.0,35.4,True
2026-04-15 21:13:37.860083+02:00,0.0,14342.637021641662,7582.547678031758,12128.44026970482,6238.88537454598,6888.987749183643,3611.6130454064696,1332.086577424739,26869.0,78994.0,34.0,True
2026-04-15 22:13:37.860083+02:00,0.0,19130.23585720753,5843.560148501741,8316.18975173362,7524.971863891295,7730.517951827958,3416.5886152329667,2923.8300014712245,31314.0,86200.0,36.3,True
2026-04-15 23:13:37.860083+02:00,0.0,12816.178813808912,7620.383816161794,9639.47943451619,5589.1525445766865,6539.950900755103,2992.4957802464546,2154.337647027808,25583.0,72935.0,35.1,True
2026-04-16 00:13:37.860083+02:00,0.0,6967.1144963066035,4568.078959299535,7609.054712828052,3368.376986969498,5570.008591385161,3998.542424292603,2233.2279864847064,17767.0,52081.0,34.1,True
2026-04-16 01:13:37.860083+02:00,0.0,23747.919521027103,6874.95498501385,8594.454443170172,4814.1614551471985,7323.340922489938,3601.0889392786103,1951.4052280882818,36175.0,93082.0,38.9,True
2026-04-16 02:13:37.860083+02:00,0.0,21907.270393452432,8270.132789055038,11334.513683499068,3322.214773682552,5966.9319986382325,5312.652790134456,2009.6294836755628,37500.0,95623.0,39.2,True
2026-04-16 03:13:37.860083+02:00,0.0,8538.686524471907,7623.386898545323,3752.014363748729,5964.283240944422,6220.8417702903525,3915.6140302810454,1925.8584310362985,22004.0,59945.0,36.7,True
2026-04-16 04:13:37.860083+02:00,0.0,18448.53902622597,2815.7168131425337,8827.232515143362,2973.0643959523486,5957.175620924481,4646.876577932981,2508.89798451798,28420.0,74598.0,38.1,True
2026-04-16 05:13:37.860083+02:00,0.0,12485.126147243285,4492.647844915238,12271.173460154732,4549.8068197577,3053.0957807159857,3215.4504876533874,1996.0357062733149,22189.0,64252.0,34.5,True
2026-04-16 06:13:37.860083+02:00,2133.0,16317.436076655298,4309.670589100408,8564.068438418684,3493.4932605591403,7604.735012294853,3734.9552069975653,2383.525109246355,28879.0,77420.0,37.3,True
2026-04-16 07:13:37.860083+02:00,2498.0,16471.12064506747,5978.509070152655,11301.145926465695,5190.237027702443,6491.003945957754,4048.448938017157,1783.0762383237138,30779.0,84541.0,36.4,True
2026-04-16 08:13:37.860083+02:00,8526.0,13827.96099841839,6372.707110029066,6741.575700941115,4450.487484293363,6329.82306086851,3545.9230256961646,2097.820264156158,34370.0,86262.0,39.8,True
2026-04-16 09:13:37.860083+02:00,13058.0,11081.171672068018,3322.2146519485277,7935.905011672573,5265.143154875395,5938.223937729439,3788.899657597628,1598.0398278802895,32848.0,84836.0,38.7,True
2026-04-16 10:13:37.860083+02:00,15918.0,11547.294738418703,5135.677027833875,8067.049404777175,5033.525832449548,6163.427820386131,3891.0245468782305,2608.2641162747686,39100.0,97464.0,40.1,True
2026-04-16 11:13:37.860083+02:00,17397.0,10419.040422593787,960.1453356877273,3564.817841282458,3520.0114584138346,5402.721064153752,3883.0460072775527,1583.126379640442,34242.0,80972.0,42.3,True
2026-04-16 12:13:37.860083+02:00,19290.0,10840.888958847776,7883.89001160378,5663.6443442996,5940.315595293533,6616.579352307272,4927.559286517673,1837.510277869337,44780.0,107780.0,41.5,True
2026-04-16 13:13:37.860083+02:00,19507.0,14664.108549753224,3975.2515186466126,5806.249841232027,4926.851522235327,4692.901655600867,4189.113142715755,1842.5197937726275,44178.0,103782.0,42.6,True
2026-04-16 14:13:37.860083+02:00,18909.0,11421.20005444624,5111.727879688994,9644.132156065054,3517.206488201149,6186.068432470547,4239.755281470651,1823.0243061631159,41505.0,102357.0,40.5,True
2026-04-16 15:13:37.860083+02:00,18869.0,18410.260328563098,4380.700572023878,9744.30621136811,8361.38983430869,6561.573470571105,4269.827387172535,2361.2478847214684,48291.0,121249.0,39.8,True
2026-04-16 16:13:37.860083+02:00,15994.0,22436.230776679637,7292.05515002683,8648.072885413067,5714.645250075687,5801.330866177097,4306.313188668556,1841.671117631678,51870.0,123904.0,41.9,True
2026-04-16 17:13:37.860083+02:00,11777.0,12099.733793149786,0.0,9648.205793711411,4770.109169901042,6370.867792471025,3958.5565080625674,2696.9622652705366,30532.0,81853.0,37.3,True
2026-04-16 18:13:37.860083+02:00,9577.0,16197.022502676886,4966.779315348182,7671.701174556452,7122.806790052735,5008.66560776575,3839.626814260577,1590.762456934916,36171.0,92145.0,39.3,True
2026-04-16 19:13:37.860083+02:00,4758.0,17498.42555151467,4788.362485004604,10403.863339079086,7762.72341407991,5034.173229104036,4083.4080297591386,2084.6887349713534,33213.0,89627.0,37.1,True
2026-04-16 20:13:37.860083+02:00,813.0,17360.011354596372,4092.7272248166346,8017.576885264144,4781.975866529172,6236.717121026393,4578.401974456737,1612.1070053437002,28456.0,75949.0,37.5,True
2026-04-16 21:13:37.860083+02:00,0.0,15379.776339580438,8452.453091271265,8115.728094853513,5521.096229652143,6678.549654621052,4563.119094218192,2210.4863912657333,30606.0,81527.0,37.5,True
2026-04-16 22:13:37.860083+02:00,0.0,18713.41209179861,3225.3410822884575,7468.8147334751775,3517.9957729955886,4125.134344498289,3879.8007621557945,1992.025136511615,27811.0,70734.0,39.3,True
2026-04-16 23:13:37.860083+02:00,0.0,17411.244763403287,6543.592354471322,9368.900955272857,4779.210873847983,6522.020635110766,4383.921847334056,1922.4689776507607,30261.0,81192.0,37.3,True
2026-04-17 00:13:37.860083+02:00,0.0,8811.68788836351,5712.505577412167,7157.602366774174,4701.406169360195,5456.798499623663,3902.707668480166,2594.237483251762,21021.0,59358.0,35.4,True
2026-04-17 01:13:37.860083+02:00,0.0,19345.780321946368,7523.038505071032,9952.862754396136,5277.240550432481,5807.193912692587,4016.935274717622,1672.8290644724484,32559.0,86155.0,37.8,True
2026-04-17 02:13:37.860083+02:00,0.0,19436.45418633371,3665.6218304449894,5735.701718567987,5499.140717955515,4660.482076434962,3763.238309222901,2293.257578809,29159.0,74213.0,39.3,True
2026-04-17 03:13:37.860083+02:00,0.0,11183.569479107093,3534.062201752482,5802.167490543612,5839.74267324209,5148.382759813292,3909.1774305468834,1615.5200436626037,20242.0,57275.0,35.3,True
2026-04-17 04:13:37.860083+02:00,0.0,15189.68917723801,7192.139814954797,9374.853510253008,5356.463984449939,6966.125325530311,4670.66503477484,2056.342600080187,29109.0,79915.0,36.4,True
2026-04-17 05:13:37.860083+02:00,0.0,18416.644964055347,5850.6426166602205,7822.911570833975,3183.886060056253,6032.8633739802135,4046.210573669618,1402.2123358882773,29716.0,76471.0,38.9,True
2026-04-17 06:13:37.860083+02:00,547.0,13953.430902103191,1910.1253066464828,7092.217167693743,3592.2993413883723,5617.221598290442,4067.641254276159,1668.7414268466298,22147.0,60596.0,36.5,True
2026-04-17 07:13:37.860083+02:00,4248.0,20364.89023883006,3921.3899710734595,9780.115464950919,4180.388570804491,5883.511647368965,3276.3911103710207,1958.9284772135675,33770.0,87384.0,38.6,True
2026-04-17 08:13:37.860083+02:00,8460.0,26819.362473096804,5772.765307696121,6785.477171827831,4576.639112115156,6489.211824664301,3845.378046183635,2907.324583661539,47805.0,113461.0,42.1,True
2026-04-17 09:13:37.860083+02:00,13569.0,11070.069836825089,6675.528443093179,7599.59749139926,6576.16143570817,6440.494496163337,3879.342548127636,2050.401935229887,37244.0,95105.0,39.2,True
2026-04-17 10:13:37.860083+02:00,16462.0,8094.776984231125,3641.53869361409,10798.455900142319,3255.5915197206305,5924.972999603199,3585.4282572782977,2827.3341579333533,34611.0,89201.0,38.8,True
2026-04-17 11:13:37.860083+02:00,18833.0,16519.09297802438,0.0,11078.2846916213,4463.87742774395,7092.959110896669,4010.8327058517816,2110.161645845459,41473.0,105581.0,39.3,True
2026-04-17 12:13:37.860083+02:00,20804.0,18607.812525630718,6046.446371474067,11144.796420540653,6429.514247321074,6970.462636906666,3785.408854886173,1806.4578777625304,51050.0,126645.0,40.3,True
2026-04-17 13:13:37.860083+02:00,20021.0,13845.668130776156,2559.3586201120484,7435.748446132177,4550.183788255082,6413.372029130396,4039.997927621791,2769.678261300347,43236.0,104871.0,41.2,True
2026-04-17 14:13:37.860083+02:00,20181.0,22266.303316605172,965.3224037551772,10461.405809968941,5690.623474764236,6054.61178291007,4060.7515049094673,2218.5088110367096,49692.0,121591.0,40.9,True
2026-04-17 15:13:37.860083+02:00,17709.0,8306.971001383756,0.0,6102.094344462644,4790.686935608144,6657.321095119539,3522.122821088678,1678.639203058643,31217.0,79984.0,39.0,True
2026-04-17 16:13:37.860083+02:00,15961.0,18464.593115158055,6627.961720395482,6186.194250555878,5385.174885987084,6314.267421801183,3800.6491087584054,2235.2857297001487,47089.0,112064.0,42.0,True
2026-04-17 17:13:37.860083+02:00,12340.0,11970.695896205532,5257.234900809933,3299.088294751278,4657.291184285689,7060.8000718059475,4038.687141380417,1853.702625046195,35460.0,85938.0,41.3,True
2026-04-17 18:13:37.860083+02:00,8775.0,23596.889531036482,4548.687238575497,11345.73640379706,6000.598209092531,6899.561376738307,4592.149715578363,1005.482901914352,42518.0,109282.0,38.9,True
2026-04-17 19:13:37.860083+02:00,5046.0,24962.57676584059,7778.048725925523,6272.040301847844,2682.415388890347,4981.746098582272,4128.35958639787,2467.9865796328086,44383.0,102702.0,43.2,True
2026-04-17 20:13:37.860083+02:00,0.0,11166.71706108326,6274.649366046146,7746.93484050588,4455.031987417183,4914.036829258293,3669.0324100412863,2547.467027820964,23658.0,64432.0,36.7,True
2026-04-17 21:13:37.860083+02:00,0.0,12252.2143204571,8232.600085443833,6179.351316143432,5444.859015041462,5298.750455595924,4199.502379621927,2918.9710149961375,27603.0,72129.0,38.3,True
2026-04-17 22:13:37.860083+02:00,0.0,19297.93943489901,2214.529055666007,9390.330496660281,5800.54287200929,6976.138690066921,4853.77444466088,2211.0718460976314,28577.0,79321.0,36.0,True
2026-04-17 23:13:37.860083+02:00,0.0,13064.346751052428,4930.898752092073,7248.7326785653195,7239.428934130741,4423.691003228754,4458.35323629451,1875.6382879587338,24329.0,67570.0,36.0,True
2026-04-18 00:13:37.860083+02:00,0.0,14772.943910338809,1766.5732501039715,5390.366219134101,4413.462999701635,6394.757389107994,4273.76326521781,2417.494713689293,23231.0,62660.0,37.1,True
2026-04-18 01:13:37.860083+02:00,0.0,15126.942102712052,4541.235336289065,8883.325128372122,7219.222642791309,6362.543091092962,4362.79508774116,2424.9101826594533,26456.0,75377.0,35.1,True
2026-04-18 02:13:37.860083+02:00,0.0,5401.6342190117175,4502.768292466645,5132.539950379543,4011.4642600104944,7162.648058686193,4719.977020714316,2819.1405915682108,17444.0,51194.0,34.1,True
2026-04-18 03:13:37.860083+02:00,0.0,14930.811269528815,6253.227274526142,6325.188549369017,6992.969617316965,6180.338690663887,4537.81339700883,1977.686188466779,27700.0,74898.0,37.0,True
2026-04-18 04:13:37.860083+02:00,0.0,11551.361129679131,5091.127762283797,3786.2217707478385,6226.200690047559,4656.790609416099,4283.380190558829,1917.2105137162027,22843.0,60355.0,37.8,True
2026-04-18 05:13:37.860083+02:00,0.0,12534.38588800114,6246.814276559831,5152.083775604786,3629.812130551666,5040.645039351877,4534.3211097950425,1642.2277901207362,24958.0,63738.0,39.2,True
2026-04-18 06:13:37.860083+02:00,76.0,22218.16001734407,6406.880266277789,8357.058339440955,5460.558855877733,4818.004478102175,3459.1744518679698,2268.7310433626008,34429.0,87494.0,39.4,True
2026-04-18 07:13:37.860083+02:00,3773.0,8717.46552860372,9309.857354766284,4070.9279237941505,4923.146246701713,5462.05603366686,3248.8673738298594,1225.8691658845823,26275.0,67006.0,39.2,True
2026-04-18 08:13:37.860083+02:00,9653.0,19066.025933739886,4369.406689427751,5037.708550756568,5938.376890512501,5817.098432576073,4078.549325321915,2388.0436864312824,39555.0,95903.0,41.2,True
2026-04-18 09:13:37.860083+02:00,12323.0,13605.185348340958,3117.954598667242,7995.262167734384,4665.092617350036,4834.558473778943,4034.340354825269,2293.917560932895,35374.0,88243.0,40.1,True
2026-04-18 10:13:37.860083+02:00,14811.0,13601.199157520829,5492.167230632817,6912.786207813895,4539.130661507403,7470.661990652289,3728.0449732433713,2292.535101229186,39925.0,98773.0,40.4,True
2026-04-18 11:13:37.860083+02:00,17698.0,18951.859480258558,3395.439945720913,11984.073271918618,7053.641874144278,4674.718628047559,4412.926334913855,2069.11261825092,46527.0,116767.0,39.8,True
2026-04-18 12:13:37.860083+02:00,19911.0,16700.256472844452,7963.921536873072,11667.79309204875,4851.91865831649,7346.103423862481,3068.568206774382,2766.4891237655424,50410.0,124686.0,40.4,True
2026-04-18 13:13:37.860083+02:00,19436.0,17853.064986097655,4433.563922109535,6264.155074497693,6239.633486287649,7185.163031439341,3732.613871971098,2435.996732713432,47891.0,115471.0,41.5,True
2026-04-18 14:13:37.860083+02:00,18676.0,19840.923302664305,3868.847264252019,9114.275236806963,4661.972772433701,6898.302549689035,3757.5222275611927,1696.46140431215,47840.0,116354.0,41.1,True
2026-04-18 15:13:37.860083+02:00,18263.0,13343.458084083386,4057.368557697764,9498.565113758903,7499.9948888412855,5306.23339250325,3181.8491074502704,1705.4104751511766,40551.0,103407.0,39.2,True
2026-04-18 16:13:37.860083+02:00,15882.0,11938.816327461249,6436.834846943282,6805.042283951193,3982.49805599676,6342.450879176901,4747.365503634652,1560.1630932926817,40565.0,98260.0,41.3,True
2026-04-18 17:13:37.860083+02:00,11963.0,9574.24736721101,4684.50603353703,5008.916927003593,4078.784703129223,4722.628866449382,3320.3993656683388,2275.6416663877935,31818.0,77446.0,41.1,True
2026-04-18 18:13:37.860083+02:00,8207.0,10872.947350105223,3716.6663597392353,7975.403101383885,7286.775771673854,6910.90703503375,3705.829971346157,1499.9305393800216,28002.0,78177.0,35.8,True
2026-04-18 19:13:37.860083+02:00,4682.0,29745.472126543624,8330.703835247063,7654.308650371778,4332.5804136571205,5926.015218463731,4453.9898789025665,2541.6960717916763,49754.0,117421.0,42.4,True
2026-04-18 20:13:37.860083+02:00,0.0,21223.397903683934,3287.6603186764996,7128.471006058761,7401.611459246589,5590.679785413315,4323.022671714366,2661.4866541727715,31496.0,83112.0,37.9,True
2026-04-18 21:13:37.860083+02:00,0.0,8244.628168959895,5071.132148065987,8884.633736328971,6337.760869392219,4776.255153343731,3445.912651757627,1560.4918655247743,18322.0,56643.0,32.3,True
2026-04-18 22:13:37.860083+02:00,0.0,8387.71021628215,6304.612303220461,6498.540785988803,4768.02544015875,3522.493881370983,4341.2446046303185,1907.2257327035732,20941.0,56671.0,37.0,True
2026-04-18 23:13:37.860083+02:00,0.0,17409.330308592456,1737.3297791658533,5696.004904841714,2280.059791974262,4961.459142964244,4144.89223932911,2008.3104906812068,25300.0,63537.0,39.8,True
2026-04-19 00:13:37.860083+02:00,0.0,17736.323986889834,5960.52100281185,8218.165940699664,4971.022543592247,7112.798195612906,5166.517781055733,2441.9915802348337,31305.0,82912.0,37.8,True
2026-04-19 01:13:37.860083+02:00,0.0,17744.419176586824,2889.784649039101,8771.940185137752,5152.445080300137,5597.166571525196,4201.970208034152,2804.6716878049383,27641.0,74803.0,37.0,True
2026-04-19 02:13:37.860083+02:00,0.0,13725.221032231511,6645.565561668005,5646.710112199894,6750.826599956559,5830.671142884953,3929.379089465734,1157.2538035657112,25457.0,69143.0,36.8,True
2026-04-19 03:13:37.860083+02:00,0.0,14372.728699985499,3074.6979761620473,9856.181221982162,7382.670764360168,6655.554358288453,3571.7490214402887,1840.9096412366584,22860.0,69614.0,32.8,True
2026-04-19 04:13:37.860083+02:00,0.0,16639.397620796786,6385.538063697721,4459.037724447844,3972.5192312843783,7805.668878116265,3627.8783165222144,1866.9916522198264,28520.0,73277.0,38.9,True
2026-04-19 05:13:37.860083+02:00,0.0,15429.465031466652,7211.666132589426,6843.773082568713,6201.772645982274,7325.004654945638,3587.115452265921,1299.665072556726,27528.0,75426.0,36.5,True
2026-04-19 06:13:37.860083+02:00,0.0,3903.498136262324,6722.873051265609,7483.982927604782,6148.1032340200245,5027.664996183812,4685.549406955961,1757.4449903479692,17069.0,52798.0,32.3,True
2026-04-19 07:13:37.860083+02:00,4162.0,13851.001847124031,5502.633296476205,6727.55257469614,6610.119053615668,4057.429428562594,4008.9849575082353,2213.8844721753057,29739.0,76873.0,38.7,True
2026-04-19 08:13:37.860083+02:00,9000.0,10742.96782869843,4537.398114140601,6869.879052897615,5748.034868203316,8359.614259100104,4282.623561987365,1860.6605485802215,30424.0,81825.0,37.2,True
2026-04-19 09:13:37.860083+02:00,11643.0,15876.05709454256,3847.160847330312,11742.148964616228,2086.253463557345,8268.991611659454,4757.123799990443,1227.689415696293,37351.0,96799.0,38.6,True
2026-04-19 10:13:37.860083+02:00,16156.0,29926.29501301705,7942.069381634208,6298.2318219222025,4766.86635120836,6188.453596429283,2820.767928896267,3437.041349004957,60282.0,137818.0,43.7,True
2026-04-19 11:13:37.860083+02:00,19552.0,16837.408327371522,3601.0095596647134,12882.443444943827,3266.438637624627,4729.5117544181785,4639.436882350187,2133.08893260209,46763.0,114404.0,40.9,True
2026-04-19 12:13:37.860083+02:00,19390.0,13432.35156913801,2925.8678528600076,8874.253559462104,4696.091340622889,6963.22653389394,4027.698455891667,2055.8470650533377,41832.0,104197.0,40.1,True
2026-04-19 13:13:37.860083+02:00,20402.0,19609.00750988626,6330.73787006566,8184.110274623984,6470.006354200841,5892.016313987389,4217.524185820223,1451.0368184664767,52010.0,124566.0,41.8,True
2026-04-19 14:13:37.860083+02:00,20189.0,17413.439436046065,3407.726393627009,8952.480706775332,5457.726253812459,5887.0188768933895,3585.7983891258746,2130.3530809856375,46726.0,113750.0,41.1,True
2026-04-19 15:13:37.860083+02:00,17618.0,17100.472452259208,3099.873005067746,13059.855498503905,6722.136299596149,6894.458843105129,3622.437800775741,1917.8931079792528,43359.0,113394.0,38.2,True
2026-04-19 16:13:37.860083+02:00,15861.0,18034.252966078355,2112.79147566047,6012.813992137104,5512.6308810703085,6334.374746873298,4244.422944906494,1055.7382936422969,41308.0,100476.0,41.1,True
2026-04-19 17:13:37.860083+02:00,12482.0,25282.71782414771,4034.180321078965,5759.164162127221,3052.511090496646,4814.185088985055,5192.298900165735,1464.8722799927918,48456.0,110538.0,43.8,True
2026-04-19 18:13:37.860083+02:00,8775.0,9345.557823370422,4834.569952207014,6490.267606856158,1218.7294901408982,5675.258064918026,4501.656656407451,2397.4630088369727,29854.0,73093.0,40.8,True
2026-04-19 19:13:37.860083+02:00,3677.0,17368.16038405727,5486.183455321398,8064.286293929122,5223.213142519386,6661.152928661347,4632.76146070927,2972.008825000221,34136.0,88221.0,38.7,True
2026-04-19 20:13:37.860083+02:00,25.0,10368.094350092308,6902.612488598967,4548.457750374853,4679.110300473252,6510.252222405019,3903.9993648692903,2183.582702521522,23383.0,62504.0,37.4,True
2026-04-19 21:13:37.860083+02:00,0.0,17777.56323171124,6053.7958473315875,8044.678478637216,3534.581390927177,6262.016574358476,3699.897887707186,2551.541639146684,30083.0,78007.0,38.6,True
2026-04-19 22:13:37.860083+02:00,0.0,10406.567442569529,4618.25556089364,11387.094266827344,2449.0591255229333,6933.422954475865,3609.5975242105033,1922.122345708395,20557.0,61883.0,33.2,True
2026-04-19 23:13:37.860083+02:00,0.0,12913.165931974578,4603.6086472405605,8302.814781249555,3897.8851797909365,5638.283012182736,3755.863137651656,1956.7269196596985,23229.0,64297.0,36.1,True
2026-04-20 00:13:37.860083+02:00,0.0,13524.550428810468,6020.314937830367,7414.629082049446,4708.262772702836,6178.669775219072,2973.6087834147374,2545.4895138097327,25064.0,68430.0,36.6,True
2026-04-20 01:13:37.860083+02:00,0.0,19879.083596723547,7545.140325857139,6763.6791026327455,5998.816735559585,2624.4208998224,3637.540328554199,2831.3886445897347,33893.0,83173.0,40.8,True
2026-04-20 02:13:37.860083+02:00,0.0,19592.272219712067,5252.628398966401,9797.023409103129,5282.94662235197,5550.349806157186,3719.8234219700785,2650.548346732811,31215.0,83061.0,37.6,True
2026-04-20 03:13:37.860083+02:00,0.0,8771.413117768077,4061.7382915791823,6348.334453523905,7412.100870759094,6763.902908575645,3912.3209128025796,1466.8184623075904,18212.0,56949.0,32.0,True
2026-04-20 04:13:37.860083+02:00,0.0,15274.670554999244,3014.267997828909,11692.791841198496,3446.5939159319087,5609.605532882857,4065.8750548736457,1966.5205548423771,24321.0,69391.0,35.0,True
2026-04-20 05:13:37.860083+02:00,0.0,11452.100726254137,2109.589471175549,11866.719495428715,6321.5883380861505,5533.772608282888,4181.225434312805,2138.7623422381475,19882.0,63486.0,31.3,True
2026-04-20 06:13:37.860083+02:00,0.0,8707.475446623328,6332.539344087047,8513.501597323575,5070.948114693092,4958.547048225181,3992.53731377852,1870.1610182462355,20903.0,60349.0,34.6,True
2026-04-20 07:13:37.860083+02:00,3851.0,13914.914747878149,6155.957047279115,7976.96982384671,6042.003686177877,7003.365892729145,3709.2784568286215,2193.9287717077978,29825.0,80672.0,37.0,True
2026-04-20 08:13:37.860083+02:00,6554.0,13457.586057720902,6154.727050213323,10061.319616483119,4345.2277051016845,6548.46327354057,3018.3206783672395,2410.2884058344735,31595.0,84145.0,37.5,True
2026-04-20 09:13:37.860083+02:00,11944.0,27133.582431727613,4742.681107295888,10189.59700445465,6607.520560835885,6825.4145978230845,3712.3456957991034,2501.40487597757,50034.0,123691.0,40.5,True
2026-04-20 10:13:37.860083+02:00,14877.0,17164.799126803482,7813.869491783502,6388.016537881169,5442.837137517864,4273.786038042111,3513.7746811564975,2842.9350761107617,46212.0,108529.0,42.6,True
2026-04-20 11:13:37.860083+02:00,18170.0,8111.912496228813,4031.7630108303647,6946.889733726596,3980.832522623376,5839.549956734366,4233.0333741393015,1835.2794476375827,36382.0,89531.0,40.6,True
2026-04-20 12:13:37.860083+02:00,19840.0,12176.12997914529,6910.538474414411,5355.305130633409,4981.963956630218,5719.888992249994,4454.643698346847,1317.983417580343,44699.0,105455.0,42.4,True
2026-04-20 13:13:37.860083+02:00,21876.0,20106.91647714699,4922.514210020914,8818.129876668114,4640.666211594351,5719.428293401447,4469.28553352997,2179.1172970072266,53554.0,126286.0,42.4,True
2026-04-20 14:13:37.860083+02:00,20449.0,25442.213864349626,3783.298470641325,9333.255766913782,5733.76752595669,5383.972456282044,4378.47636806391,2941.905515592401,56995.0,134441.0,42.4,True
2026-04-20 15:13:37.860083+02:00,17442.0,7070.0834388102085,6185.060614635522,5300.148724277455,3230.334875938237,5653.895728219984,3933.237132273756,1761.5120700229704,36392.0,86968.0,41.8,True
2026-04-20 16:13:37.860083+02:00,14738.0,5600.3780743047755,5819.272237367987,7089.602190367682,4955.9724468264585,6849.644782706651,3739.0222172620515,2343.4234885318597,32240.0,83375.0,38.7,True
2026-04-20 17:13:37.860083+02:00,12962.0,24354.82587685891,5713.945518533852,5305.492164837302,5592.960878973996,4087.148646652171,3626.448623166467,2347.872896236321,49005.0,112996.0,43.4,True
2026-04-20 18:13:37.860083+02:00,7357.0,16948.07088685452,5162.556844112398,6202.400379512324,5049.53496078955,7777.294768030453,3246.250541699125,2095.7210236723045,34810.0,88649.0,39.3,True
2026-04-20 19:13:37.860083+02:00,6282.0,10658.536340618168,4924.213836566339,9102.0341204526,7020.411866583494,6483.841125026462,4495.926850253929,2003.4623605218571,28364.0,79334.0,35.8,True
2026-04-20 20:13:37.860083+02:00,1179.0,17673.145430612178,9776.743985740877,6533.035866643441,6161.034161106579,5957.6681043397875,3912.6444810350126,1538.2853971393038,34080.0,86812.0,39.3,True
2026-04-20 21:13:37.860083+02:00,0.0,1821.2613049156116,7368.513290392346,7398.348087935403,4988.77880488888,6906.834146372927,3376.829853189563,859.1689637897114,13426.0,46146.0,29.1,True
2026-04-20 22:13:37.860083+02:00,0.0,15016.877532985805,6445.653789971024,4745.376544105369,5325.033646246509,4548.165254831565,3586.7543121448825,1444.0746466679857,26493.0,67605.0,39.2,True
2026-04-20 23:13:37.860083+02:00,0.0,16639.105864215428,5223.598316406777,8373.980419449328,5443.498327222999,5335.299094848986,3566.513271783724,1804.8479254441504,27234.0,73621.0,37.0,True
2026-04-21 00:13:37.860083+02:00,0.0,19621.350697689148,7014.314401193338,7911.453360310702,5604.949406250236,5878.924567609446,4021.5122425075633,2548.7113437113535,33206.0,85807.0,38.7,True
2026-04-21 01:13:37.860083+02:00,0.0,9930.520238537312,6035.989552782904,6542.081499933675,2261.513006503088,7365.5603704321775,4533.733925535343,1948.435968824312,22449.0,61067.0,36.8,True
2026-04-21 02:13:37.860083+02:00,0.0,15428.435807016795,5052.409505548071,7621.971404635052,4547.710556345979,5953.503418873442,3826.0052252022083,1740.4871405409258,26047.0,70218.0,37.1,True
2026-04-21 03:13:37.860083+02:00,0.0,10372.876869702064,4392.87134946817,8360.58976100689,2773.3413977098608,6450.054671185147,2873.7332426081757,1554.5072790232848,19194.0,55972.0,34.3,True
2026-04-21 04:13:37.860083+02:00,0.0,16276.918778371586,4838.165324674624,6370.263702181312,6917.4214211892295,5410.421004063872,3905.4098324205397,2328.40291425474,27349.0,73396.0,37.3,True
2026-04-21 05:13:37.860083+02:00,0.0,10523.268388184879,0.0,5047.474911996442,4908.725719995608,6486.842068967491,3921.903049951402,2679.1785832153028,17124.0,50691.0,33.8,True
2026-04-21 06:13:37.860083+02:00,0.0,12959.495804198898,5421.201678595284,11611.14886537363,4709.9885754805655,7677.239592974457,3887.5398845322393,2531.7178609337298,24800.0,73598.0,33.7,True
2026-04-21 07:13:37.860083+02:00,5073.0,10020.923026048855,4023.0478397792804,6733.454590579455,6345.195998049852,6995.526691674114,3686.2694167621494,2303.0748498792345,25106.0,70286.0,35.7,True
2026-04-21 08:13:37.860083+02:00,7610.0,18255.681209118284,8185.339996565768,7806.479793626221,5633.487196174812,5918.544012222121,4108.719540362921,1262.19362680853,39422.0,98202.0,40.1,True
2026-04-21 09:13:37.860083+02:00,12327.0,19292.255583283328,5038.688141623508,10021.679470040628,3307.0482284311893,6675.49084726547,4033.070557574501,1824.1628785781143,42515.0,105034.0,40.5,True
2026-04-21 10:13:37.860083+02:00,15757.0,13826.897150212932,2622.073160930076,15058.110375140968,4893.641956208947,6577.516954607212,3987.5848429366765,2973.6521144448375,39167.0,104863.0,37.4,True
2026-04-21 11:13:37.860083+02:00,18534.0,15191.189974800141,4900.2396917437645,5511.027100222269,4497.249540160423,6506.587671697276,4206.320680721483,2560.9752459576125,45393.0,107301.0,42.3,True
2026-04-21 12:13:37.860083+02:00,20210.0,7757.04292683228,2907.7578298749913,8899.65442745302,2383.200667090919,7111.953360860409,3785.083588426073,1231.2483908826375,35891.0,90177.0,39.8,True
2026-04-21 13:13:37.860083+02:00,18875.0,13501.616759966064,5946.814831424933,6584.8954294117875,3964.585650144193,7104.477703837467,3756.7071651496735,1972.2047384003642,44052.0,105758.0,41.7,True
2026-04-21 14:13:37.860083+02:00,17964.0,14748.976914791276,5581.894728678971,6922.419390846579,4724.689516975302,5872.841403125116,4690.0616447927,2181.5492163305194,45166.0,107852.0,41.9,True
2026-04-21 15:13:37.860083+02:00,19297.0,28103.965455149875,6915.679262216536,6559.575957986421,4827.573602762236,6641.879061477769,4279.677704857718,1618.92076848689,60215.0,138459.0,43.5,True
2026-04-21 16:13:37.860083+02:00,15969.0,9440.164871129182,3418.236416610869,5748.69006439883,2776.652864484037,5616.905078840206,4413.473030471399,845.3979892955756,34086.0,82315.0,41.4,True
2026-04-21 17:13:37.860083+02:00,11721.0,22320.886193762188,5068.0161924562935,7917.417276430677,6727.498374571213,5076.927603684422,4613.052292667035,2049.412022508216,45772.0,111266.0,41.1,True
2026-04-21 18:13:37.860083+02:00,10229.0,19984.29386732904,2269.9564091467296,5050.994625903529,4846.845411662842,5730.506244296013,4262.9720903124,1606.1208711897802,38352.0,92333.0,41.5,True
2026-04-21 19:13:37.860083+02:00,4566.0,16403.18202245068,6402.989563849429,9893.61513302374,5056.329614990845,5923.721848260418,4464.1943395680855,1608.0791304576578,33444.0,87762.0,38.1,True
2026-04-21 20:13:37.860083+02:00,1179.0,23793.102420975665,6037.742360880244,8110.005872066749,5600.962457509755,4338.419010822008,3210.32741896487,1822.659820034621,36043.0,90135.0,40.0,True
2026-04-21 21:13:37.860083+02:00,0.0,16860.527363034314,5991.610042055142,8844.86994580288,3817.885619144493,6860.33255941672,4102.076935998013,1933.1620426725942,28887.0,77297.0,37.4,True
2026-04-21 22:13:37.860083+02:00,0.0,16945.795978339644,5003.238062713882,7067.622776107554,5684.533959699044,3232.674577397602,3908.6407690928363,1995.4586029521568,27853.0,71691.0,38.9,True
2026-04-21 23:13:37.860083+02:00,0.0,14734.396734912274,5829.545781577582,7265.592131576504,4449.388030972726,8714.816939486322,4838.842045449905,1558.0050505389993,26961.0,74352.0,36.3,True
2026-04-22 00:13:37.860083+02:00,0.0,21117.844412093138,8208.678216617192,8575.127810334656,3655.1216890292126,7501.879133796319,4463.82276590165,1889.8952351829612,35680.0,91092.0,39.2,True
2026-04-22 01:13:37.860083+02:00,0.0,20482.346169054417,4429.811485915972,5671.898735188349,5860.171240033098,5738.991275827686,3684.77740460341,1121.2883147986224,29718.0,76707.0,38.7,True
2026-04-22 02:13:37.860083+02:00,0.0,11871.613562518938,5277.290367420169,7284.019131173329,7237.510788202711,6009.426360563773,4186.397079264603,2155.519532684039,23491.0,67513.0,34.8,True
2026-04-22 03:13:37.860083+02:00,0.0,8403.764027006164,2827.7474016371802,6280.772972243092,6087.244060228748,6302.971873587283,4083.84066672462,571.8622933294214,15887.0,50445.0,31.5,True
2026-04-22 04:13:37.860083+02:00,0.0,13985.096813021715,3263.478076803335,6218.862378817971,6384.466347710646,5410.839612011058,4227.165716576114,1855.2549597831903,23331.0,64676.0,36.1,True
2026-04-22 05:13:37.860083+02:00,0.0,10999.807178011768,5195.626586186615,3780.323518748717,4219.054090156552,6192.619147586936,3490.578765312674,2459.593076838477,22146.0,58484.0,37.9,True
2026-04-22 06:13:37.860083+02:00,1058.0,14682.377126923224,7207.867093403815,10678.65317896,2603.5704062473155,5856.000022298339,4180.008232619112,1470.3296563625868,28599.0,76336.0,37.5,True
2026-04-22 07:13:37.860083+02:00,2692.0,21187.190673420697,4487.438351496855,6626.922493692462,7235.206283149762,5905.727282769034,3885.924325355883,2358.2151018287,34611.0,88990.0,38.9,True
2026-04-22 08:13:37.860083+02:00,7494.0,12713.49172456605,4528.166941375752,10326.7521103271,8081.77233410714,6181.461063480639,4141.2248820278,2577.8663560604464,31455.0,87500.0,35.9,True
2026-04-22 09:13:37.860083+02:00,10431.0,14785.883093442126,4186.22951099125,10137.584642788584,7314.210160654523,4686.4722016460055,3637.8074174389153,346.05002375130584,33387.0,88912.0,37.6,True
2026-04-22 10:13:37.860083+02:00,15367.0,15290.113674041977,3930.4866583113535,5428.000586967013,4496.321091530375,6039.569724133648,3707.4684143017002,1924.318548212129,40219.0,96402.0,41.7,True
2026-04-22 11:13:37.860083+02:00,18737.0,19242.154411026422,5589.942911417643,5823.177528654309,3268.048491906734,6163.447746617478,4586.921010183351,562.1132861858625,48718.0,112691.0,43.2,True
2026-04-22 12:13:37.860083+02:00,21001.0,3765.553330076973,2005.4847096427106,13121.005918711367,3401.4759532706503,6128.849621355915,3474.2262208299194,1940.895777214527,32187.0,87025.0,37.0,True
2026-04-22 13:13:37.860083+02:00,20074.0,11966.498526173516,7561.879153333455,11501.851883854288,2474.401148578927,5784.1692445638455,3511.1227994789756,1996.4143945093365,45110.0,109980.0,41.0,True
2026-04-22 14:13:37.860083+02:00,21127.0,16056.418461397363,3669.1554037410788,7936.962973343791,4838.932072384932,7137.857775969372,3974.209371392211,758.7280070445809,45586.0,111085.0,41.0,True
2026-04-22 15:13:37.860083+02:00,16639.0,21000.394782134306,6443.806970876283,8514.7462128347,7408.516937123682,5646.347445118448,3614.054812407023,2962.4191810399325,50660.0,122889.0,41.2,True
2026-04-22 16:13:37.860083+02:00,13933.0,12540.487762468974,2460.0028052122484,6738.307194105622,4787.506052191635,6227.32590682319,3557.4856838686005,2143.0079038173126,34634.0,87021.0,39.8,True
2026-04-22 17:13:37.860083+02:00,12414.0,5617.2364697906305,6337.680261092436,8864.70542840068,5453.484350522413,7297.297533925545,4052.5379856041477,1575.4882839589823,29997.0,81609.0,36.8,True
2026-04-22 18:13:37.860083+02:00,9062.0,18098.55722983068,6343.889215628995,6565.6361985550575,7063.395446456312,5920.623859979688,3247.4670715481475,2732.689713749259,39485.0,98519.0,40.1,True
2026-04-22 19:13:37.860083+02:00,4418.0,11823.188055871853,5768.404144011793,3935.2924714032306,4393.857032251401,6214.463267467551,3496.018882543181,1102.1933896788416,26608.0,67759.0,39.3,True
2026-04-22 20:13:37.860083+02:00,0.0,9051.666704548194,3011.1429564004156,5356.888426977898,8053.297185079392,5903.615363685103,5027.047791461821,1385.4144832408415,18475.0,56264.0,32.8,True
2026-04-22 21:13:37.860083+02:00,0.0,11878.27305143388,5499.096379196154,8042.185495701175,7988.14161124618,7237.369793563599,4229.737529484504,850.2722381650508,22457.0,68182.0,32.9,True
2026-04-22 22:13:37.860083+02:00,0.0,14077.373211720753,2633.887630531222,5737.865528994825,4803.332991979276,5742.275438413705,3626.7183238650446,2900.522598269667,23239.0,62761.0,37.0,True
2026-04-22 23:13:37.860083+02:00,0.0,11976.276677308935,4494.473489807629,7865.445070172931,4133.698603971181,7283.354577288205,4209.107539133099,2166.173185736002,22846.0,64975.0,35.2,True
2026-04-23 00:13:37.860083+02:00,0.0,3972.1697145046546,7058.826201910651,5850.677921134274,6045.85706958547,5896.412105352935,4283.665238493315,2329.700894924247,17644.0,53081.0,33.2,True
2026-04-23 01:13:37.860083+02:00,0.0,19485.330984435663,6593.403854141484,6435.292154996013,4478.712586221713,5140.540276551983,4497.20721004512,2150.500616959238,32726.0,81507.0,40.2,True
2026-04-23 02:13:37.860083+02:00,0.0,21374.37520639361,5030.365885080866,9706.330612826383,3265.1671743989955,6679.373170574121,3936.4219852716346,2286.883880572292,32628.0,84907.0,38.4,True
2026-04-23 03:13:37.860083+02:00,0.0,18257.609956697528,3050.386848154316,8494.961095280209,6921.857980284471,5695.332166244344,4488.248851386445,2039.0388569479946,27835.0,76782.0,36.3,True
2026-04-23 04:13:37.860083+02:00,0.0,9311.571647875917,6291.1754243483865,7980.6711573733055,6824.67108091562,6620.500899099163,2980.7767375589137,2135.4606713537205,20719.0,62864.0,33.0,True
2026-04-23 05:13:37.860083+02:00,0.0,13992.54233026241,5038.762475396051,9757.927946141303,5233.267405645342,3270.595615076266,3471.8459347621233,2053.8017181114756,24557.0,67376.0,36.4,True
2026-04-23 06:13:37.860083+02:00,0.0,14967.393423852709,359.3688035391533,8961.217186694696,3105.7028694077335,6005.2052618949465,4081.9357008682277,1695.704097215361,21104.0,60281.0,35.0,True
2026-04-23 07:13:37.860083+02:00,4954.0,17993.97194780955,6565.259652633036,10893.126582502735,3155.710623173921,5540.39470124252,4164.816766403896,1976.6876173926655,35655.0,90899.0,39.2,True
2026-04-23 08:13:37.860083+02:00,8147.0,18341.702443590402,4951.534332260616,7080.281475369719,5160.843932628729,4936.741313468722,3544.1088561656793,2136.7972866308387,37121.0,91420.0,40.6,True
2026-04-23 09:13:37.860083+02:00,11677.0,11329.131006107522,7404.902495966145,7140.730042944982,4250.193448242451,5446.7589981602005,4129.70999563158,2055.2745597760654,36596.0,90030.0,40.6,True
2026-04-23 10:13:37.860083+02:00,15530.0,15409.977782067803,2809.4589623143906,5397.78146721731,4488.360601787588,5426.296855707348,3688.07987565637,1261.1139461233415,38699.0,92710.0,41.7,True
2026-04-23 11:13:37.860083+02:00,16984.0,17286.402023076207,0.0,7142.03856525516,6532.9447325900055,5952.014205149419,3861.5204528864174,1327.5066656957954,39459.0,98545.0,40.0,True
2026-04-23 12:13:37.860083+02:00,18945.0,22279.11161073383,5558.16771669037,9929.539788604892,6099.768976133837,4632.673538715044,4512.386900332505,2541.4207169581955,53836.0,128334.0,41.9,True
2026-04-23 13:13:37.860083+02:00,18802.0,18522.532699123614,5583.127353363945,10599.974744524268,7067.21402074642,6316.273780259714,4454.4687484443,1846.5029770582992,49209.0,122401.0,40.2,True
2026-04-23 14:13:37.860083+02:00,21463.0,18945.283436877595,1618.6567447870962,9920.610336173337,3514.0651649341135,7366.214785205788,3501.469836318369,2292.36267351797,47821.0,116443.0,41.1,True
2026-04-23 15:13:37.860083+02:00,18055.0,15419.133139646805,3043.0009082667875,4411.616266901127,4485.212646969932,6280.928496947827,3471.374268989948,1453.940045138802,41442.0,98062.0,42.3,True
2026-04-23 16:13:37.860083+02:00,14937.0,22052.295726017517,10510.435487439803,10166.29042532147,6138.472543190169,6808.988609229009,3794.413302223342,1263.4270616767349,52558.0,128229.0,41.0,True
2026-04-23 17:13:37.860083+02:00,12684.0,17048.813979797487,4388.778771692393,4322.962753455859,5672.117511519337,7094.562454613795,3986.6268494135375,1578.2016937341434,39686.0,96462.0,41.1,True
2026-04-23 18:13:37.860083+02:00,8565.0,10694.560449132146,6461.917952752432,9796.234648244696,7298.570573881432,7236.489512184176,3671.0507557126293,1888.7174646142935,31281.0,86894.0,36.0,True
2026-04-23 19:13:37.860083+02:00,4229.0,22016.849850625953,3698.6803452632325,7264.4309468578895,5630.805058856104,7870.138692821305,4520.321221399834,1667.4298503577938,36132.0,93030.0,38.8,True
2026-04-23 20:13:37.860083+02:00,614.0,18489.51636269514,819.3942022936862,9405.06662786771,7772.163656158329,5500.79800172407,4173.694920854277,2646.966761552857,26744.0,76166.0,35.1,True
2026-04-23 21:13:37.860083+02:00,0.0,12784.779894357589,4659.483506408189,5335.103304210868,5810.0267025847115,5281.516014838883,4203.042554937215,2089.7616507687308,23737.0,63901.0,37.1,True
2026-04-23 22:13:37.860083+02:00,0.0,12602.535163003784,4468.79087942779,10342.335265412294,6593.25117138299,6783.4656483247345,3366.730585527514,2924.4693092809293,23363.0,70445.0,33.2,True
2026-04-23 23:13:37.860083+02:00,0.0,16482.87772570381,4200.243522663257,5070.050507790222,4514.727579823314,6708.2662196574,4583.64535869189,2202.2040770357085,27469.0,71231.0,38.6,True
2026-04-24 00:13:37.860083+02:00,0.0,17315.923976337923,4770.7183289872155,6663.090178293644,5021.4308178259835,6775.675299615689,2589.9155888796545,793.7245910400945,25470.0,69400.0,36.7,True
2026-04-24 01:13:37.860083+02:00,0.0,15986.461328156032,5528.536543291273,6003.810744461929,6366.416605759213,7889.282454250252,4417.027725924684,2528.020803229277,28460.0,77180.0,36.9,True
2026-04-24 02:13:37.860083+02:00,0.0,16556.543367214425,4699.7660974923865,4491.430294355002,7419.467255889582,6011.369908798494,4467.155868835385,1245.2241887650225,26969.0,71860.0,37.5,True
2026-04-24 03:13:37.860083+02:00,0.0,23499.7868728819,2471.9876641052724,8189.055135176936,6093.85542396613,6426.156559646185,3783.799406361019,2115.2668336056695,31871.0,84451.0,37.7,True
2026-04-24 04:13:37.860083+02:00,0.0,20357.71576117443,5972.369583123877,11612.178235673922,4875.24234209807,5019.611748516525,4636.455108623712,1612.6579711680774,32579.0,86665.0,37.6,True
2026-04-24 05:13:37.860083+02:00,0.0,15953.177956325122,1101.2564893551535,13333.810444640018,7066.0025442925125,8135.321123975958,3968.4512235228267,3071.355517232093,24094.0,76723.0,31.4,True
2026-04-24 06:13:37.860083+02:00,577.0,19706.552903837415,899.2850854315993,8194.311574172496,1712.0320155801787,5663.455078790889,4031.2158516637214,2719.7989637150677,27934.0,71438.0,39.1,True
2026-04-24 07:13:37.860083+02:00,4762.0,9837.380482362303,6478.360989403136,10233.362550135045,2866.64824773969,5691.78407183917,4169.7643937021085,1629.089679149121,26877.0,72545.0,37.0,True
2026-04-24 08:13:37.860083+02:00,11757.0,16989.635249734045,6014.040544270713,8464.189275857074,6022.451335502584,5653.250108991757,5593.287455905527,1936.3211659394442,42290.0,104720.0,40.4,True
2026-04-24 09:13:37.860083+02:00,13589.0,24046.53174866555,4885.209269851928,8997.766389536426,5021.162534379688,5355.104141355662,4672.2169540415025,2122.2990348246085,49315.0,118004.0,41.8,True
2026-04-24 10:13:37.860083+02:00,15509.0,13909.77052303813,2209.102990489856,7315.7026977455225,5908.270476686248,5270.562951152351,4350.565600356459,2431.707035780805,38410.0,95315.0,40.3,True
2026-04-24 11:13:37.860083+02:00,17064.0,10761.830356904575,3584.178118651849,8390.153850845205,5096.611283647913,5476.2957171104745,3543.5977566994025,2014.5759561625064,36968.0,92899.0,39.8,True
2026-04-24 12:13:37.860083+02:00,17892.0,11739.555557034697,4474.506504626992,9074.957409212857,5856.4185419058085,4634.204071949055,4071.794912739746,1487.5525503095664,39665.0,98896.0,40.1,True
2026-04-24 13:13:37.860083+02:00,20203.0,9551.834813288058,1808.2120628517732,6843.080542247337,3778.395768510214,5214.682079736762,3593.437953076807,1641.2206803999736,36798.0,89432.0,41.1,True
2026-04-24 14:13:37.860083+02:00,18742.0,11076.190459361484,3521.9426839535345,7845.011400214024,5855.729129119536,7948.96311144762,4411.055423641406,1997.7591018116043,39749.0,101148.0,39.3,True
2026-04-24 15:13:37.860083+02:00,16597.0,13147.459507049854,6304.66067635336,7883.139762005024,6491.621792311376,6735.655143641368,4070.2334878674283,2617.2284893823453,42737.0,106584.0,40.1,True
2026-04-24 16:13:37.860083+02:00,14990.0,7972.16490410679,7854.610728578433,9652.806634661049,6830.825905896849,6925.904176727718,3437.739160193052,2213.918930268022,36468.0,96346.0,37.9,True
2026-04-24 17:13:37.860083+02:00,11388.0,15078.091669748015,4161.130494682899,5867.935656744639,8020.33144197305,7177.208787416915,4040.5622917092514,1613.292536692492,36281.0,93628.0,38.8,True
2026-04-24 18:13:37.860083+02:00,10365.0,19511.385868933234,6512.976708632197,7896.915582784697,5366.14766525358,7834.134564362391,3575.2912651418474,2324.186388854895,42289.0,105675.0,40.0,True
2026-04-24 19:13:37.860083+02:00,5332.0,10461.219099265398,1171.8798588250652,11824.010938105395,5410.866630270768,4228.577448556156,4075.6081106687734,1806.5075805609201,22847.0,67158.0,34.0,True
2026-04-24 20:13:37.860083+02:00,0.0,22596.41961820884,6318.902482227223,10328.120305171875,2715.2413037392284,4770.1168847134595,3570.4613418173717,2445.2040025934207,34931.0,87675.0,39.8,True
2026-04-24 21:13:37.860083+02:00,0.0,17553.960442637974,3392.1031705450378,10698.35809777741,4202.882898292362,5196.276339105315,4013.7438166804063,3263.505209164303,28223.0,76544.0,36.9,True
2026-04-24 22:13:37.860083+02:00,0.0,20152.902928120286,5614.691233415941,8048.8636803560685,4710.376888990081,5530.270203510402,4375.234930967547,1820.5868145282252,31963.0,82216.0,38.9,True
2026-04-24 23:13:37.860083+02:00,0.0,11710.827230739314,4504.495163520582,8641.995127372047,6575.479328414533,5699.430609414751,3973.474004037447,2400.8025798631857,22590.0,66097.0,34.2,True
2026-04-25 00:13:37.860083+02:00,0.0,19272.626135333077,7640.828019567669,10004.47233340585,4083.498313865556,5553.022447193959,3804.5558664138057,1627.3033339811352,32345.0,84331.0,38.4,True
2026-04-25 01:13:37.860083+02:00,0.0,9540.330498023435,3251.1287033201634,11120.51105906186,6194.510029623249,6219.308913132054,4101.638110528731,1943.8681164043512,18837.0,61208.0,30.8,True
2026-04-25 02:13:37.860083+02:00,0.0,19451.237504182543,6255.212595123662,4096.794174234226,4997.56742455493,6035.295390745216,4348.591310396427,2014.7811434360506,32070.0,79269.0,40.5,True
2026-04-25 03:13:37.860083+02:00,0.0,15859.196698967657,4440.985073406933,5369.117385900308,4734.2478273278575,5277.16520482175,3446.4083650591197,1903.1581699778096,25650.0,66680.0,38.5,True
2026-04-25 04:13:37.860083+02:00,0.0,17766.256099923918,4683.389043980673,10618.888202805296,5373.340953699884,3824.45122301243,4130.328077352601,3231.5068443875116,29811.0,79439.0,37.5,True
2026-04-25 05:13:37.860083+02:00,0.0,9122.02697187574,4632.2922136815805,7446.221288462393,4413.265441620736,5007.131294621302,4658.7704095087,1846.7034626608088,20260.0,57386.0,35.3,True
2026-04-25 06:13:37.860083+02:00,926.0,10524.650788616977,3308.653791011774,6656.558421483845,4356.444127861002,5450.7613466874245,4286.8284816383575,2293.4257693924337,21340.0,59143.0,36.1,True
2026-04-25 07:13:37.860083+02:00,6360.0,17986.141091266923,4971.8020681866565,5491.678026008793,2442.8211413148283,5752.9205631922805,4028.877073333614,1034.9565653382838,34382.0,82451.0,41.7,True
2026-04-25 08:13:37.860083+02:00,7279.0,10258.259978878996,4874.703555756357,6889.966596911781,4628.068689008165,4870.332540689463,4319.868753349448,2215.998281684805,28948.0,74284.0,39.0,True
2026-04-25 09:13:37.860083+02:00,13033.0,17316.031460495615,5482.480496813459,5195.261433152351,4280.04778077691,5509.19353350358,4226.248228051341,2571.0272961761234,42629.0,100242.0,42.5,True
2026-04-25 10:13:37.860083+02:00,14986.0,8164.3109676987715,5169.010291385725,12182.188545464953,4226.028515976381,4869.012611514414,4376.800554579907,1736.2013287104746,34432.0,90142.0,38.2,True
2026-04-25 11:13:37.860083+02:00,17532.0,19240.87106333334,6595.989099224473,7955.127896038853,5625.30959388506,5874.180648451667,2988.034194508528,744.8889294797937,47102.0,113658.0,41.4,True
2026-04-25 12:13:37.860083+02:00,18906.0,8837.383426157456,6847.017232094738,7884.098916474565,5987.947929185764,4926.908671637385,3223.2719331683675,1980.6741155863374,39794.0,98387.0,40.4,True
2026-04-25 13:13:37.860083+02:00,19136.0,17761.499688397616,2898.7533563443976,9176.153350335664,5348.291756963491,5151.095343629536,4502.414574741619,2008.591925192764,46307.0,112290.0,41.2,True
2026-04-25 14:13:37.860083+02:00,19547.0,18128.154668230003,6737.545001181542,9924.690338533139,6493.122785674212,4691.315869010861,3247.3604119192796,2362.0375253721522,50022.0,121153.0,41.3,True
2026-04-25 15:13:37.860083+02:00,17188.0,11516.140907852125,2627.327145780291,9891.776313109278,5863.3428887455475,5846.499304430216,4200.769317859603,3005.451517706717,38538.0,98677.0,39.1,True
2026-04-25 16:13:37.860083+02:00,15907.0,17910.132835423636,6175.71177627547,10147.243887815144,4557.415715291537,5133.552230047601,3823.975171983854,1809.9731746998466,45627.0,111092.0,41.1,True
2026-04-25 17:13:37.860083+02:00,12420.0,16302.21131666778,6239.477569405737,6738.308898418287,4305.715571428431,6906.7842666754295,3501.9053772020015,1571.8559381698599,40035.0,98021.0,40.8,True
2026-04-25 18:13:37.860083+02:00,8439.0,12305.790719036308,1177.3662166749918,7404.266390086277,5469.23335515027,6405.850266692899,4174.824878573737,1416.5410993142784,27514.0,74307.0,37.0,True
2026-04-25 19:13:37.860083+02:00,3543.0,9957.22657961896,5185.958493058819,9538.06331088455,5860.650664852851,5930.148131816357,4100.516751858286,2099.0393085158,24886.0,71101.0,35.0,True
2026-04-25 20:13:37.860083+02:00,0.0,5186.871541637105,4063.007773279369,6945.22187672076,7096.766460547247,5202.514502656211,5055.171326048188,2239.677129409251,16545.0,52334.0,31.6,True
2026-04-25 21:13:37.860083+02:00,0.0,16748.25023649847,3482.4694841292503,7989.78673594555,6786.759567410143,6380.520305316303,3687.5943977320553,1727.1723028187077,25645.0,72448.0,35.4,True
2026-04-25 22:13:37.860083+02:00,0.0,7175.986143189724,7701.704661398011,8797.527528849629,4187.7904902392465,6690.700889348637,4720.055060034587,2389.341372862895,21987.0,63650.0,34.5,True
2026-04-25 23:13:37.860083+02:00,0.0,15476.720997206541,3692.641718725162,9570.370164620752,4846.990579809108,6142.68841220163,4176.2114571921575,2232.692038409588,25578.0,71716.0,35.7,True
2026-04-26 00:13:37.860083+02:00,0.0,13682.758919588754,3387.2461417639006,4444.638075259598,6006.526707376655,7603.70185546693,3669.489059228644,2021.615844822445,22761.0,63577.0,35.8,True
2026-04-26 01:13:37.860083+02:00,0.0,18395.713877190978,5151.389880010187,9429.49129977789,6601.996667088458,6459.637318074816,4399.623228758623,1548.7926396279372,29496.0,81483.0,36.2,True
2026-04-26 02:13:37.860083+02:00,0.0,13489.772502550679,6371.179492596833,7532.551884296549,6408.454203057188,6913.607217568035,4282.869252226976,1759.0678422576384,25903.0,72661.0,35.6,True
2026-04-26 03:13:37.860083+02:00,0.0,13352.761068264543,4716.702827979746,9414.915421728761,4904.18325075298,6133.565415535978,4017.9216474290247,785.1223511587275,22873.0,66198.0,34.6,True
2026-04-26 04:13:37.860083+02:00,0.0,18659.353521441477,7332.741091338505,9553.863384709657,3118.966021357225,6675.664453256976,4133.147678220312,2117.8935320990167,32243.0,83835.0,38.5,True
2026-04-26 05:13:37.860083+02:00,0.0,16675.290145420586,6061.9513239281805,11215.830122238316,3501.5954356316133,5203.218767330824,3701.506484477234,2013.1706443737176,28452.0,76825.0,37.0,True
2026-04-26 06:13:37.860083+02:00,0.0,16580.779785913892,643.5773605371396,10706.907295242407,5408.9502714791215,5541.601636787206,3587.1064373727468,2094.239495544743,22906.0,67469.0,34.0,True
2026-04-26 07:13:37.860083+02:00,2646.0,17346.33794904263,3941.0660729859837,10693.143325220593,5513.338369136518,6349.36355348238,4379.721086911291,2252.1595077822803,30565.0,83686.0,36.5,True
2026-04-26 08:13:37.860083+02:00,7050.0,7322.139383964471,3876.315801296602,10887.340638332476,3351.9809398484226,6342.099481557381,3888.030287843363,2192.9107432161113,24329.0,69240.0,35.1,True
2026-04-26 09:13:37.860083+02:00,12518.0,18783.94339993491,5958.721906858845,8582.757969631892,5066.8544163339075,6507.611822943248,3959.958500875454,1944.8084096769824,43165.0,106488.0,40.5,True
2026-04-26 10:13:37.860083+02:00,15896.0,18062.34397006801,0.0,8064.37017407368,5946.8365354576745,7100.392892278729,4139.910797972138,2024.3340215813762,40123.0,101357.0,39.6,True
2026-04-26 11:13:37.860083+02:00,17115.0,9916.584357117514,10098.019417435444,9745.634166356669,3273.160013739284,4575.028828184588,4132.644172391904,1297.8417916519152,42560.0,102714.0,41.4,True
2026-04-26 12:13:37.860083+02:00,20137.0,13779.597631628993,6062.05218978842,9464.161902866044,6657.495802706622,5025.547452389704,3285.3367645129674,1708.139677155287,44972.0,111091.0,40.5,True
2026-04-26 13:13:37.860083+02:00,18338.0,14803.463561861845,5297.753607835382,7381.86752652348,4433.703277160263,6229.572641074253,4643.126043227429,2025.2355268417307,45108.0,108261.0,41.7,True
2026-04-26 14:13:37.860083+02:00,19432.0,14327.516077991337,7363.135432838293,8809.646817616536,6886.419668864976,5275.6363681965395,4060.591075950339,1632.0732120438197,46815.0,114602.0,40.9,True
2026-04-26 15:13:37.860083+02:00,16808.0,16669.299832842673,9687.308105625249,7929.807066430812,4199.821331336149,9377.768241289363,3898.6733685889253,2430.075397936273,49493.0,120494.0,41.1,True
2026-04-26 16:13:37.860083+02:00,14985.0,22156.833909155917,6741.493289176807,6292.134183079888,3460.0617756737315,6515.719619170136,4215.423002584874,1670.6839595224847,49769.0,115806.0,43.0,True
2026-04-26 17:13:37.860083+02:00,12517.0,20408.833638364144,6897.62619294324,10580.9214827527,4312.7945152374205,5921.669151069843,4118.271096807432,2108.152705624158,46050.0,112915.0,40.8,True
2026-04-26 18:13:37.860083+02:00,7817.0,8438.90403284297,5261.380048928765,8110.398485060178,4857.27781538402,5484.530726916141,4383.531344744851,2058.282828407668,27959.0,74370.0,37.6,True
2026-04-26 19:13:37.860083+02:00,4066.0,18110.349951530243,4716.9484932661035,12097.416515397701,4417.280139842778,5519.8377168069555,4268.991836075471,2373.138796805205,33535.0,89105.0,37.6,True
2026-04-26 20:13:37.860083+02:00,1006.0,21644.66659767705,4048.4091119901977,4749.015459600334,4675.99786764033,6030.140661315178,4358.923114498133,2450.395587014151,33508.0,82472.0,40.6,True
2026-04-26 21:13:37.860083+02:00,0.0,16934.042603446014,3347.776016570916,6886.442454313267,5500.947724514285,6111.981932621257,4675.4969528637575,2347.0163054839695,27304.0,73108.0,37.3,True
2026-04-26 22:13:37.860083+02:00,0.0,20454.902125929835,3625.9718006010053,8065.277673381743,4743.230945305401,5543.300855306487,4441.812274485486,946.9968993084333,29470.0,77291.0,38.1,True
2026-04-26 23:13:37.860083+02:00,0.0,25061.352228503827,2298.888071314034,10274.762195257828,4900.83140907199,5726.847753480099,3919.7568898357185,2597.0740740065635,33877.0,88657.0,38.2,True
2026-04-27 00:13:37.860083+02:00,0.0,20118.547730534905,4848.257098629953,8798.93874520437,2436.160401196106,7344.284575234597,3438.549421961584,2763.654112097299,31169.0,80917.0,38.5,True
2026-04-27 01:13:37.860083+02:00,0.0,16246.542978208645,1630.6648455472264,8620.945508361503,5587.547024015709,7384.5049626510345,4833.898966502257,1758.9378578392652,24470.0,70533.0,34.7,True
2026-04-27 02:13:37.860083+02:00,0.0,20225.442370423767,5381.833048287422,5745.472414891706,4866.195053462498,6252.033979934877,3881.1383133264435,2118.323456336425,31607.0,80077.0,39.5,True
2026-04-27 03:13:37.860083+02:00,0.0,15724.439165484457,4927.3387839153165,5686.117205541057,7415.439470724306,4658.7402727632625,3763.4462933197387,1554.584159934609,25970.0,69700.0,37.3,True
2026-04-27 04:13:37.860083+02:00,0.0,15119.515216424777,5293.870596773376,8645.00932057981,3590.6522491190626,6538.5031566390435,3131.6365911177804,1025.8107466339243,24571.0,67916.0,36.2,True
2026-04-27 05:13:37.860083+02:00,0.0,13242.928821431338,3955.736859960015,5271.788012363283,2287.5570072507285,7554.282441611026,4169.236552656056,1630.642367228807,22999.0,61111.0,37.6,True
2026-04-27 06:13:37.860083+02:00,371.0,22817.066794160542,11153.720740361008,6936.244499421343,5927.102740895063,7369.781101962379,4074.443301976885,1729.930480268195,40146.0,100525.0,39.9,True
2026-04-27 07:13:37.860083+02:00,3846.0,10907.856670289993,7720.231800360626,9001.834658171714,5519.7905274695,6734.425852809667,3242.4425318752596,1822.5746343240921,27539.0,76334.0,36.1,True
2026-04-27 08:13:37.860083+02:00,8764.0,22661.83862339058,2510.9149998305543,6035.351455446448,3487.350469203281,7422.422955285821,4226.637021066588,1520.542954997006,39684.0,96313.0,41.2,True
2026-04-27 09:13:37.860083+02:00,12314.0,17499.32061870186,5465.736174853797,11210.711924723613,2705.3765674938627,6053.384272479022,3750.9040396492805,1633.2874165913804,40663.0,101296.0,40.1,True
2026-04-27 10:13:37.860083+02:00,16804.0,8003.469125990292,3783.987714125353,10447.87268847578,7306.0950960264345,6628.102969833705,5345.157503644346,1994.4968391857963,35931.0,96244.0,37.3,True
2026-04-27 11:13:37.860083+02:00,18274.0,16838.24646495711,2971.0405465851723,4857.160003323399,7121.165585910172,5319.22443367482,3715.319403954566,1614.886508444929,43413.0,104124.0,41.7,True
2026-04-27 12:13:37.860083+02:00,19836.0,4499.86746174188,2319.8558577521303,6135.257513636026,1268.8148619408062,6292.265456155712,3782.4033339011035,2271.762166275014,32710.0,79116.0,41.3,True
2026-04-27 13:13:37.860083+02:00,19588.0,18127.54008415518,5864.433381518508,3428.4455110101,4312.665456115248,7329.534243970525,3562.611887872816,2340.8303256987197,49483.0,114037.0,43.4,True
2026-04-27 14:13:37.860083+02:00,19011.0,19426.157414944955,3637.239529860852,6434.817274903733,7496.288082175849,5410.576588513109,4638.938260520986,3190.193873082245,49904.0,119149.0,41.9,True
2026-04-27 15:13:37.860083+02:00,17587.0,12038.220221739732,6935.652048050408,9532.7769531448,4285.906163333199,5138.556570535714,3813.6121027676236,2562.839966061731,42937.0,104832.0,41.0,True
2026-04-27 16:13:37.860083+02:00,16031.0,15617.738479777912,6987.564429060878,7172.210115450286,4264.081648960021,6097.488939023697,3637.5429231172516,2121.5515291642073,44395.0,106324.0,41.8,True
2026-04-27 17:13:37.860083+02:00,12049.0,24770.78716875143,7747.828770422899,8921.594487231934,4575.861008555948,5773.3377962760005,4353.477504960271,1689.8678516661607,50611.0,120493.0,42.0,True
2026-04-27 18:13:37.860083+02:00,8967.0,12471.266478690317,3295.226467851793,4955.331363436511,3318.654539347761,6649.147721070421,3309.8235322934074,2146.8736758369996,30190.0,75303.0,40.1,True
2026-04-27 19:13:37.860083+02:00,6526.0,9705.462064716998,5950.7312213840205,9595.950509163811,2442.8363836579338,5546.740474052957,4312.555273124473,2163.297979958178,28658.0,74902.0,38.3,True
2026-04-27 20:13:37.860083+02:00,871.0,22408.317012312993,6264.908433284601,6889.7815441433,6578.820966102123,7718.439615602714,4890.699858300429,1743.3434554971695,36178.0,93543.0,38.7,True
2026-04-27 21:13:37.860083+02:00,0.0,24812.935952653974,4051.6436497920704,8024.339364565811,2235.5946406284866,4710.323902038945,4283.303916417544,2391.8656983764386,35540.0,86050.0,41.3,True
2026-04-27 22:13:37.860083+02:00,0.0,15018.478359239236,3456.45608521425,7814.250997213894,5370.907178163134,7253.734786219735,4318.949158129963,1300.9509926590622,24095.0,68629.0,35.1,True
2026-04-27 23:13:37.860083+02:00,0.0,20057.315177041783,8219.041331551945,5456.902958215433,6329.869239136475,5235.150771691897,4435.030108453742,1877.8000822312447,34589.0,86200.0,40.1,True
2026-04-28 00:13:37.860083+02:00,0.0,21707.379577654407,5454.991751464107,5693.831336520436,2823.1605516482623,4204.017265415977,4854.8540143377595,2277.929229658703,34295.0,81311.0,42.2,True
2026-04-28 01:13:37.860083+02:00,0.0,11287.57883730808,6271.935501423476,9935.588938006851,3613.5973961073923,6237.875156348868,4604.946980009552,1856.2079262039515,24021.0,67829.0,35.4,True
2026-04-28 02:13:37.860083+02:00,0.0,12573.470823160658,3355.847976344145,8797.984315003392,6819.7687825873845,5745.392013986117,4219.834861136512,1896.6227982853643,22046.0,65455.0,33.7,True
2026-04-28 03:13:37.860083+02:00,0.0,21154.372565773676,2561.4310669556126,10100.098083106854,5799.33758034056,4890.390632096969,4451.9457003180005,1931.1070694038597,30099.0,80988.0,37.2,True
2026-04-28 04:13:37.860083+02:00,0.0,23425.071393542545,3861.100451015779,8649.316471005037,4074.0714396816693,4318.623108284736,3557.0325372674447,1582.1993796561273,32425.0,81892.0,39.6,True
2026-04-28 05:13:37.860083+02:00,0.0,17814.404300871774,4751.957225220006,8285.981269618433,6803.373505041756,5991.6392127285435,4388.146795373661,2586.950465787104,29541.0,80163.0,36.9,True
2026-04-28 06:13:37.860083+02:00,327.0,10600.928232489729,2871.5599863653024,4547.978762666467,6809.803585181454,6975.836891623818,3497.222014408126,1490.9811640385924,18788.0,55909.0,33.6,True
2026-04-28 07:13:37.860083+02:00,4231.0,24935.305558497206,4980.310382699234,7459.26660647766,5403.579039523561,6584.953493086445,3816.488790684187,2159.0796637049425,40122.0,99692.0,40.2,True
2026-04-28 08:13:37.860083+02:00,9507.0,12345.145510940178,1622.989623863,7945.231359192512,3649.759658189506,6056.706648839266,2458.7189124283814,2206.823949141187,28141.0,73933.0,38.1,True
2026-04-28 09:13:37.860083+02:00,10259.0,13324.31109414274,2759.9051550602558,11906.214396545149,4379.826944792307,6478.847573217735,4200.714829683731,1525.6890493955166,32070.0,86905.0,36.9,True
2026-04-28 10:13:37.860083+02:00,15872.0,16711.689172448107,6341.82249655375,9373.913264197356,5429.580115933085,5972.785867622143,3678.0639944458235,2036.5521271903717,44640.0,110056.0,40.6,True
2026-04-28 11:13:37.860083+02:00,18790.0,22770.80210357387,6207.581040555789,11072.122363419057,4717.107756278768,4570.275756969629,4555.572607602231,1545.183913627649,53869.0,128098.0,42.1,True
2026-04-28 12:13:37.860083+02:00,18020.0,19269.879882761117,4216.246469226267,9195.075411789456,6408.435767352277,4579.106014776557,4195.096305302702,2695.5212375279725,48397.0,116976.0,41.4,True
2026-04-28 13:13:37.860083+02:00,21144.0,17074.327501809552,2964.471381846094,6577.3935461010415,2705.3388798359956,5796.831471015321,4562.047947350813,1430.6085315118935,47175.0,109430.0,43.1,True
2026-04-28 14:13:37.860083+02:00,19837.0,17316.442650590532,2945.192896947978,8234.248432299702,2758.604706400642,5839.346713633926,3458.201727663731,1673.0514528840179,45230.0,107292.0,42.2,True
2026-04-28 15:13:37.860083+02:00,17604.0,15217.573343217331,4253.463508117372,8472.447292528466,5271.306667223648,6850.982678506765,4519.193018579816,1387.8874958222098,42982.0,106559.0,40.3,True
2026-04-28 16:13:37.860083+02:00,16269.0,17790.69757259253,6289.036983290583,6121.688860458637,4262.683379289643,6757.304223774747,5052.928172181663,1321.150636566224,46723.0,110587.0,42.2,True
2026-04-28 17:13:37.860083+02:00,14740.0,2352.1996115284855,6856.4913826886495,7231.225246814158,4059.4270779533886,6605.133015758949,4382.079149965947,2795.607645441147,31126.0,80148.0,38.8,True
2026-04-28 18:13:37.860083+02:00,8860.0,13516.962704651009,4006.936529036062,7588.466012645656,2347.914921238404,5719.717286922819,4395.174504346144,2271.387336956281,33050.0,81757.0,40.4,True
2026-04-28 19:13:37.860083+02:00,4699.0,16206.609674583906,2693.015148030432,11211.239665130237,5029.318767197273,4619.347829889861,4084.7988381974674,2070.146712850272,29754.0,80367.0,37.0,True
2026-04-28 20:13:37.860083+02:00,0.0,9244.929581902465,5535.687275732666,3838.5189492180434,4920.867337998851,6412.071137066024,3737.6656097173177,1671.7115183265391,20190.0,55551.0,36.3,True
2026-04-28 21:13:37.860083+02:00,0.0,16931.6165890578,3352.9300587483012,10411.636841432086,5980.218472927611,6525.1693132621685,4380.596186350755,2453.8059055233844,27119.0,77155.0,35.1,True
2026-04-28 22:13:37.860083+02:00,0.0,13977.643895069392,3963.4947222775954,6126.409530081234,5103.359199681458,3611.468537522314,3246.9585447989657,1587.8887803162734,22776.0,60393.0,37.7,True
2026-04-28 23:13:37.860083+02:00,0.0,23777.378491577452,7650.552180874075,5255.841625460772,4801.093882639255,5165.661813417337,3791.122437539592,2396.8196471650517,37616.0,90454.0,41.6,True
2026-04-29 00:13:37.860083+02:00,0.0,22865.098626074283,6654.230857131536,10359.884260076928,6765.5009551855055,5308.945622606104,3114.4715988314088,1563.7443616971818,34198.0,90830.0,37.7,True
2026-04-29 01:13:37.860083+02:00,0.0,12670.972154409186,5315.948624502904,9463.796138468762,3031.299044827175,6118.350201123436,3648.1718113424586,1677.746149062164,23313.0,65239.0,35.7,True
2026-04-29 02:13:37.860083+02:00,0.0,14245.811442166523,2456.1619977745545,10509.03740476238,5804.583828271364,5196.639567234306,4321.02254594678,2379.1411930589607,23402.0,68314.0,34.3,True
2026-04-29 03:13:37.860083+02:00,0.0,14630.262171958037,5422.7931349413175,9601.403895091153,2493.2792528069767,5961.86543117536,4252.696688110232,2431.9136720778833,26738.0,71532.0,37.4,True
2026-04-29 04:13:37.860083+02:00,0.0,12741.702619201886,7125.314581575053,12119.690003474803,3742.4571799987884,5789.465059647008,4025.4568477677362,2298.7364669483804,26191.0,74034.0,35.4,True
2026-04-29 05:13:37.860083+02:00,0.0,15975.124920140634,4248.732668468929,9117.447673888972,3181.014301065029,5840.850528462272,4085.2004970310054,1475.1629421216026,25784.0,69708.0,37.0,True
2026-04-29 06:13:37.860083+02:00,0.0,11208.58965556205,7702.22817997343,7687.045247753683,6172.9138031778775,5283.605706299254,3057.0676910678953,1776.6365671385856,23745.0,66633.0,35.6,True
2026-04-29 07:13:37.860083+02:00,3472.0,9346.923325312368,7585.490579036414,8685.852754642685,4901.884649606909,5361.014945933322,3813.7188597145428,2078.449370599257,26297.0,71542.0,36.8,True
2026-04-29 08:13:37.860083+02:00,8233.0,18113.556119501343,8327.465664286947,10486.938256691927,4979.745133110535,4919.732940219307,3659.324196782395,1575.3595190449541,39909.0,100204.0,39.8,True
2026-04-29 09:13:37.860083+02:00,12847.0,18147.647921109055,5610.486253062706,6441.249349479766,3339.9005184058233,6380.067440573832,3670.4701547427294,2685.4813800646466,42961.0,102083.0,42.1,True
2026-04-29 10:13:37.860083+02:00,16394.0,10978.42120170004,6174.783399612024,6696.222834937238,4550.459756100666,6571.102628591369,4299.7893139068765,799.026528024727,38646.0,95110.0,40.6,True
2026-04-29 11:13:37.860083+02:00,17097.0,19476.777153812996,7828.37457666218,7382.079970804185,3854.8020450363324,5229.382049874661,3569.7463367473447,1610.6302423154236,49583.0,115632.0,42.9,True
2026-04-29 12:13:37.860083+02:00,20368.0,11842.111354173343,5894.787874137951,3790.834402469335,5575.182522281324,7520.640096017045,3697.6595749362946,1745.2167485650841,43548.0,103982.0,41.9,True
2026-04-29 13:13:37.860083+02:00,21356.0,16265.826190189906,3997.5317844195747,8276.156816835093,3513.3632970025797,5685.398552557951,2956.4653771452417,578.0281676141162,45154.0,107783.0,41.9,True
2026-04-29 14:13:37.860083+02:00,19912.0,19101.72006306228,4102.9143269442775,4227.742592097948,6994.6915478076135,7530.18562379656,3852.9384098119153,1301.8854348819045,48271.0,115295.0,41.9,True
2026-04-29 15:13:37.860083+02:00,19896.0,14831.937176481435,5477.1099075474785,8106.118625865238,2486.6293255638584,5357.872826168396,3456.08122614319,2312.644756271034,45974.0,107898.0,42.6,True
2026-04-29 16:13:37.860083+02:00,14863.0,17273.70456070567,2418.8771561075628,9730.5795122705,3790.220251315158,3973.4222234005647,4039.6014643448216,2015.141818276482,40610.0,98715.0,41.1,True
2026-04-29 17:13:37.860083+02:00,11225.0,12417.851780562141,4713.482169271615,7046.247078712328,7515.800764949145,6402.197824912351,3524.4459766287678,2786.568011021451,34667.0,90299.0,38.4,True
2026-04-29 18:13:37.860083+02:00,6899.0,14017.667082859514,7193.094236460507,11354.231740373742,4347.291878056949,6248.5451051189875,4052.271122774608,2772.6132229424093,34935.0,91820.0,38.0,True
2026-04-29 19:13:37.860083+02:00,5946.0,13970.702845598298,617.4922976694379,5078.9982011630245,3027.682003393382,6034.393795307583,3927.6571196288282,2216.523189301973,26678.0,67497.0,39.5,True
2026-04-29 20:13:37.860083+02:00,654.0,11267.108267298805,8068.96420358903,10382.521363263666,5328.607343806503,5357.76752155601,4836.020886521161,2156.6191245003556,26983.0,75035.0,36.0,True
2026-04-29 21:13:37.860083+02:00,0.0,14116.12918442109,7244.748437406319,9350.274112813842,4286.911636678186,5965.427774514181,4248.608990226597,2032.9655542894502,27642.0,74887.0,36.9,True
2026-04-29 22:13:37.860083+02:00,0.0,7256.908505681266,4080.4707683390475,4567.933503378622,3746.1946165725412,5488.740542130473,3080.1810637188482,672.4589910602549,15090.0,43983.0,34.3,True
2026-04-29 23:13:37.860083+02:00,0.0,12544.231264289476,6086.781655743619,13421.588598081065,3356.193783801924,5697.650433668249,3367.555577948646,1302.7202433369623,23301.0,69078.0,33.7,True
2026-04-30 00:13:37.860083+02:00,0.0,13575.622533151645,5006.295453812653,7872.509428992068,9152.560408438916,6841.632255765075,4027.6040044961665,2050.337751549467,24660.0,73187.0,33.7,True
2026-04-30 01:13:37.860083+02:00,0.0,13719.1012375231,7459.980736877365,6245.031955688737,4622.672149723796,6184.217229530093,3535.0760258036744,2308.0128543738356,27022.0,71096.0,38.0,True
2026-04-30 02:13:37.860083+02:00,0.0,13792.512770646106,6965.3662855398825,5185.825610431966,2111.648959500684,6609.9513873319775,2515.815784882074,2144.8349060690703,25419.0,64745.0,39.3,True
2026-04-30 03:13:37.860083+02:00,0.0,14691.179000699356,2199.8585536339815,7559.963944680652,7240.564638508302,5768.13149337421,4674.773156916872,1553.7675161421712,23120.0,66808.0,34.6,True
2026-04-30 04:13:37.860083+02:00,0.0,17397.20759043032,6174.524826928353,7745.186255220081,5916.606357665856,5657.982654195225,4360.112008452704,2468.703141234748,30401.0,80121.0,37.9,True
2026-04-30 05:13:37.860083+02:00,0.0,19372.585370662615,4588.744292713504,8205.291057079328,3850.3003534703184,4846.517469111356,4260.488436745885,2741.2220143773184,30963.0,78828.0,39.3,True
2026-04-30 06:13:37.860083+02:00,0.0,11751.173865758665,5165.6651410362,7404.40768755208,3600.3213669707875,5629.963387431803,3696.3384772645422,2468.99480014567,23082.0,62799.0,36.8,True
2026-04-30 07:13:37.860083+02:00,4922.0,8983.995723054279,3543.656198060369,9266.450620230187,6010.209194237346,2678.885444410861,4213.838385504965,2494.7996647952355,24158.0,66272.0,36.5,True
2026-04-30 08:13:37.860083+02:00,10560.0,9789.777938784486,8496.274138241672,7224.740334673507,4629.622508765818,5409.778033694365,3647.819837889559,1720.3871010223945,34214.0,85692.0,39.9,True
2026-04-30 09:13:37.860083+02:00,13815.0,12563.985394025363,7080.1236398051515,4130.071765519058,2111.033272332348,5918.125822809161,4102.428650108845,2537.9670613503995,40100.0,92359.0,43.4,True
2026-04-30 10:13:37.860083+02:00,17230.0,13240.393410917455,3520.4576720540654,7701.2770087007175,7680.859946907003,6563.6736542701565,3539.7083870817614,2072.8793196638285,39603.0,101152.0,39.2,True
2026-04-30 11:13:37.860083+02:00,17508.0,11150.019669012714,2330.778786179535,3265.0446932534433,4349.014306676065,5731.322122475043,4758.144225278007,2255.7777642610026,38003.0,89351.0,42.5,True
2026-04-30 12:13:37.860083+02:00,18509.0,8519.416678750527,4228.6547380443035,8707.541261782779,7243.35760472364,6347.673542244999,3214.8816729590776,2182.7159214123544,36655.0,95608.0,38.3,True
2026-04-30 13:13:37.860083+02:00,19874.0,12719.395862629059,5869.005292182612,6041.399539434729,6917.652436948572,3820.2113386097544,4616.141914755415,1939.2564472797944,45018.0,106815.0,42.1,True
2026-04-30 14:13:37.860083+02:00,19554.0,15907.133100569858,5480.411687892446,8326.720709831601,3498.4856832757787,5943.1631477930505,4019.4579140086653,1569.998762438849,46531.0,110830.0,42.0,True
2026-04-30 15:13:37.860083+02:00,19114.0,17975.147329177824,7506.265649536486,10628.149963049209,6549.784796544722,4320.497207086597,3755.2665023290047,1958.931668222977,50310.0,122118.0,41.2,True
2026-04-30 16:13:37.860083+02:00,13944.0,12212.884734458394,6579.839444361704,6102.502609464,4022.8361752044784,4791.696484340668,4083.501460847869,2493.3808087414113,39314.0,93545.0,42.0,True
2026-04-30 17:13:37.860083+02:00,13999.0,12935.01088928283,6939.138051505814,10122.512517024235,2199.949119794087,5812.834452136139,4366.674003589091,1779.2620973435453,40019.0,98173.0,40.8,True
2026-04-30 18:13:37.860083+02:00,8520.0,10366.508455763447,5653.710801220875,7133.220866627694,4363.1027509667865,7276.2639878735545,4683.373368347198,2446.673631304073,31670.0,82113.0,38.6,True
2026-04-30 19:13:37.860083+02:00,4024.0,14842.804148126117,2221.4025395780195,11506.389604131171,5596.456252664419,6371.206763470059,4156.571511566766,2368.535335308836,27613.0,78700.0,35.1,True
2026-04-30 20:13:37.860083+02:00,0.0,10757.856829045926,4608.602937706197,7269.694773603574,4305.895028005493,6018.230997137117,3554.6519573688615,1850.5313014900848,20772.0,59137.0,35.1,True
2026-04-30 21:13:37.860083+02:00,0.0,17865.639066206,7120.1794798173305,6319.014028986618,4539.427488612348,5980.469610532898,4027.8150618828945,2694.4000518097882,31708.0,80255.0,39.5,True
2026-04-30 22:13:37.860083+02:00,0.0,6070.667540329445,4896.954142950708,9374.476900790576,6715.349067392919,5286.371106795533,4908.396618331186,1822.226664404647,17698.0,56772.0,31.2,True
2026-04-30 23:13:37.860083+02:00,0.0,13201.851637737687,6006.180737247493,7128.420540752728,5159.740970435138,5456.016586627316,4673.839042756312,2754.7734313063156,26637.0,71018.0,37.5,True
2026-05-01 00:13:37.860083+02:00,0.0,16505.53669595871,4362.503369507734,6317.100971741983,3735.0525330725714,6427.376045470797,4454.381739062179,2217.063490770486,27539.0,71558.0,38.5,True
2026-05-01 01:13:37.860083+02:00,0.0,15919.172581612522,2940.37630291631,7044.320298592418,6053.04548550099,4614.639481555506,4397.843510061193,1992.0670407732432,25249.0,68210.0,37.0,True
2026-05-01 02:13:37.860083+02:00,0.0,28465.168319902485,4753.311871907779,7910.786935633997,5296.513350431368,6593.054050283021,4349.725045303271,1556.099309831173,39124.0,98049.0,39.9,True
2026-05-01 03:13:37.860083+02:00,0.0,16749.000122839538,5618.094886065308,10684.360262489708,1217.5927978069358,5611.492932881148,4579.377417254935,1955.8698849324794,28902.0,75318.0,38.4,True
2026-05-01 04:13:37.860083+02:00,0.0,9979.727015789947,3688.624561077113,4131.824509080846,5642.529370657173,6825.557074869565,3771.6856071390475,1898.1202432527898,19338.0,55276.0,35.0,True
2026-05-01 05:13:37.860083+02:00,0.0,14522.678764554636,4528.577510286663,8046.161317900841,5587.743061574152,6961.093457232083,3322.456967112497,1370.8518073745472,23745.0,68085.0,34.9,True
2026-05-01 06:13:37.860083+02:00,0.0,6118.768332667742,3121.0735160280346,9249.807189308085,5030.18169437129,4326.91598749426,4034.501750368531,1891.1922886411664,15166.0,48938.0,31.0,True
2026-05-01 07:13:37.860083+02:00,4178.0,14597.001253516195,7238.489835128192,8386.897149983592,6337.550871604362,5418.419236772782,3591.2092066111545,1598.0984099514571,31203.0,82549.0,37.8,True
2026-05-01 08:13:37.860083+02:00,5981.0,10834.719714996207,4411.088484823932,10619.730338867068,3991.4096235102465,5144.472312059376,3472.489622311408,2292.995884489391,26992.0,73740.0,36.6,True
2026-05-01 09:13:37.860083+02:00,12416.0,19576.951377800808,7905.511090252367,7851.3093404829515,5504.749683231351,4187.272034926857,3639.860711706034,2653.1402378641014,46191.0,109926.0,42.0,True
2026-05-01 10:13:37.860083+02:00,15406.0,12252.298627022326,8057.495701081817,7630.8971156281095,2649.560943248971,4967.46672379059,5242.656962266843,1386.5421618523796,42345.0,99938.0,42.4,True
2026-05-01 11:13:37.860083+02:00,18716.0,14416.170421023768,4837.908070556512,9184.659094026687,5610.6355750982475,8441.25584526534,4068.062317037922,2856.1538641834613,44894.0,113025.0,39.7,True
2026-05-01 12:13:37.860083+02:00,21348.0,11822.210792977983,2983.1025349053007,8198.6276299027,7929.589543309845,6609.50989621244,4180.953918180494,1935.7244828074352,42270.0,107278.0,39.4,True
2026-05-01 13:13:37.860083+02:00,21127.0,23694.256759266656,828.2042445333254,7219.182523439058,3507.7154712986885,7917.287968605754,3388.818596497873,1512.489307530743,50551.0,119746.0,42.2,True
2026-05-01 14:13:37.860083+02:00,19230.0,13393.786169410441,2055.9258539464167,9032.288079172758,3860.296802018337,6829.098440018335,3078.123520603685,2378.877390104092,40137.0,99995.0,40.1,True
2026-05-01 15:13:37.860083+02:00,16913.0,24162.78521739601,2252.3303502026797,6694.94341356671,3934.976835662672,5258.156838991525,3590.473678440597,1776.772760872476,48695.0,113278.0,43.0,True
2026-05-01 16:13:37.860083+02:00,18210.0,19070.75881059133,7756.939254923009,6777.645695961346,5194.997338702393,5618.228803325957,4719.097792604374,1959.131661984253,51716.0,121023.0,42.7,True
2026-05-01 17:13:37.860083+02:00,12529.0,17410.33363667693,5231.649174453893,6944.011956468773,3405.445590719423,6588.436180240307,4167.13773303826,1797.8608778939606,41136.0,99210.0,41.5,True
2026-05-01 18:13:37.860083+02:00,8692.0,16843.665736587598,5779.209048183976,10706.138320332815,5631.87106803647,6437.506203473036,4299.297545722196,1591.63103406755,37206.0,97187.0,38.3,True
2026-05-01 19:13:37.860083+02:00,4426.0,16968.986491081258,559.1579821297482,1557.9672880285734,6270.2599182037475,5422.657984291666,4369.283019601031,2361.998516200952,28685.0,70621.0,40.6,True
2026-05-01 20:13:37.860083+02:00,198.0,5361.637103271951,2604.067141565477,8791.197669525885,5801.520820180676,4490.006829420793,3704.3253101008613,1856.8492985529065,13725.0,46533.0,29.5,True
2026-05-01 21:13:37.860083+02:00,0.0,13605.583029246218,6774.159552892574,8068.5436284004445,2347.376861542891,9287.76118738874,4693.982791986684,1281.6741039103772,26355.0,72414.0,36.4,True
2026-05-01 22:13:37.860083+02:00,0.0,19225.78985592161,5573.548224765173,4638.25908152376,6492.751497737909,5858.850327657195,3683.596200388909,2275.5300621079664,30758.0,78506.0,39.2,True
2026-05-01 23:13:37.860083+02:00,0.0,14755.514082629472,4705.589442628805,8619.453558272004,6406.05112138052,5674.26110681738,4703.116179631276,1397.2088244881224,25561.0,71822.0,35.6,True
2026-05-02 00:13:37.860083+02:00,0.0,7974.050765982125,6129.684717200245,8951.503983663064,6245.242058519457,6113.334463905302,4221.15107806767,1423.3699136623707,19748.0,60806.0,32.5,True
2026-05-02 01:13:37.860083+02:00,0.0,14737.977747112653,8271.59561227163,9179.2784627148,5559.263372983737,5757.271410688972,3105.477422876839,2596.303102488658,28711.0,77918.0,36.8,True
2026-05-02 02:13:37.860083+02:00,0.0,23520.527581277456,4557.915072925899,2696.343873910102,5330.283971307699,6122.728907705484,3625.9952566997326,1401.830050394894,33106.0,80362.0,41.2,True
2026-05-02 03:13:37.860083+02:00,0.0,21234.4585776736,5138.739605316139,10732.778823708877,6548.584097189595,7286.9472861164195,3107.5307335639477,841.7775715362548,30323.0,85214.0,35.6,True
2026-05-02 04:13:37.860083+02:00,0.0,14689.97995316984,5385.193837462611,6524.526590630318,7885.270231405182,5875.451520313576,4581.641066397105,2311.430742480748,26968.0,74221.0,36.3,True
2026-05-02 05:13:37.860083+02:00,0.0,19757.246385290433,9784.219270547985,9373.135493506352,3570.4393049527253,4837.289560672239,3987.6322895987996,1848.0682852594348,35377.0,88535.0,40.0,True
2026-05-02 06:13:37.860083+02:00,0.0,13167.46489815974,801.2874711619488,9482.147561364573,6617.188093692158,5838.356205521389,2885.82878002511,1891.1724394309417,18746.0,59429.0,31.5,True
2026-05-02 07:13:37.860083+02:00,5542.0,6480.642065866405,6366.446029577616,6246.605828761414,4870.674352988821,5535.598218590089,4187.873440859829,1842.7498033249,24420.0,65493.0,37.3,True
2026-05-02 08:13:37.860083+02:00,9924.0,10377.67005935223,4770.395502481872,9320.9199047031,4805.490421957099,7423.898937246851,3731.41786880584,2115.8349695093634,30919.0,83389.0,37.1,True
2026-05-02 09:13:37.860083+02:00,10396.0,22814.44384254099,6133.543452368359,7229.013518175284,2695.2039644269425,7171.119064737571,3258.0970724833383,1623.640379048466,44226.0,105547.0,41.9,True
2026-05-02 10:13:37.860083+02:00,15294.0,13630.034590853478,3685.254892010551,3857.245641323686,4572.815885726907,6107.525000430799,4838.982918484348,2738.0574372828823,40186.0,94910.0,42.3,True
2026-05-02 11:13:37.860083+02:00,17648.0,13783.08010312491,4902.0699382831,10335.483851055558,3504.102563047377,4721.264145180743,4053.6429330482893,1261.8847598453008,41649.0,101859.0,40.9,True
2026-05-02 12:13:37.860083+02:00,18091.0,13500.809018625598,6422.82115893099,6449.9100739675205,4304.218355741082,4774.107736560054,3853.2842988433435,2222.4374583385616,44090.0,103709.0,42.5,True
2026-05-02 13:13:37.860083+02:00,19222.0,24520.682947865032,11225.820402087682,6291.013074523891,3352.720424332775,6015.123261584554,3800.2876095069914,2321.060501938292,61090.0,137839.0,44.3,True
2026-05-02 14:13:37.860083+02:00,18388.0,23129.794576810316,6616.072378804143,7193.868263926555,4326.6374190304905,6336.322969321281,3243.360265421114,1620.174119583311,52997.0,123851.0,42.8,True
2026-05-02 15:13:37.860083+02:00,19772.0,26093.90116724067,3303.8688039389826,8544.473450654776,4390.834464464895,5625.377180673945,3347.725550207945,1488.1327773610908,54006.0,126572.0,42.7,True
2026-05-02 16:13:37.860083+02:00,16572.0,14204.773947999744,4152.480635954594,7885.459178355795,5145.1323776582,5519.830415792766,4642.458392437542,2508.587107085078,42080.0,102711.0,41.0,True
2026-05-02 17:13:37.860083+02:00,13741.0,16478.122443735476,4093.171783232292,9096.13384941434,2577.8752065630033,5407.200766821353,3763.0585651071406,1504.5696229916425,39580.0,96241.0,41.1,True
2026-05-02 18:13:37.860083+02:00,9399.0,7416.787252896044,1408.71365473997,5321.021266942682,2831.722778382015,5976.606039756054,4011.033850468432,1696.6680296247166,23932.0,61994.0,38.6,True
2026-05-02 19:13:37.860083+02:00,3321.0,22384.672130591374,4339.819616597126,6515.227259138531,5542.87140609579,3617.237647926935,2977.8347618994626,2443.654481229873,35467.0,86609.0,41.0,True
2026-05-02 20:13:37.860083+02:00,0.0,9161.102243660325,6465.65816364349,7768.005855356932,3803.8428243948515,4898.67337123029,3340.953982102247,2017.370616769512,20985.0,58441.0,35.9,True
2026-05-02 21:13:37.860083+02:00,0.0,16083.877818813145,2451.53576184641,11795.774585317411,6611.794685344897,5372.94915455265,4304.9062599373765,1101.4281661854477,23942.0,71664.0,33.4,True
2026-05-02 22:13:37.860083+02:00,0.0,9513.48736183578,7096.965302101185,7772.374923172484,5337.90458302257,7207.503194951921,4188.855880056917,2873.529572276757,23673.0,67664.0,35.0,True
2026-05-02 23:13:37.860083+02:00,0.0,12055.66586630652,5975.549642168677,10170.444527323263,5910.143225309611,5186.186358071071,4876.687599362158,1734.9946206100171,24643.0,70553.0,34.9,True
2026-05-03 00:13:37.860083+02:00,0.0,10813.687844751497,3531.5333560579243,8077.110337568635,7116.038480631342,6180.468141831207,4671.4781658156135,1798.6213550467915,20815.0,63004.0,33.0,True
2026-05-03 01:13:37.860083+02:00,0.0,11960.62369662091,4716.940725324305,7032.682725124863,4535.433782290142,6226.542750930996,3884.6445137575884,2127.8921261631826,22690.0,63175.0,35.9,True
2026-05-03 02:13:37.860083+02:00,0.0,12304.386484255107,8196.643615282066,7506.551151771119,4138.2699418755865,7297.916505660762,4236.476782356635,2312.538398502036,27050.0,73043.0,37.0,True
2026-05-03 03:13:37.860083+02:00,0.0,12258.656025374614,6467.095627011731,7663.160575942237,6307.55387839822,7262.57740696415,3841.698278548463,2980.5521456457336,25548.0,72329.0,35.3,True
2026-05-03 04:13:37.860083+02:00,0.0,19166.669558901536,5017.567309796295,9207.291477921477,5764.270345894529,5942.497031205084,5027.404909319324,1169.965925297152,30382.0,81678.0,37.2,True
2026-05-03 05:13:37.860083+02:00,0.0,9475.686034687398,4524.633366078031,10749.222535153109,4719.004535268049,5524.5152588105575,4574.5073480262,2412.976104462973,20988.0,62969.0,33.3,True
2026-05-03 06:13:37.860083+02:00,0.0,16102.707135069335,5153.218140903319,8719.361695372641,7087.186950433914,5336.166897174309,4084.842545428876,2371.5048470250385,27712.0,76567.0,36.2,True
2026-05-03 07:13:37.860083+02:00,5066.0,21089.795761527792,3976.472884115393,10374.15535748351,4681.633535240104,5758.936777534219,4100.1973924381755,1931.4175445629417,36164.0,93143.0,38.8,True
2026-05-03 08:13:37.860083+02:00,9271.0,12434.01817743302,790.5009885619711,6070.420524740629,5049.160456333672,5565.9666456764,4722.425143629904,2393.636847408111,29612.0,75909.0,39.0,True
2026-05-03 09:13:37.860083+02:00,12160.0,11410.40554626199,9084.355821069461,7170.738982371939,5031.833976251388,6553.627409358232,4289.788923556924,2467.1370088182734,39412.0,97580.0,40.4,True
2026-05-03 10:13:37.860083+02:00,15963.0,13847.376874098745,5310.649998398803,6551.394931584667,3598.109157652293,6420.309817485204,4779.314008535043,1309.0186075064978,41209.0,98988.0,41.6,True
2026-05-03 11:13:37.860083+02:00,16768.0,20898.626041803553,5796.294530245074,8628.889181749706,5116.378084229586,6591.801191145016,2903.176036870563,2874.8832529404153,49241.0,118819.0,41.4,True
2026-05-03 12:13:37.860083+02:00,20423.0,15970.53815476679,4884.184500246182,7282.083229641173,7095.1402660977365,7259.283711436168,4230.614130749399,1220.6188734309292,46729.0,115094.0,40.6,True
2026-05-03 13:13:37.860083+02:00,19815.0,12343.928526962009,3529.7663985508243,9459.545874068392,5667.452473064263,7862.869121400177,3742.2825676593075,1432.3418593806134,40863.0,104716.0,39.0,True
2026-05-03 14:13:37.860083+02:00,18976.0,17419.3832559402,4628.151038102458,6137.996576735117,5046.5951395983975,6124.663393407557,4878.188993813996,1869.1061631879518,47771.0,112851.0,42.3,True
2026-05-03 15:13:37.860083+02:00,19068.0,9488.539250817885,1801.2104756113777,8086.061946642563,4757.349078251496,7099.463771395653,4773.199343594914,2962.470256593528,38093.0,96129.0,39.6,True
2026-05-03 16:13:37.860083+02:00,14932.0,18406.79755221474,9554.172996106608,9373.715822024513,5496.300542609527,5648.339816165785,4016.4179045506535,1845.8716851233069,48755.0,118029.0,41.3,True
2026-05-03 17:13:37.860083+02:00,11061.0,17043.036538508837,2530.9760031552078,3869.394449918779,6124.649942733778,7185.006983583015,4767.815489405516,1984.0330549745947,37387.0,91953.0,40.7,True
2026-05-03 18:13:37.860083+02:00,7121.0,13460.95764430558,2936.067432305641,12243.262614660407,5913.858246334629,7061.509157175844,4891.557259996253,2716.0393019522817,31126.0,87470.0,35.6,True
2026-05-03 19:13:37.860083+02:00,5056.0,10807.071007763845,4119.481591227199,7433.696230240249,4502.202707267032,7008.415969942991,4037.2033359630736,1849.8409287172635,25870.0,70684.0,36.6,True
2026-05-03 20:13:37.860083+02:00,0.0,10566.595388582715,7576.151449704756,3949.920172647654,5487.172391165172,6094.069841191524,5235.966886215929,1410.7816435346622,24789.0,65110.0,38.1,True
2026-05-03 21:13:37.860083+02:00,0.0,17674.08668172955,5029.017998525308,8316.187797153572,5719.909611722418,5331.641836009111,3984.3294236651386,1791.3825823808427,28479.0,76326.0,37.3,True
2026-05-03 22:13:37.860083+02:00,0.0,21144.90251244531,2527.728407939075,8066.8869359463015,3489.2075187095325,4605.471562134524,3892.7395248320454,2685.3959169028885,30251.0,76663.0,39.5,True
2026-05-03 23:13:37.860083+02:00,0.0,11813.461264856025,7508.676721514679,7836.211240855014,5252.345811775542,5959.962792478901,4432.936294292172,2035.4324985275682,25791.0,70630.0,36.5,True
2026-05-04 00:13:37.860083+02:00,0.0,17291.93351775742,6462.001253570963,9982.382225853333,1758.0441705464573,7533.012542249183,3823.104634428843,2965.3291295281297,30542.0,80358.0,38.0,True
2026-05-04 01:13:37.860083+02:00,0.0,4564.864906989656,6076.869914432905,9494.889942854112,5723.800564731778,5690.155098635927,4042.669887897447,2368.9674631310777,17053.0,55015.0,31.0,True
2026-05-04 02:13:37.860083+02:00,0.0,12076.911346714001,6431.468482341681,8595.75238204769,5990.514581844022,6785.126585460054,4704.7172120254545,1677.5955318032584,24891.0,71153.0,35.0,True
2026-05-04 03:13:37.860083+02:00,0.0,14844.70533564549,9788.723801164902,8900.311267893296,6121.319188679689,6843.951400518931,4009.609426108635,2025.5381522325392,30669.0,83203.0,36.9,True
2026-05-04 04:13:37.860083+02:00,0.0,10451.582915090832,9370.189790072225,7791.283101123827,4407.429721745649,5716.313779072827,3152.491103512346,1573.3909409290602,24548.0,67011.0,36.6,True
2026-05-04 05:13:37.860083+02:00,0.0,10317.46812605202,3626.569313993409,11550.981698480096,5463.570252536052,7316.344837519519,4183.659693924598,1665.783484675615,19793.0,63917.0,31.0,True
2026-05-04 06:13:37.860083+02:00,114.0,11661.102217655569,8247.769985622304,5041.607963284467,7135.93076831175,3091.3392555194964,3651.8532104738024,4239.542125512879,27914.0,71097.0,39.3,True
2026-05-04 07:13:37.860083+02:00,4601.0,16460.963641631864,5766.336379517801,8279.303348431793,7120.654472436889,4777.2497212618255,4432.635578647273,2509.3122550169055,33770.0,87717.0,38.5,True
2026-05-04 08:13:37.860083+02:00,8314.0,14063.354907968127,5998.191632275499,8130.04926237756,4956.240951160159,5084.36770364154,4348.094857913123,2430.5489945033364,35154.0,88479.0,39.7,True
2026-05-04 09:13:37.860083+02:00,12413.0,3808.84383337514,1615.4583367133428,9626.560812129186,5208.979446094339,5180.28497713261,4735.700174083261,1688.409842345968,24261.0,68538.0,35.4,True
2026-05-04 10:13:37.860083+02:00,15944.0,4396.499236824669,4659.228469223608,6312.292245150202,6666.36671710165,6336.262951185896,4453.766150396348,2784.7920331405394,32238.0,83791.0,38.5,True
2026-05-04 11:13:37.860083+02:00,16309.0,11965.674110714122,3374.3528193268703,4512.654795206928,2748.796977106738,6290.037803053902,4545.122141829032,2549.7078008964686,38744.0,91039.0,42.6,True
2026-05-04 12:13:37.860083+02:00,18150.0,17288.43293026776,6656.117629786619,8313.646032196386,4515.386385984463,6393.990572175007,3665.4516199311433,2940.810644678885,48701.0,116625.0,41.8,True
2026-05-04 13:13:37.860083+02:00,20743.0,1262.4757863738268,7142.1610008056105,8562.460984437208,7003.355683305135,6596.081494132487,4401.993247945251,2916.5570741992246,36466.0,95094.0,38.3,True
2026-05-04 14:13:37.860083+02:00,19669.0,12501.349119241848,851.0272979673773,10979.198818895298,6462.800812527149,5049.895430854351,4984.225644680145,1260.4553559512392,39266.0,101024.0,38.9,True
2026-05-04 15:13:37.860083+02:00,17835.0,12368.760717412893,4955.930271991459,5459.275907349827,5553.895666474857,4781.823933192682,3655.675045681616,1445.0802553650465,40260.0,96315.0,41.8,True
2026-05-04 16:13:37.860083+02:00,15655.0,21941.68889104224,7243.723009588504,10309.38753343344,2741.251392004069,6396.319682007863,4899.869145863549,1498.1060922681818,51238.0,121923.0,42.0,True
2026-05-04 17:13:37.860083+02:00,12817.0,13074.890941435682,4626.64207537311,12734.828728054243,4925.134650438257,5369.767926353561,3725.3249543993347,1528.0296783337815,35772.0,94574.0,37.8,True
2026-05-04 18:13:37.860083+02:00,8138.0,16914.944923704643,6458.127290004729,7244.4702249550455,4115.1269056251,4429.524954632029,3574.014377475013,2161.7261821301954,37247.0,90283.0,41.3,True
2026-05-04 19:13:37.860083+02:00,3672.0,15706.285700437316,5702.330935254168,5418.115561013552,5496.55835422582,6971.344284541481,4148.100221677419,1716.5982739520912,30945.0,79776.0,38.8,True
2026-05-04 20:13:37.860083+02:00,196.0,4347.167600963998,5683.320463905253,7186.051267253258,3785.9799728076796,7395.101906502297,4357.955208064404,3036.2992703812592,17621.0,53609.0,32.9,True
2026-05-04 21:13:37.860083+02:00,0.0,18841.036083158688,4457.370043863405,8028.009934742761,3461.414907538089,7557.160889698659,4455.875061986132,2952.3399410408188,30707.0,80460.0,38.2,True
2026-05-04 22:13:37.860083+02:00,0.0,16076.98252728144,2566.838391728581,9127.57575001383,1902.7020834745376,6187.007721474721,3519.1187896133993,1996.76920296048,24160.0,65537.0,36.9,True
2026-05-04 23:13:37.860083+02:00,0.0,17541.343198372946,2756.939705149945,6817.210540323906,6832.707027465052,6625.932095972903,4217.270048627145,2977.6631080748953,27493.0,75262.0,36.5,True
2026-05-05 00:13:37.860083+02:00,0.0,34631.18853218164,6418.705028910635,11110.397068294684,4400.344232835414,7369.868223361911,3657.2227142582474,2744.067313620101,47451.0,117783.0,40.3,True
2026-05-05 01:13:37.860083+02:00,0.0,4579.435302507058,5038.916511037766,5770.935369983877,5235.718675553801,5358.584209976566,3255.5388719647117,1774.6467204113706,14649.0,45663.0,32.1,True
2026-05-05 02:13:37.860083+02:00,0.0,23623.48324880554,4722.975510785551,4521.5896956544,4996.642825288728,7110.6776840540915,3535.6318422336076,995.3923279872192,32877.0,82383.0,39.9,True
2026-05-05 03:13:37.860083+02:00,0.0,13562.762402998222,4152.219915355295,10213.420848574635,3398.849100559251,6275.396234143209,3624.549817022091,1891.0158075196352,23231.0,66349.0,35.0,True
2026-05-05 04:13:37.860083+02:00,0.0,16436.644522015045,4389.6223090384965,3450.757937587601,3111.40263282771,6913.711652342591,4260.797580176253,1677.6889344607634,26765.0,67006.0,39.9,True
2026-05-05 05:13:37.860083+02:00,0.0,14772.43877349379,7093.823588976278,7591.740462254567,3492.0273110041467,6186.0930208759355,4576.106831534335,2103.252812572915,28546.0,74361.0,38.4,True
2026-05-05 06:13:37.860083+02:00,0.0,12878.818333009782,4329.511836263947,14235.362258416095,3915.2473417559104,7296.256709748002,3263.3966850623665,2044.6141434373747,22516.0,70479.0,31.9,True
2026-05-05 07:13:37.860083+02:00,3171.0,12150.835358806205,2317.8705733968627,7975.912894080137,5549.909370520707,6223.523762541537,4175.9805371040275,2031.5088294496143,23847.0,67444.0,35.4,True
2026-05-05 08:13:37.860083+02:00,8053.0,16647.543677865047,6487.303551080347,5758.4646986075,3806.4235047190828,4516.020940532582,3411.6509071145465,2261.8423706895824,36861.0,87803.0,42.0,True
2026-05-05 09:13:37.860083+02:00,12496.0,7414.131516641604,4590.246672270566,7885.205072426413,7619.735947391932,7451.926632314722,4314.542704507,1393.7390264581609,30209.0,83375.0,36.2,True
2026-05-05 10:13:37.860083+02:00,16154.0,18752.895837608827,5062.791731065553,7898.398422760933,6540.726553839727,5052.469259027888,3688.634709498126,2205.680138784854,45864.0,111220.0,41.2,True
2026-05-05 11:13:37.860083+02:00,17294.0,12919.02797557373,8215.15661279902,8321.299880706232,6212.539324498563,7253.058210243915,3474.3354909883606,1780.191923491497,43683.0,109153.0,40.0,True
2026-05-05 12:13:37.860083+02:00,19685.0,9349.653304798212,4958.878885298986,9324.52596431924,4820.511646290275,5909.757118559678,4399.832257673787,2099.9910999318436,40493.0,101041.0,40.1,True
2026-05-05 13:13:37.860083+02:00,19245.0,12749.93571002093,5578.367346237451,5921.777663264522,7271.421103580726,7176.010985197707,3706.5386972774527,2478.704922616095,43759.0,107887.0,40.6,True
2026-05-05 14:13:37.860083+02:00,18887.0,21285.746084312865,2642.1530174033496,11375.096110473587,4672.991553318314,7134.768614866765,3842.018024323651,1387.8001133894852,48045.0,119273.0,40.3,True
2026-05-05 15:13:37.860083+02:00,16613.0,12323.324564918885,4560.66109529808,8490.228568745235,4953.107878768631,6430.142974315371,2890.005456221812,1859.3531736652153,38246.0,96366.0,39.7,True
2026-05-05 16:13:37.860083+02:00,14713.0,16792.2680910481,6219.052090417203,9453.588092803608,5254.961809623904,6508.535317627131,4473.275680711737,1940.7328829855678,44138.0,109493.0,40.3,True
2026-05-05 17:13:37.860083+02:00,11118.0,11345.218621422633,1889.2525323175155,6743.701200488715,6052.734560815016,6422.628617192566,4410.454260584554,1742.8655142146795,30506.0,80231.0,38.0,True
2026-05-05 18:13:37.860083+02:00,7702.0,18789.609249618097,5401.690186231419,10572.764273991066,5955.362118504478,3986.1752437189225,4002.728922140657,2449.9147480664788,38346.0,97206.0,39.4,True
2026-05-05 19:13:37.860083+02:00,5504.0,18427.53869395102,5201.5821452896125,7485.895182373871,4287.3120823330955,6118.3302188982025,3236.2095293221205,1639.8058205997643,34009.0,85910.0,39.6,True
2026-05-05 20:13:37.860083+02:00,0.0,24243.044166482057,5082.574911174879,8555.105026987063,4200.50942086107,4883.935823928105,4604.684589167382,1722.2998002788306,35653.0,88945.0,40.1,True
2026-05-05 21:13:37.860083+02:00,0.0,14122.180272503923,7074.317797316487,6133.787845625781,5959.854435728126,6171.187143745663,3666.868306819604,1645.0404335239677,26508.0,71281.0,37.2,True
2026-05-05 22:13:37.860083+02:00,0.0,18343.274023789534,5668.877029697043,6006.1367471957465,6072.854875836849,4857.057453616784,3773.323274949706,2546.0277057194007,30332.0,77600.0,39.1,True
2026-05-05 23:13:37.860083+02:00,0.0,15490.337697694722,7956.143796712888,9376.410612905765,4409.973312765691,4815.048058773925,5156.022028179766,1753.7779437938916,30356.0,79314.0,38.3,True
2026-05-06 00:13:37.860083+02:00,0.0,21479.358909315073,3012.8209688119277,7112.786339585228,2619.217895482319,7604.934501753902,3648.181777945385,2230.022695441778,30370.0,78077.0,38.9,True
2026-05-06 01:13:37.860083+02:00,0.0,11405.838061956349,5271.849134436696,6292.353824991245,4689.025855987633,7069.44738812419,4371.1049812132505,2987.852550615037,24037.0,66124.0,36.4,True
2026-05-06 02:13:37.860083+02:00,0.0,18725.026564386404,5168.933572779895,6713.633315945939,5935.288698238788,5995.857415055845,4281.046131041308,1962.5907898247074,30138.0,78920.0,38.2,True
2026-05-06 03:13:37.860083+02:00,0.0,14026.513519416592,2861.4910124898397,9397.906143434842,7708.125269629671,6184.768650249024,4195.086096440043,2556.0303400165785,23639.0,70569.0,33.5,True
2026-05-06 04:13:37.860083+02:00,0.0,14679.059114457512,6912.590004182692,6741.924277592778,3203.063056489007,5752.0839742569915,4141.000271277256,2835.677042046564,28568.0,72833.0,39.2,True
2026-05-06 05:13:37.860083+02:00,0.0,15458.762422241864,9649.346611705636,7764.690136795672,4360.14312075414,6569.876375979523,4188.1942809446,2513.595780020207,31810.0,82315.0,38.6,True
2026-05-06 06:13:37.860083+02:00,1149.0,16261.201982133387,4965.987851032338,8030.055500574194,4415.894657711935,5323.945633451195,4135.97029547027,1991.5993420111297,28504.0,74778.0,38.1,True
2026-05-06 07:13:37.860083+02:00,3747.0,14418.854784390209,6010.042176547534,4165.302227979402,7033.708009147252,6993.740262867957,3974.0408206119696,2321.0538794993067,30471.0,79135.0,38.5,True
2026-05-06 08:13:37.860083+02:00,8643.0,16073.565915852632,5169.036951630655,5057.747189252964,4947.587749312051,5746.913158985889,4755.641562055371,1356.3107034323273,35998.0,87748.0,41.0,True
2026-05-06 09:13:37.860083+02:00,14241.0,22890.590287810923,3572.8306601856484,8672.555778495125,3639.0101609416015,5580.153004168771,3343.6697196003606,1609.978420925024,45658.0,109208.0,41.8,True
2026-05-06 10:13:37.860083+02:00,15010.0,19927.24842807609,1358.4794443959677,6525.941277694606,5838.042924382728,6021.713018484843,4510.729052007689,1697.6624091840404,42504.0,103394.0,41.1,True
2026-05-06 11:13:37.860083+02:00,19832.0,19345.772962484483,3588.45303380927,10113.449822560837,4393.04221993858,5408.85317007439,4411.171149343776,3120.3060600871413,50298.0,120511.0,41.7,True
2026-05-06 12:13:37.860083+02:00,20206.0,12722.302369880646,2216.0832380965376,9933.614208501089,3163.4190899630685,6328.682349496483,4349.199560664701,1593.7077428723665,41087.0,101600.0,40.4,True
2026-05-06 13:13:37.860083+02:00,19438.0,10553.795858858379,8408.204156118236,9438.337332710875,3660.840039085774,5462.637410686601,4558.489713820064,1586.2616243690852,44545.0,107652.0,41.4,True
2026-05-06 14:13:37.860083+02:00,20131.0,19776.502791188766,4769.780612153521,11639.543574625195,7601.062931633929,6468.523602818836,3953.7003023658035,1478.0395098755082,50109.0,125927.0,39.8,True
2026-05-06 15:13:37.860083+02:00,18992.0,19380.23396264897,4308.161341905658,7833.821344513633,5576.313832474193,7216.006538911477,3065.512962086562,2279.9058809653807,48026.0,116678.0,41.2,True
2026-05-06 16:13:37.860083+02:00,16258.0,22363.35337875491,6778.307649575612,9297.763851807678,5161.640083178814,5280.678313191826,3963.853670142757,2071.310696334441,51435.0,122610.0,42.0,True
2026-05-06 17:13:37.860083+02:00,10900.0,11980.096870153851,2756.497794288224,6831.198046807938,4625.159396281931,5869.424542704829,3504.4028911877226,2543.3794885132825,31684.0,80694.0,39.3,True
2026-05-06 18:13:37.860083+02:00,7951.0,13852.256723198265,3466.271923990895,12904.739825737448,5438.223263178198,6461.3307130354215,3634.070395070968,2335.629833038677,31239.0,87283.0,35.8,True
2026-05-06 19:13:37.860083+02:00,4203.0,6802.5791873728285,5136.144538497242,11967.267304872039,5420.353919003742,5564.142645018593,3378.790163083794,1309.8050766379663,20830.0,64612.0,32.2,True
2026-05-06 20:13:37.860083+02:00,0.0,13037.644469695635,7057.537982846961,8023.760869035584,5438.253242310989,6464.320560826665,3761.3275707780826,1596.3611149948147,25453.0,70832.0,35.9,True
2026-05-06 21:13:37.860083+02:00,0.0,19982.852552897235,6003.370090337577,8773.172459810385,5172.26763541663,6555.39886065174,3701.6881530082755,2682.6643741379107,32371.0,85242.0,38.0,True
2026-05-06 22:13:37.860083+02:00,0.0,12667.52310385901,5496.650285031765,10718.595198729612,6303.197507458324,7083.261776294304,2811.2150850364487,1898.3508777115976,22874.0,69853.0,32.7,True
2026-05-06 23:13:37.860083+02:00,0.0,18202.39897600412,5156.235470472033,7705.720990371786,5034.656519001097,5394.009953915088,4350.110955641145,2593.795909009006,30303.0,78740.0,38.5,True
2026-05-07 00:13:37.860083+02:00,0.0,14047.484470010942,5800.47171105355,6686.75185840059,3533.0917466710416,5057.224759769526,5110.160929002441,1925.1595260423414,26883.0,69043.0,38.9,True
2026-05-07 01:13:37.860083+02:00,0.0,16620.285141107805,5403.305810258509,9747.979502013764,4081.3656636486976,5692.422610436256,4303.118596748144,1516.1717858557392,27843.0,75208.0,37.0,True
2026-05-07 02:13:37.860083+02:00,0.0,9261.543050921664,2940.0554504461284,8156.8784921673405,2031.4719597654316,5032.2476604529,3898.538021732886,1848.369611166647,17949.0,51118.0,35.1,True
2026-05-07 03:13:37.860083+02:00,0.0,15426.047248169505,5092.158443266303,8365.988899290522,8040.2256740635885,6564.498204047497,3972.626802161892,1515.975102225152,26007.0,74985.0,34.7,True
2026-05-07 04:13:37.860083+02:00,0.0,44.3201454963837,2852.622682164495,6331.457313864069,6294.13188792903,4838.248699823589,3789.5070659934117,1717.223618798788,8404.0,34272.0,24.5,True
2026-05-07 05:13:37.860083+02:00,0.0,14065.519209190075,5162.165085801647,4564.655703273207,3754.894257306145,8333.016418252688,4045.0207919334794,2100.462853282623,25373.0,67399.0,37.6,True
2026-05-07 06:13:37.860083+02:00,0.0,6847.6337814243,4038.704117023517,8472.284819758203,4577.23272590435,7295.92786157375,3981.4959529633834,2255.80254518451,17124.0,54593.0,31.4,True
2026-05-07 07:13:37.860083+02:00,2789.0,21029.97258273408,10078.763245565722,9809.9240829884,4044.68528869035,6012.575769600314,3579.4757848008526,1204.9043383728508,38682.0,97231.0,39.8,True
2026-05-07 08:13:37.860083+02:00,9107.0,18887.036763822558,4920.2112324965765,7548.386501847916,7313.820817061176,6867.394492997976,4841.444194473916,1991.3159962454508,39747.0,101224.0,39.3,True
2026-05-07 09:13:37.860083+02:00,12677.0,17333.354909830407,2191.5208674768223,10872.859039117733,2870.1842535936066,4363.198135689208,3256.4228821451143,1706.6921322201238,37165.0,92436.0,40.2,True
2026-05-07 10:13:37.860083+02:00,15908.0,22605.0311357969,4731.639578646151,6592.167349168911,5171.714088228169,8523.373331399558,4359.165771597123,1675.7925955205937,49280.0,118847.0,41.5,True
2026-05-07 11:13:37.860083+02:00,16743.0,10255.417395875815,6038.717491275776,5890.59109006816,4837.208236152728,5409.78538779951,3949.4011863412343,2066.3423095665385,39053.0,94243.0,41.4,True
2026-05-07 12:13:37.860083+02:00,18418.0,23736.815989577794,8346.727892305047,7865.539385607737,6240.257946063672,5879.502586100641,4950.415907532873,1724.774063655394,57177.0,134339.0,42.6,True
2026-05-07 13:13:37.860083+02:00,21053.0,19660.957821301923,3821.0952001225633,7834.814849297419,4843.986158412958,4144.066712811564,4170.432299624111,2691.068997423337,51397.0,119616.0,43.0,True
2026-05-07 14:13:37.860083+02:00,19459.0,13817.22356390527,1835.14405195272,9539.937462670445,2362.686685016847,6486.287304740895,3820.047231408376,2594.03093812553,41525.0,101439.0,40.9,True
2026-05-07 15:13:37.860083+02:00,18701.0,20678.10073591472,6633.674022861962,6450.07435187203,4623.323248036339,4893.655842922892,3876.1464007827512,2590.91414697102,52480.0,120927.0,43.4,True
2026-05-07 16:13:37.860083+02:00,15665.0,9468.532437941829,2238.8025882006978,10736.188473629796,3541.756673085012,6101.6557615660295,4019.9533472598805,1752.5449022548491,33145.0,86669.0,38.2,True
2026-05-07 17:13:37.860083+02:00,12500.0,10877.429192361633,4127.68911698503,11933.833925016508,5119.369319834841,5455.725567075462,3428.6046525017996,1518.7505825403389,32452.0,87413.0,37.1,True
2026-05-07 18:13:37.860083+02:00,9616.0,11957.051383801498,4484.759028978012,7921.711946063317,7151.26555478049,4922.256065069656,3616.5652374410442,2041.0149646940577,31715.0,83426.0,38.0,True
2026-05-07 19:13:37.860083+02:00,3934.0,12355.111459679923,4860.733093399784,10499.420840368637,2390.8621336515826,5195.638498237383,3107.528015404071,1924.8258168568664,26182.0,70450.0,37.2,True
2026-05-07 20:13:37.860083+02:00,96.0,9717.211786198735,6378.328914148671,5887.0058587494805,3799.6658969001446,6225.788034085521,3538.511550812953,1695.5884187883175,21426.0,58764.0,36.5,True
2026-05-07 21:13:37.860083+02:00,0.0,21115.415335476624,3632.731435427225,10150.443082363832,4170.960569324754,4718.509027131176,4046.953240830225,1412.1327766665192,30207.0,79454.0,38.0,True
2026-05-07 22:13:37.860083+02:00,0.0,13705.727998150842,4452.541495666479,10094.552817118925,4427.553356880183,5251.188328976423,4150.08752464226,1979.2410153659641,24288.0,68349.0,35.5,True
2026-05-07 23:13:37.860083+02:00,0.0,16762.524841784398,4971.459294101223,9726.874560379758,6110.188496157866,6663.273381264478,3010.335152501799,1797.9652748737633,26542.0,75585.0,35.1,True
2026-05-08 00:13:37.860083+02:00,0.0,12148.243167931598,5299.195915037576,7968.873822259412,4739.683373657919,8602.479874874312,3931.3941484778998,2344.17351851901,23723.0,68757.0,34.5,True
2026-05-08 01:13:37.860083+02:00,0.0,5896.983497257414,5195.654349415845,2091.5021175159372,5623.704088580667,6477.588819553005,4281.704975411066,2332.5530257607397,17707.0,49607.0,35.7,True
2026-05-08 02:13:37.860083+02:00,0.0,16350.28679195711,5872.01155044516,6716.545712695741,4061.3404344023356,5082.738357822713,3918.5439033118823,2550.3999027113587,28691.0,73243.0,39.2,True
2026-05-08 03:13:37.860083+02:00,0.0,5438.725122901116,6687.679019283474,6748.167964630796,5344.886518126907,5632.885829927689,3683.1056771111,1370.352224059981,17180.0,52086.0,33.0,True
2026-05-08 04:13:37.860083+02:00,0.0,14656.829769572658,5785.268231301936,6043.490123879045,6166.696446316572,6031.589006152578,3793.919427475893,2200.5291538468164,26437.0,71115.0,37.2,True
2026-05-08 05:13:37.860083+02:00,0.0,8158.424805835948,5907.171047018437,8244.486009094133,3901.5506753943673,5650.575049364293,3729.618322511389,1636.267146883164,19431.0,56659.0,34.3,True
2026-05-08 06:13:37.860083+02:00,1447.0,24936.379996154043,1835.5536665070445,7162.073108957531,6172.037179709772,6903.058166736933,3681.6347204459717,1389.7928945944577,33290.0,86818.0,38.3,True
2026-05-08 07:13:37.860083+02:00,4647.0,19556.813610873607,5100.455398331361,6350.775980469956,5078.5591530913525,6217.473483014224,4086.9117626224242,1785.698881525645,35177.0,88001.0,40.0,True
2026-05-08 08:13:37.860083+02:00,9710.0,15528.768956357402,5959.015096003217,5882.39970350436,6568.190360723379,6907.85238490987,5153.844113867725,2534.3524900673087,38886.0,97130.0,40.0,True
2026-05-08 09:13:37.860083+02:00,10984.0,21318.533388273343,6457.882389140901,6568.974029029543,4697.870149884539,5685.55620970237,3628.1500415474084,1813.8408232147578,44202.0,105357.0,42.0,True
2026-05-08 10:13:37.860083+02:00,15904.0,10768.42011267132,3615.2984515324115,10242.998423699857,5571.866982743149,7325.500219721256,3840.9286836692863,2782.727329979556,36911.0,96963.0,38.1,True
2026-05-08 11:13:37.860083+02:00,18909.0,17717.396893350466,3681.92145022271,6677.9498907450115,4939.090652482205,5833.514415718454,3974.151030312384,2274.4392577601666,46557.0,110564.0,42.1,True
2026-05-08 12:13:37.860083+02:00,19581.0,15999.052168593567,3851.7986494328034,6970.122587133455,4855.681606939132,5028.810130862008,3656.3227828208533,1802.9547605097116,44891.0,106637.0,42.1,True
2026-05-08 13:13:37.860083+02:00,21065.0,16320.100406668349,6072.827799782686,7086.6047699535075,5388.395642338534,8177.320381042222,4549.117901761713,2580.0242144532044,50587.0,121826.0,41.5,True
2026-05-08 14:13:37.860083+02:00,18981.0,21361.76750053384,7067.762109848417,8677.98702761884,5805.211203837355,4175.022253038884,2814.557313346781,2222.6983860571427,52448.0,123554.0,42.4,True
2026-05-08 15:13:37.860083+02:00,19429.0,18662.460513899012,4185.079785416797,8912.498977057066,3125.6526321139927,5261.261274695073,3734.470414810662,1533.7203057766474,47545.0,112389.0,42.3,True
2026-05-08 16:13:37.860083+02:00,17936.0,16443.618314125117,6815.924627254098,1910.6869215136758,7150.450413226817,5372.972148169605,4409.156868159981,2929.4013177902575,48534.0,111502.0,43.5,True
2026-05-08 17:13:37.860083+02:00,12107.0,6725.56281885852,5246.959618329189,10043.270427655216,2210.5054391753024,8508.306273056563,3852.952845805683,2129.7394115432385,30062.0,80886.0,37.2,True
2026-05-08 18:13:37.860083+02:00,8232.0,10199.768523602681,4751.4284456751275,10872.736068487508,3972.7818353916564,7806.858884146512,3589.5805205748543,2009.398095992746,28782.0,80217.0,35.9,True
2026-05-08 19:13:37.860083+02:00,5904.0,14386.45533202138,4577.231540364062,5899.6269252766615,4858.596393852649,7493.928143642198,4220.378377219382,1572.233665047192,30660.0,79572.0,38.5,True
2026-05-08 20:13:37.860083+02:00,1580.0,15466.861871383257,6493.222729204314,6055.40351053033,5618.533953628922,5669.341337623669,4453.171617698576,2589.769133803869,30583.0,78509.0,39.0,True
2026-05-08 21:13:37.860083+02:00,0.0,9348.981376630381,5651.155633574141,7099.493224443457,7364.258791612068,8426.178003841775,4105.3177226075295,2258.637713680653,21364.0,65618.0,32.6,True
2026-05-08 22:13:37.860083+02:00,0.0,27058.383377892103,9551.650855295275,6487.991961086791,2212.562767662339,6368.3520038409715,3599.3898200935582,2314.61909014762,42524.0,100117.0,42.5,True
2026-05-08 23:13:37.860083+02:00,0.0,22581.970276267864,3295.5507140053514,8447.853747893212,4238.458807415434,6977.263370303122,4228.101659575872,1746.2343282371157,31852.0,83367.0,38.2,True
2026-05-09 00:13:37.860083+02:00,0.0,18010.591601962416,6036.203404059952,4106.949427282272,1809.749768301102,6179.695381106207,3798.975349862605,2417.0502859550343,30263.0,72622.0,41.7,True
2026-05-09 01:13:37.860083+02:00,0.0,15360.184306418723,3941.597980376974,5764.14478392652,5047.432960865372,5950.533428676748,4372.593440946914,2455.9067967854007,26130.0,69022.0,37.9,True
2026-05-09 02:13:37.860083+02:00,0.0,13938.955150494241,3261.4260260227124,11078.394400349815,5407.525376750046,5748.221326073621,4741.629442428295,1665.6108806094387,23608.0,69450.0,34.0,True
2026-05-09 03:13:37.860083+02:00,0.0,10240.407699888823,4978.265725930056,6143.560065303965,7386.193613256879,5790.360006580838,2697.2116221557335,1291.5049301595045,19207.0,57735.0,33.3,True
2026-05-09 04:13:37.860083+02:00,0.0,15387.402592594313,5274.704958814072,10486.85655620585,5180.952141340181,6608.4916486780785,4055.533736597816,2290.686529669462,27008.0,76293.0,35.4,True
2026-05-09 05:13:37.860083+02:00,0.0,16288.762700713753,10836.347110120185,8710.676391180274,6566.0376941635695,6367.1997987753875,3132.1330315261866,1213.3265251971302,31471.0,84585.0,37.2,True
2026-05-09 06:13:37.860083+02:00,1551.0,8791.197122591879,4631.7083686335955,4381.464570823484,5875.7556223085885,5968.528629796316,5220.894292664885,2076.00788891889,22271.0,60768.0,36.6,True
2026-05-09 07:13:37.860083+02:00,3452.0,16670.882086224487,2739.6425410306333,9270.658390432412,4347.127704492247,7509.523992698854,3765.937733101905,1776.3774476063463,28405.0,77937.0,36.4,True
2026-05-09 08:13:37.860083+02:00,9662.0,14223.704755876257,5546.021434988771,7764.665395614294,2886.558879811941,3033.2469312592693,4373.1866209126865,2609.3326053944606,36414.0,86513.0,42.1,True
2026-05-09 09:13:37.860083+02:00,12256.0,5460.962210613045,850.7199249072637,7089.065887500519,5412.503447437716,6509.887247921195,3982.3415702025522,1803.5780546163965,24354.0,67719.0,36.0,True
2026-05-09 10:13:37.860083+02:00,15587.0,10698.07494610249,4816.0864347914685,8489.914186344007,2761.8469742819543,6717.738706658979,3598.45770964047,2553.636486001902,37253.0,92476.0,40.3,True
2026-05-09 11:13:37.860083+02:00,18694.0,12931.972332891779,5032.050564590321,8949.266971133584,6942.810609004466,7146.962868255169,3538.973476411287,1742.8952778184869,41940.0,106919.0,39.2,True
2026-05-09 12:13:37.860083+02:00,18376.0,24438.43828670095,6589.200765890423,9415.18364394924,4756.906846944764,5935.128558946639,4792.839586550379,2499.9955025298054,56696.0,133500.0,42.5,True
2026-05-09 13:13:37.860083+02:00,20382.0,17782.76562266879,6947.244498855694,10356.505695096004,6792.766117267125,6207.920067383958,4477.969030089155,3030.170771918416,52620.0,128597.0,40.9,True
2026-05-09 14:13:37.860083+02:00,19665.0,8322.592154500544,3992.860762184565,8816.271825556712,4279.678348801401,6985.9483833147215,4971.792043688782,1465.9764308168797,38418.0,96918.0,39.6,True
2026-05-09 15:13:37.860083+02:00,18512.0,17430.181447088184,4698.771970740134,5248.731822427277,5403.2761796014875,7491.16640428018,4027.7266675788496,2146.017860865454,46815.0,111773.0,41.9,True
2026-05-09 16:13:37.860083+02:00,15926.0,7263.480055308172,3467.758338778658,7052.709084697618,5314.023286002033,5699.464014821232,4143.9598106230005,3374.3912079550328,34176.0,86418.0,39.5,True
2026-05-09 17:13:37.860083+02:00,14925.0,20413.455269435366,2743.874890384612,13886.096670537243,4932.433822983614,6266.97578312756,3866.404217172356,2033.2944134514607,43982.0,113050.0,38.9,True
2026-05-09 18:13:37.860083+02:00,8040.0,12644.376740910608,5619.789558761269,9448.982120763456,4351.0107299051115,7678.573964348758,3856.4588984424954,2030.8941351148242,32192.0,85862.0,37.5,True
2026-05-09 19:13:37.860083+02:00,3919.0,14531.819056304146,2452.8289028068016,12738.574601622993,5588.68402770578,3875.972924121149,3479.056533761316,2394.2494736755098,26777.0,75757.0,35.3,True
2026-05-09 20:13:37.860083+02:00,0.0,21628.98323771095,4170.746198856274,10790.868164398371,3610.7551047751876,5309.987400185415,4042.0050954621756,2020.5404320473772,31862.0,83436.0,38.2,True
2026-05-09 21:13:37.860083+02:00,0.0,8564.18215707875,3009.652080201525,8483.604143111497,3185.847006561412,7465.835978602963,3605.3767025569014,1146.3870027147236,16326.0,51787.0,31.5,True
2026-05-09 22:13:37.860083+02:00,0.0,8014.409074435044,6099.366372580519,8602.814139562235,6864.240339990241,7092.537833608303,4220.954461082101,2566.143687419469,20901.0,64361.0,32.5,True
2026-05-09 23:13:37.860083+02:00,0.0,12082.003368269976,8602.860198532977,7926.839920246309,6090.751983338151,6522.445210926694,4085.005109490105,998.5257930674036,25768.0,72076.0,35.8,True
2026-05-10 00:13:37.860083+02:00,0.0,20191.894255096584,2396.8240343933376,4524.390768307001,5098.83741290336,5551.40312689088,4143.841021837861,1791.604174430829,28524.0,72223.0,39.5,True
2026-05-10 01:13:37.860083+02:00,0.0,7403.269622615788,1293.9630342048617,8036.094504936448,7497.713573815672,5118.18150101458,4837.5649698451125,2603.712874578324,16139.0,52930.0,30.5,True
2026-05-10 02:13:37.860083+02:00,0.0,839.2220094471559,4750.226229299865,10421.349105084395,4598.3517219127325,5408.784380757626,3981.141025117204,1821.7287856786072,11392.0,43213.0,26.4,True
2026-05-10 03:13:37.860083+02:00,0.0,12744.205707955007,5031.395591915517,6800.720010357592,6984.054829983469,7548.008220818692,4378.363501426714,1653.1517537677978,23807.0,68947.0,34.5,True
2026-05-10 04:13:37.860083+02:00,0.0,17758.7039995546,5437.318613514595,8823.905998123619,5263.361127388733,5371.557310844653,5025.754732042791,2439.6319525832805,30661.0,80781.0,38.0,True
2026-05-10 05:13:37.860083+02:00,0.0,21001.308748694148,4107.35896953131,9703.182091786395,3462.873874885415,6101.422964239658,4653.308534647524,1574.4426065828068,31336.0,81940.0,38.2,True
2026-05-10 06:13:37.860083+02:00,203.0,12684.193189573005,4598.721402349136,6180.639121375049,7772.060287656275,5246.292355138254,4576.584849227423,1388.8871402040231,23451.0,66101.0,35.5,True
2026-05-10 07:13:37.860083+02:00,2935.0,12942.866964419987,5735.020821081204,7097.394271312671,6486.066269936127,6842.774030099027,3846.65589223975,2137.2569937466415,27597.0,75620.0,36.5,True
2026-05-10 08:13:37.860083+02:00,10225.0,20769.503671278737,7080.861785289678,5964.177019045682,4818.468453485653,5461.273719653559,4114.821527783898,1908.5383507937045,44099.0,104442.0,42.2,True
2026-05-10 09:13:37.860083+02:00,14266.0,5651.291501522897,1089.9024593634344,6355.668786621186,6090.756889300924,5902.406109845586,3340.861853985029,1378.163442905579,25726.0,69801.0,36.9,True
2026-05-10 10:13:37.860083+02:00,15024.0,13057.396124084953,4262.121121937075,5424.789432693878,4394.44484900314,4316.617866957175,4249.457200482208,2318.476269997435,38911.0,91958.0,42.3,True
2026-05-10 11:13:37.860083+02:00,17632.0,15952.119449625288,5427.617587882127,6199.103077243946,6243.723552589313,4386.631763795061,4137.230088806921,2232.243802788617,45381.0,107592.0,42.2,True
2026-05-10 12:13:37.860083+02:00,19784.0,17246.093606425173,3164.047790778528,10838.911361595678,1413.3821520740607,6007.673193321506,4011.6925625780905,1820.122491697184,46026.0,110312.0,41.7,True
2026-05-10 13:13:37.860083+02:00,20334.0,12450.966534045587,8462.339263534599,6169.045941819415,3470.297999458109,4674.842844802238,4513.59739412143,1854.3339969375268,47615.0,109544.0,43.5,True
2026-05-10 14:13:37.860083+02:00,20157.0,15172.205058529207,3729.1802395425257,8252.91843812138,6468.889616430444,8105.086639334502,3396.1125887878015,2235.1963710045784,44690.0,112207.0,39.8,True
2026-05-10 15:13:37.860083+02:00,20030.0,2558.363232935053,4917.414625985434,6994.262492658088,4625.516692671621,3938.4768878877503,4817.431425580174,2595.1807098760332,34918.0,85395.0,40.9,True
2026-05-10 16:13:37.860083+02:00,15460.0,11708.757938330758,6112.044193684582,10357.731874073877,5311.313442333113,5199.824701335896,4450.882343970142,1858.6033949453376,39590.0,100049.0,39.6,True
2026-05-10 17:13:37.860083+02:00,11671.0,17267.54356277234,3817.430422396211,10622.324593207233,2979.8215068268482,6016.70086726755,3964.683010174013,2327.344246504072,39048.0,97715.0,40.0,True
2026-05-10 18:13:37.860083+02:00,7298.0,10088.529828726601,1306.853904391166,9728.139964277894,7771.800493553154,5634.8670622042155,3925.635206091303,2282.6001085422995,24902.0,72938.0,34.1,True
2026-05-10 19:13:37.860083+02:00,3719.0,15294.921107947986,4142.690946166934,8612.269106205511,6785.794465576515,4895.854543336081,4240.305607624297,2439.653646354488,29837.0,79967.0,37.3,True
2026-05-10 20:13:37.860083+02:00,0.0,17234.36250401349,7058.881111854082,7537.880926318203,4698.972172437006,5042.072160504732,4760.42561603189,2019.6545993717327,31073.0,79425.0,39.1,True
2026-05-10 21:13:37.860083+02:00,0.0,13287.253995711175,4326.209746429723,5616.2505916175005,4392.956214705011,5009.345922500762,4050.8038593450055,1543.8372429668211,23208.0,61435.0,37.8,True
2026-05-10 22:13:37.860083+02:00,0.0,15852.318854982854,3307.131397082043,11887.057762244394,6544.40654212954,5713.278305179937,4072.0154509896133,1768.7504234000153,25000.0,74145.0,33.7,True
2026-05-10 23:13:37.860083+02:00,0.0,10186.33717357694,6851.344419005443,6480.653964494893,7973.705675253392,7951.929089517424,4009.0592388129357,2171.426732890824,23218.0,68842.0,33.7,True
2026-05-11 00:13:37.860083+02:00,0.0,13966.943601519766,4338.450207953894,9327.292694065683,6430.640383717031,6077.93729655821,4891.012056350736,2909.2321891907964,26106.0,74048.0,35.3,True
2026-05-11 01:13:37.860083+02:00,0.0,18051.080847946112,3979.6783726995654,10119.131145246794,8257.704001094902,7182.900489387524,3815.558448531488,1757.9901884018607,27604.0,80768.0,34.2,True
2026-05-11 02:13:37.860083+02:00,0.0,15784.864804842171,5298.9121793266195,6889.439006189341,3616.4730064071227,6506.976345828141,3985.2462006904643,2402.3937217636994,27471.0,71955.0,38.2,True
2026-05-11 03:13:37.860083+02:00,0.0,12067.343652180323,6541.5004192375745,10076.025054631924,3770.919754251814,7113.8623979822205,4731.717827130497,1835.97177466162,25177.0,71314.0,35.3,True
2026-05-11 04:13:37.860083+02:00,0.0,16121.082021453965,9763.427063465093,9528.42640667771,3216.588322919977,3200.0356974064143,4073.5054168064316,2055.234377943068,32013.0,79971.0,40.0,True
2026-05-11 05:13:37.860083+02:00,0.0,18573.04895318309,6654.472215314846,11455.92767076353,5662.64097447422,5695.54197885177,4568.5294300227615,2757.6983746317965,32554.0,87922.0,37.0,True
2026-05-11 06:13:37.860083+02:00,682.0,4750.29360711261,7319.6799327766885,7061.3070671465775,5263.405324706555,7307.135423150714,3544.3599715485207,2382.146290710217,18678.0,56988.0,32.8,True
2026-05-11 07:13:37.860083+02:00,6297.0,20795.370324779487,3988.0676020242895,5428.27196544057,4772.073314792021,5428.264177250667,3897.353739185743,1379.3503636295216,36357.0,88343.0,41.2,True
2026-05-11 08:13:37.860083+02:00,9262.0,13318.72630659464,2948.2637880610473,6989.020489110978,6213.887942184948,7762.473164869612,4742.217019220114,1713.7624880942046,31985.0,84935.0,37.7,True
2026-05-11 09:13:37.860083+02:00,12111.0,17127.44966620115,5124.662699238246,8417.707085068663,6848.492907821996,7483.890153767761,3661.8301421182273,2628.1106722206796,40653.0,104056.0,39.1,True
2026-05-11 10:13:37.860083+02:00,16227.0,20986.23461822614,5214.339830519192,8116.425454170113,2711.506386069737,5530.869283872537,3924.350480115146,2070.939021314248,48423.0,113205.0,42.8,True
2026-05-11 11:13:37.860083+02:00,19128.0,8141.63151384767,2842.974517270806,7213.124207450899,4104.541958148327,5496.836480953643,4128.342615445739,1425.579940192068,35667.0,88148.0,40.5,True
2026-05-11 12:13:37.860083+02:00,20319.0,11452.794987862268,4649.410940191974,4181.605082045515,6230.21539118459,4986.394157645531,3505.4227410035064,1590.5237775131395,41517.0,98432.0,42.2,True
2026-05-11 13:13:37.860083+02:00,20507.0,13557.256520621477,5798.635203438262,8940.965992258212,4298.391974212127,5370.405768136202,3793.0949406890513,2351.746761355586,46008.0,110625.0,41.6,True
2026-05-11 14:13:37.860083+02:00,20565.0,11081.232394377857,5720.78679003616,11944.688958164399,3802.690885462769,4767.410935831085,4056.31834091282,2497.205140608815,43921.0,108356.0,40.5,True
2026-05-11 15:13:37.860083+02:00,19189.0,23674.68287918404,6008.5757067685445,8928.502476246007,6527.806141475592,6428.811180433006,4023.3408670809804,2008.9276507410873,54905.0,131695.0,41.7,True
2026-05-11 16:13:37.860083+02:00,17019.0,10716.139530866036,5581.929460274886,9218.271038107026,3065.74989541403,4543.953506653566,4640.176010418568,3237.6569004680514,41195.0,99218.0,41.5,True
2026-05-11 17:13:37.860083+02:00,13119.0,12222.266102565667,3985.982681459888,9144.890612310204,4547.630288313342,6603.733016190222,4770.728597416127,2412.0761817278194,36510.0,93316.0,39.1,True
2026-05-11 18:13:37.860083+02:00,8511.0,16021.945158014883,3972.1987467023137,8794.0933397648,5492.966038707213,6628.078696900248,3571.957563999544,1878.2594651835498,33955.0,88825.0,38.2,True
2026-05-11 19:13:37.860083+02:00,4597.0,8989.252369619557,2602.0972040122483,9863.33193373619,4139.270129134822,4338.795594816078,4055.6342595837446,1592.146975950328,21836.0,62014.0,35.2,True
2026-05-11 20:13:37.860083+02:00,1207.0,13021.59644121868,8569.55007837019,8790.747362371332,6174.733484019762,7549.818606328339,4337.124154212383,1512.5578476804794,28648.0,79811.0,35.9,True
2026-05-11 21:13:37.860083+02:00,0.0,16587.266306250876,5026.900729238586,7374.645660693448,4146.684537203946,6513.6092944152215,4758.173732899599,2167.7106602401846,28540.0,75115.0,38.0,True
2026-05-11 22:13:37.860083+02:00,0.0,13335.697978087444,4550.293888410296,6408.022179982492,7112.929240168879,6749.698021444869,4359.245148658565,1755.6114775432966,24001.0,68272.0,35.2,True
2026-05-11 23:13:37.860083+02:00,0.0,14533.06570550026,3142.4158370950827,7502.052689438649,4811.380553756341,5241.334798457227,4145.456700796166,2836.8718769917123,24658.0,66871.0,36.9,True
2026-05-12 00:13:37.860083+02:00,0.0,12353.339437758146,10871.315804655556,8628.258992901332,6006.90520505803,6622.379118473119,4333.271265991315,2733.1559014589297,30291.0,81840.0,37.0,True
2026-05-12 01:13:37.860083+02:00,0.0,7427.648454096166,2853.343935554209,7367.834077754053,6119.035929474225,7126.393449722065,4336.88441716813,2316.5332737486137,16934.0,54482.0,31.1,True
2026-05-12 02:13:37.860083+02:00,0.0,16607.966056696194,4142.304148787854,8628.67736626286,4058.689995883891,5901.391600995323,3536.1428538578157,1410.501913521552,25697.0,69983.0,36.7,True
2026-05-12 03:13:37.860083+02:00,0.0,23774.665358236205,5831.673672572121,8878.300267400835,1919.770177016167,8001.922459248361,4096.399396253134,1663.8905637237976,35367.0,89534.0,39.5,True
2026-05-12 04:13:37.860083+02:00,0.0,15092.008153917192,6200.425931488556,9666.358862540364,5541.133631995752,6044.064634912937,4729.580497094345,2627.8387628705505,28650.0,78551.0,36.5,True
2026-05-12 05:13:37.860083+02:00,0.0,16126.320586237747,6915.864110431368,10565.58993767796,5108.4325206873045,7140.785800452474,3896.3216156529975,1718.466900102449,28657.0,80129.0,35.8,True
2026-05-12 06:13:37.860083+02:00,645.0,18463.613775584297,8615.217015538527,8156.014836957715,5833.739041362691,6293.008807258655,4064.723321273722,2561.070866959762,34350.0,88982.0,38.6,True
2026-05-12 07:13:37.860083+02:00,6614.0,8653.347517266504,6012.3153109214245,5384.446869704679,4660.208791425743,6585.521532856867,3878.741775236989,2237.3019615173807,27396.0,71422.0,38.4,True
2026-05-12 08:13:37.860083+02:00,8370.0,23512.573290648026,2887.9384000666646,7309.79180636162,4354.358451798927,4328.6677323652275,2843.0702521965623,2025.8589424065935,39639.0,95271.0,41.6,True
2026-05-12 09:13:37.860083+02:00,12689.0,16011.64398211401,4486.109749756437,8088.125134813199,8012.709516472549,6371.053738215363,4010.2950886173394,1648.5835935322793,38846.0,100164.0,38.8,True
2026-05-12 10:13:37.860083+02:00,15886.0,23159.284495445543,5615.66474502777,4328.46248764582,2791.4689077338335,5265.024898742734,4150.895965326436,1952.878078237624,50765.0,113915.0,44.6,True
2026-05-12 11:13:37.860083+02:00,19597.0,11334.835022380053,9136.452083011647,10777.329040204964,6100.925717546357,5153.601694222312,3743.753304559549,2094.823977437449,45907.0,113846.0,40.3,True
2026-05-12 12:13:37.860083+02:00,19403.0,24090.309612789126,2204.389043151406,8284.755825020933,4138.097212724913,7744.103184465978,3422.6815255576357,2516.269449150561,51637.0,123441.0,41.8,True
2026-05-12 13:13:37.860083+02:00,20279.0,18875.777470173914,7405.1530104504545,8762.70566916057,4496.332073389367,5786.229751937651,3559.6967701091753,1557.1321996831227,51677.0,122399.0,42.2,True
2026-05-12 14:13:37.860083+02:00,20106.0,17765.200429261793,5359.8287390928335,10731.052925052532,4524.345751139052,4996.698169024503,4382.093808067782,1868.5915787369424,49482.0,119216.0,41.5,True
2026-05-12 15:13:37.860083+02:00,18206.0,16170.12227176574,6675.661070458961,6739.714339715307,3794.8485887431143,5640.868371891125,4986.262386523453,2022.4115659661425,48060.0,112296.0,42.8,True
2026-05-12 16:13:37.860083+02:00,15190.0,13757.356909627753,4796.010566728136,9148.08386176806,5856.83631535436,4699.549771078086,4691.216670452716,2331.339178843082,40766.0,101236.0,40.3,True
2026-05-12 17:13:37.860083+02:00,12664.0,21002.658292369364,3315.1347397473473,7780.271753796129,7085.9653939249365,7433.88446819627,3327.8269975847243,1545.7678312386115,41855.0,106011.0,39.5,True
2026-05-12 18:13:37.860083+02:00,9751.0,15701.799349240235,6501.745558802664,7631.826265968161,5705.020491869992,5304.319255833485,4427.313655275351,1341.7151035563925,37724.0,94089.0,40.1,True
2026-05-12 19:13:37.860083+02:00,3424.0,5164.651482064239,6308.862054211242,6455.615224391242,5155.072994318142,6529.299933943669,3668.418812095355,2336.982575855025,20903.0,59946.0,34.9,True
2026-05-12 20:13:37.860083+02:00,133.0,9414.067691464988,6944.113931479444,11331.206427373054,3520.33925135113,7356.106714210326,3708.866468745611,1241.0254425266485,21441.0,65090.0,32.9,True
2026-05-12 21:13:37.860083+02:00,0.0,14070.771239036263,4973.390729242729,7248.999919848859,5775.2378987366765,5499.8473187852705,3769.012201014358,2642.489857381084,25456.0,69436.0,36.7,True
2026-05-12 22:13:37.860083+02:00,0.0,16549.994915827774,3800.355953360301,9398.928493791404,8234.524447593947,6532.022432272786,4353.033474927715,1922.036951258546,26625.0,77416.0,34.4,True
2026-05-12 23:13:37.860083+02:00,0.0,14717.057555500522,1882.4260099523167,4249.985225056127,4428.958064307361,4969.91394509557,4479.626688224519,1226.2344588627768,22305.0,58259.0,38.3,True
2026-05-13 00:13:37.860083+02:00,0.0,21094.853948968317,6638.7465362788125,10359.977059379573,4436.024630972201,8445.769569113683,3950.984464360106,1759.7898902982529,33444.0,90130.0,37.1,True
2026-05-13 01:13:37.860083+02:00,0.0,5244.490679806875,5847.778964887972,10104.422311914117,4158.366303528504,6936.380134616622,3959.4646294959875,2189.5618165346186,17241.0,55681.0,31.0,True
2026-05-13 02:13:37.860083+02:00,0.0,15717.9396825258,3068.434734272081,8194.868220594606,4265.878648258369,5807.393561239194,4232.131871617897,1733.6494562225112,24752.0,67772.0,36.5,True
2026-05-13 03:13:37.860083+02:00,0.0,5910.103873064227,3922.8526534067514,7546.115067724151,882.0506694914229,5227.166269111036,4283.997269762121,2010.0148744121736,16127.0,45909.0,35.1,True
2026-05-13 04:13:37.860083+02:00,0.0,18798.56147742084,4066.482376097119,8800.000011227134,5607.553078783569,5886.003447160374,4588.112853379264,2370.039182852643,29823.0,79940.0,37.3,True
2026-05-13 05:13:37.860083+02:00,0.0,14527.706427789986,2034.0311360351639,12577.58132176058,3731.6717354680795,5660.016277648481,3357.8140122454006,1898.9048323061902,21818.0,65606.0,33.3,True
2026-05-13 06:13:37.860083+02:00,0.0,17098.04986012059,3364.6352067897324,4473.526602193029,2584.6053218122997,7952.944553999507,4010.013669902015,1531.4711617669332,26004.0,67019.0,38.8,True
2026-05-13 07:13:37.860083+02:00,2252.0,10680.585197051169,2732.339286387292,9564.054775148255,6129.784924598824,4774.465277785098,3465.9878120544113,1850.5080013140796,20981.0,62431.0,33.6,True
2026-05-13 08:13:37.860083+02:00,9118.0,21397.324658288755,4175.041976224126,6176.765395692195,3376.9733224370957,6134.801423290203,3974.5288604682983,2707.42006822963,41372.0,98433.0,42.0,True
2026-05-13 09:13:37.860083+02:00,11968.0,20208.623320294257,3522.6050033408746,7960.163207400537,4491.996419174364,5981.66193336629,3886.9123561596193,2842.532172666592,42429.0,103291.0,41.1,True
2026-05-13 10:13:37.860083+02:00,14615.0,17917.72151505944,1745.9901582665025,7504.239761842674,7199.66358678287,5882.589699655131,3976.625273048649,990.0369130288624,39245.0,99077.0,39.6,True
2026-05-13 11:13:37.860083+02:00,18728.0,14352.413765682797,9045.180461138963,7143.363484404488,2886.17630296323,5891.383345061658,3600.128555944734,2545.5139545957386,48271.0,112463.0,42.9,True
2026-05-13 12:13:37.860083+02:00,19742.0,17899.28642647566,7505.0814620584615,7979.069741894541,2701.102648103357,5883.929189879516,3256.355103396286,2125.073858017678,50528.0,117620.0,43.0,True
2026-05-13 13:13:37.860083+02:00,19436.0,11465.537160063255,3441.961156960029,5731.657709444419,5403.9592843435075,6873.0660663321,2952.7812366425487,2461.991339560075,39758.0,97525.0,40.8,True
2026-05-13 14:13:37.860083+02:00,18218.0,19277.778295103562,5544.84279330722,10058.360872255935,6724.231046015553,6608.984446492435,3934.4099228675796,1724.755869866185,48700.0,120791.0,40.3,True
2026-05-13 15:13:37.860083+02:00,18892.0,23247.404471619604,5834.93017964259,4411.7129776028,2638.4874234020554,6418.911611372787,3784.4994470835304,1115.8682452492571,52875.0,119219.0,44.4,True
2026-05-13 16:13:37.860083+02:00,16287.0,20353.05279989593,7382.171709546954,9079.529025656684,5611.534605255765,2966.010637854731,3662.0311675980865,2292.244394323731,49977.0,117611.0,42.5,True
2026-05-13 17:13:37.860083+02:00,12371.0,11351.987650962952,3362.7899466798426,7346.928294930858,5871.499309942538,6299.7948741631635,4661.27423141583,1529.5113693586416,33277.0,86072.0,38.7,True
2026-05-13 18:13:37.860083+02:00,10524.0,16807.086586365513,7184.213567964853,5658.150212385093,1911.2592744615195,4344.360639829918,3570.2809066023447,1305.8537842575738,39391.0,90696.0,43.4,True
2026-05-13 19:13:37.860083+02:00,3380.0,8534.29228120676,3904.18939158613,8404.76674119739,6197.75200686083,6646.320163135825,4708.417041069401,1340.7993087632667,21868.0,64985.0,33.7,True
2026-05-13 20:13:37.860083+02:00,0.0,17861.95155587838,2328.2751916627735,4886.0978265870435,6314.908819763269,7474.497367570515,4811.921872134629,2300.4568912076675,27303.0,73281.0,37.3,True
2026-05-13 21:13:37.860083+02:00,0.0,17253.017064312695,6448.273118628995,8079.42764343927,4532.3216401159625,5073.760887411449,3024.5497666053097,2069.7262330145986,28796.0,75277.0,38.3,True
2026-05-13 22:13:37.860083+02:00,0.0,5650.91830233918,7581.516848244856,5154.246184376891,6878.519543447012,5738.219277657293,4046.190729499485,2391.233010937337,19670.0,57111.0,34.4,True
2026-05-13 23:13:37.860083+02:00,0.0,9191.08078043818,10175.817947061369,8922.544168635663,6704.683361487268,5400.644294947003,3800.1517545820047,2334.5376272481826,25502.0,72031.0,35.4,True
2026-05-14 00:13:37.860083+02:00,0.0,13584.305516281165,2600.549469819573,6151.2853327392495,5154.676888575807,7235.431775756801,2544.0980276413675,1789.533217708117,20518.0,59578.0,34.4,True
2026-05-14 01:13:37.860083+02:00,0.0,13495.701264295869,6397.839370161578,7098.011965941381,4322.8319145126,6095.027885272073,3277.679373465793,1964.7632130612722,25136.0,67788.0,37.1,True
2026-05-14 02:13:37.860083+02:00,0.0,8952.615322905975,4180.397512412934,8587.898775886324,3540.7581611255646,7728.329380566333,4387.4680535542375,1744.2812356087302,19265.0,58387.0,33.0,True
2026-05-14 03:13:37.860083+02:00,0.0,16944.89364676092,6566.7174210480625,6454.915776315528,4943.654735950713,6413.754202947388,5009.599626355632,1894.8361135672546,30416.0,78644.0,38.7,True
2026-05-14 04:13:37.860083+02:00,0.0,16257.36804470256,2059.020897537499,7884.072000663395,5854.638379556269,6242.450180635819,4451.339071349625,1516.372631009467,24284.0,68549.0,35.4,True
2026-05-14 05:13:37.860083+02:00,0.0,14028.654340107403,2474.460448602872,4972.338997510293,4513.7347084390385,6068.206782602836,4161.816236256489,2195.2421469371675,22860.0,61274.0,37.3,True
2026-05-14 06:13:37.860083+02:00,343.0,11221.042499208186,3448.2503536670324,9261.751207192312,1703.7484921069554,6817.992099257337,3989.333809184456,2537.560374490878,21539.0,60862.0,35.4,True
2026-05-14 07:13:37.860083+02:00,4907.0,20243.535632082818,5157.928091336169,11529.827611101544,6903.0708418648555,4262.313801754657,4841.331457324057,1591.6934850895068,36741.0,96178.0,38.2,True
2026-05-14 08:13:37.860083+02:00,9247.0,23277.035565441474,3717.837466923289,13584.417735819923,5285.33483276734,6085.34395552051,5074.11960097882,2640.634822700671,43957.0,112869.0,38.9,True
2026-05-14 09:13:37.860083+02:00,12918.0,12582.192580767314,6318.10868782684,8182.336293332878,4430.56325498475,5929.953556272035,3706.578660237907,2056.760748238971,37582.0,93706.0,40.1,True
2026-05-14 10:13:37.860083+02:00,16279.0,11939.165414225896,7053.789236515829,9576.408281594373,6285.737582634933,6725.418827157766,3000.0067198448546,2120.539488202907,40393.0,103373.0,39.1,True
2026-05-14 11:13:37.860083+02:00,19349.0,17456.03832705998,6199.155082490712,4438.748654185021,7286.957894724134,5812.298394125964,2950.9062683643992,1150.285240196241,47105.0,111748.0,42.2,True
2026-05-14 12:13:37.860083+02:00,19695.0,13209.85310126507,8237.575279321736,11005.468652611176,797.1326457681625,4961.26556583733,4660.940496079901,1096.368845217133,46900.0,110564.0,42.4,True
2026-05-14 13:13:37.860083+02:00,20709.0,14303.013996683829,5831.653258910686,9552.457009448211,5651.395474883107,6007.3506749196995,3976.4707296128067,2072.058181389841,46892.0,114995.0,40.8,True
2026-05-14 14:13:37.860083+02:00,19409.0,18698.265758623358,2566.2065793196657,7032.133110097534,2860.026183784479,4917.159471131657,4091.6209552293594,2394.866062316004,47160.0,109129.0,43.2,True
2026-05-14 15:13:37.860083+02:00,19459.0,5453.219562463535,7726.75302707668,10474.361600578019,5748.665760198412,4074.7377874125145,3104.6745035216436,1664.3097781775239,37408.0,95114.0,39.3,True
2026-05-14 16:13:37.860083+02:00,14960.0,21591.511624263345,3789.6875287880052,7491.047846709317,5191.890803561869,6727.122481485493,3623.405543605767,2835.046950291545,46800.0,113010.0,41.4,True
2026-05-14 17:13:37.860083+02:00,14271.0,15363.402621646706,6820.83699937114,7083.949633970887,5953.589789660825,6579.061572694671,3852.259593049609,2367.467987127158,42675.0,104967.0,40.7,True
2026-05-14 18:13:37.860083+02:00,8638.0,12942.5342771891,8147.468433110213,8950.669850854982,4251.128578258017,6467.090943993575,4103.9191916820355,1545.8293741460075,35378.0,90425.0,39.1,True
2026-05-14 19:13:37.860083+02:00,3020.0,14553.829228892755,5913.376021460798,5873.291000339363,2190.139832271272,7302.928421945811,3800.7039805431205,2015.4243335267536,29303.0,73973.0,39.6,True
2026-05-14 20:13:37.860083+02:00,128.0,14812.146775102594,2007.6823736707006,10043.249528799895,4324.447713114998,5334.968109696075,3481.3369008493287,3238.464566861706,23668.0,67038.0,35.3,True
2026-05-14 21:13:37.860083+02:00,0.0,6343.993482775373,3163.575666980417,5888.020376146313,5610.271452709674,4568.8858572287445,3607.7165036987385,1378.7179986001472,14494.0,45055.0,32.2,True
2026-05-14 22:13:37.860083+02:00,0.0,22474.691137266178,7645.488933770272,5899.890420353628,6523.088493012835,5929.9702231919555,4604.161642973617,2264.134969457553,36988.0,92329.0,40.1,True
2026-05-14 23:13:37.860083+02:00,0.0,15206.628161353092,4661.754628714367,6180.620423183331,3242.253049291212,5652.49970029409,4122.392309801749,1838.627723638329,25829.0,66734.0,38.7,True
2026-05-15 00:13:37.860083+02:00,0.0,17215.010652236877,5159.147069884331,9519.000075032243,6540.590640309526,5157.704283229931,4306.078403477776,2353.448145459256,29034.0,79285.0,36.6,True
2026-05-15 01:13:37.860083+02:00,0.0,19757.748852870216,6517.648832327219,6766.449276960585,4028.191565530218,5920.150846512204,3550.563094561335,2633.636823159191,32460.0,81634.0,39.8,True
2026-05-15 02:13:37.860083+02:00,0.0,9894.187712198498,6392.645724160647,5304.008431265662,5543.674822391789,5388.394853795416,2523.088257299688,1806.8814556443162,20617.0,57470.0,35.9,True
2026-05-15 03:13:37.860083+02:00,0.0,17367.35949517614,5557.599624770922,6788.640000128404,4235.159070701551,4163.994716643168,3738.4478465577517,2559.456135853587,29223.0,73634.0,39.7,True
2026-05-15 04:13:37.860083+02:00,0.0,13661.794545506033,4582.663257559068,7935.915258639026,5273.255941568153,5558.82330920624,3566.714722787252,3110.6016971359804,24922.0,68612.0,36.3,True
2026-05-15 05:13:37.860083+02:00,0.0,19233.853876082467,4374.663108535286,5638.055032671229,6337.816451855412,4863.624833296142,4174.50613431404,2033.1373686721174,29816.0,76472.0,39.0,True
2026-05-15 06:13:37.860083+02:00,786.0,4363.862898242523,6715.797650582686,5696.637781931313,3159.4788840671963,6231.648071610923,5642.861856840921,2392.4443437470927,19901.0,54890.0,36.3,True
2026-05-15 07:13:37.860083+02:00,4876.0,14504.528498793656,6107.139062135587,12222.59266819917,3980.141154879753,5343.965241759345,4347.583008809128,1704.7796148983625,31540.0,84627.0,37.3,True
2026-05-15 08:13:37.860083+02:00,7711.0,11985.896721080193,4485.399998764421,6278.869192372226,5277.44388101313,7111.6314741410515,5367.980079691744,2009.6296545156063,31560.0,81788.0,38.6,True
2026-05-15 09:13:37.860083+02:00,12422.0,17161.314753170776,7164.224625986281,7353.9152624539865,8602.375491545528,7603.866067267865,4284.384847669724,1911.6624536458787,42944.0,109448.0,39.2,True
2026-05-15 10:13:37.860083+02:00,15633.0,17350.22093684101,4741.931769740432,7265.525998401428,3705.215431749758,6679.381373011906,3685.0568812136426,2398.467962829298,43809.0,105268.0,41.6,True
2026-05-15 11:13:37.860083+02:00,16861.0,11461.87052588987,3296.6756513312134,7157.286384459117,8060.200828995378,4448.9738180166805,4173.9580390604415,2602.3379678784627,38396.0,96458.0,39.8,True
2026-05-15 12:13:37.860083+02:00,21002.0,11439.130679119782,3482.0586021933104,9242.693479938205,8006.634955512756,7505.1959988790395,4890.319299738854,1945.1725754412703,42759.0,110272.0,38.8,True
2026-05-15 13:13:37.860083+02:00,20877.0,14446.673157213352,3042.518327380468,9896.285900944098,4854.033273947613,7575.720450373765,4914.781298160619,2766.8114228664617,46048.0,114422.0,40.2,True
2026-05-15 14:13:37.860083+02:00,19278.0,10516.788863423959,4455.179966792625,7388.091136936816,4552.77121070015,6018.7905113079405,3712.33131597846,2765.0237207808145,40727.0,99414.0,41.0,True
2026-05-15 15:13:37.860083+02:00,18046.0,19209.918477260635,7467.448556672386,5527.043426815302,3961.9022020029624,7322.926160335532,4126.59184784965,2423.42687158995,51273.0,119358.0,43.0,True
2026-05-15 16:13:37.860083+02:00,15845.0,13153.963997762768,3389.8096379389826,10548.880455697807,4897.696204500996,5448.3248619533215,3285.3665601644275,1741.986734139136,37416.0,95727.0,39.1,True
2026-05-15 17:13:37.860083+02:00,10428.0,465.05890339179314,5376.9515220362055,7809.317817606635,2889.920851160663,4133.7540651504105,4412.334312345715,1694.0855916300486,22376.0,59585.0,37.6,True
2026-05-15 18:13:37.860083+02:00,8430.0,13125.88971689097,3686.6213087451733,11460.643629714337,4885.641474019104,5239.715561378406,4776.677349527947,1593.8093226549806,31613.0,84812.0,37.3,True
2026-05-15 19:13:37.860083+02:00,3768.0,9807.280895780139,4479.381917457125,3508.8282048696747,7245.320410776285,7729.300866044757,4019.899727058008,2474.5830351190807,24549.0,67582.0,36.3,True
2026-05-15 20:13:37.860083+02:00,0.0,6843.620922695272,1979.9175760294956,8390.80644256664,4083.3724062849233,4508.9200763885265,3666.307972819936,1394.1158962553177,13884.0,44751.0,31.0,True
2026-05-15 21:13:37.860083+02:00,0.0,8812.866808887138,4558.923541686925,11837.212667752416,4638.913544016424,5999.521281931495,4180.065475638781,2338.4188270555037,19890.0,62256.0,31.9,True
2026-05-15 22:13:37.860083+02:00,0.0,15547.04235916485,4612.589240390076,7293.471729123684,2448.2892885991373,6034.143893340212,4208.729515681583,1459.4453260879436,25828.0,67432.0,38.3,True
2026-05-15 23:13:37.860083+02:00,0.0,21643.204141241156,6080.575888071391,7549.013153330728,5561.093132196565,5487.025756032188,4040.57191592481,2411.7730599209867,34176.0,86949.0,39.3,True
2026-05-16 00:13:37.860083+02:00,0.0,16565.9223693249,5446.561826510741,8591.023383180678,5396.72252742706,5556.478400162885,4089.3575621679765,2008.6097913652802,28110.0,75765.0,37.1,True
2026-05-16 01:13:37.860083+02:00,0.0,11967.483058921302,2603.2157500959092,6882.408362230085,5095.553539648657,6072.249134236203,3913.0925747653146,2666.8192809299135,21151.0,60352.0,35.0,True
2026-05-16 02:13:37.860083+02:00,0.0,17279.520975853513,7168.396488087085,7375.856135894534,4674.759424666785,5437.837658065273,4497.977464113203,2570.7272891606353,31517.0,80522.0,39.1,True
2026-05-16 03:13:37.860083+02:00,0.0,12704.548448905041,5420.60608044399,7324.369811617194,4560.8631218413175,4577.941502832069,4368.113722582563,2717.532706001056,25211.0,66885.0,37.7,True
2026-05-16 04:13:37.860083+02:00,0.0,11526.998154184277,5396.787034354973,6745.158531147254,5752.850350551008,6215.031942943456,3508.4484264279254,2730.409359144556,23163.0,65039.0,35.6,True
2026-05-16 05:13:37.860083+02:00,0.0,9228.186658835079,4981.635293229722,10457.713100401119,4956.775097617065,7073.366582444973,3494.7046984207027,2071.815416994099,19776.0,62040.0,31.9,True
2026-05-16 06:13:37.860083+02:00,698.0,6240.8559662414045,3964.4851055555605,8922.15606459287,5472.4578073329985,6869.572518653421,3872.812791486719,1420.6034667876977,16197.0,53658.0,30.2,True
2026-05-16 07:13:37.860083+02:00,4844.0,13050.381467202773,5435.604679497452,8501.256464206605,5322.474226181822,5190.264532610188,4368.41856205259,1473.7384725013108,29172.0,77358.0,37.7,True
2026-05-16 08:13:37.860083+02:00,9573.0,15790.267449600658,5951.176871857165,9617.142013780234,6685.140930643643,4748.772084622324,4074.0287069454075,956.5757353420313,36345.0,93741.0,38.8,True
2026-05-16 09:13:37.860083+02:00,13105.0,14516.881649925552,1506.20861730889,7471.288333593066,6015.491146062582,5715.812117845221,3678.424794938672,1458.1670832859531,34265.0,87732.0,39.1,True
2026-05-16 10:13:37.860083+02:00,16686.0,12920.165360263207,3922.4783253078085,6451.5923632941995,5289.292764725286,7567.791509795664,4130.759298362915,2034.4118288523246,39694.0,98696.0,40.2,True
2026-05-16 11:13:37.860083+02:00,17484.0,10271.269696516094,4490.106059192822,6794.751390770885,7277.633045978269,6645.598078959545,3834.594740238864,1720.1729095874189,37800.0,96318.0,39.2,True
2026-05-16 12:13:37.860083+02:00,20816.0,18041.230958424843,5512.341211388556,8003.566082209218,5630.402793584843,6703.964676794234,4440.243230112066,1909.9321977950744,50720.0,121778.0,41.6,True
2026-05-16 13:13:37.860083+02:00,20198.0,8414.340400267076,7386.6220118542515,5881.5765832541965,6957.4440331856285,6889.856951785495,4166.5292175335235,2246.3577097307007,42412.0,104553.0,40.6,True
2026-05-16 14:13:37.860083+02:00,21574.0,18880.139569217376,3456.518370806435,6999.477966826649,5910.413912579957,6420.766562518586,3842.360906273928,1847.967370967121,49601.0,118533.0,41.8,True
2026-05-16 15:13:37.860083+02:00,17330.0,9988.914905366375,4004.076306364316,6967.766716257131,2237.1213816026857,6120.608547613579,4115.759386023231,1439.0855997937078,36878.0,89081.0,41.4,True
2026-05-16 16:13:37.860083+02:00,17373.0,11237.823813234825,3974.9317787069,12249.112459658027,6957.252144978995,6662.306896647968,4657.5240297621,1973.383166218284,39217.0,104302.0,37.6,True
2026-05-16 17:13:37.860083+02:00,12668.0,7666.074046921615,3396.944819790917,2452.3701201321664,5202.764362014003,5453.833895781981,3715.1849617268113,1550.7547566135775,28997.0,71103.0,40.8,True
2026-05-16 18:13:37.860083+02:00,8026.0,12492.989265571818,4305.627009775475,7640.760557188733,4922.067843648833,4585.536988633679,4201.32849082358,1864.6067515104685,30891.0,78930.0,39.1,True
2026-05-16 19:13:37.860083+02:00,3967.0,19876.562292389895,6541.604439975942,11451.387585629542,5422.022521234366,6722.996934624323,3964.769829767002,2671.3884822115015,37021.0,97639.0,37.9,True
2026-05-16 20:13:37.860083+02:00,0.0,17578.14044221978,2892.3290092713087,8243.688928264908,4482.525257064399,7237.738105749226,4213.49184193105,1864.7473479519126,26549.0,73062.0,36.3,True
2026-05-16 21:13:37.860083+02:00,0.0,19892.110560140176,5855.628790305806,9506.834946842186,5340.543290583418,4881.768060643968,3672.7175292021348,2885.4787766738727,32306.0,84341.0,38.3,True
2026-05-16 22:13:37.860083+02:00,0.0,17610.712729669678,1596.1955399633289,8199.652630199536,4112.185900485361,6821.9214824159,4055.1677165796877,2715.817993468985,25978.0,71090.0,36.5,True
2026-05-16 23:13:37.860083+02:00,0.0,9481.650857348155,3877.324007115588,6665.33323756704,6911.408388101555,7680.765713388189,4553.9116412084,1710.3473457104783,19623.0,60504.0,32.4,True
2026-05-17 00:13:37.860083+02:00,0.0,13346.053878362214,4341.021399564028,3516.1681309821743,4829.617829568425,5997.753798242879,3531.4965093769465,1444.4381167921122,22663.0,59670.0,38.0,True
2026-05-17 01:13:37.860083+02:00,0.0,11099.004354412686,8349.719345828129,8410.911374072606,4426.12423591635,5181.9978152582535,3335.297448337459,1973.7229190399032,24758.0,67535.0,36.7,True
2026-05-17 02:13:37.860083+02:00,0.0,21652.8745201952,4450.395390494624,6448.786790795218,3612.6112764210893,6123.018673526755,3354.272217756518,2576.6638816984446,32034.0,80253.0,39.9,True
2026-05-17 03:13:37.860083+02:00,0.0,9016.056767868442,597.5130530981633,6399.329187669393,5403.163683722963,5449.466031799298,3414.6687348999058,1754.904546885656,14783.0,46818.0,31.6,True
2026-05-17 04:13:37.860083+02:00,0.0,19468.488446945554,1002.2221862775004,7002.025488041776,5280.660650187638,5383.269890043598,4297.661643946332,2454.0451491310696,27222.0,72110.0,37.8,True
2026-05-17 05:13:37.860083+02:00,0.0,19464.769350543847,5068.059172693362,11489.722813246986,5582.636920516259,6433.1840672715425,3297.0701570672672,2604.219994568044,30434.0,84374.0,36.1,True
2026-05-17 06:13:37.860083+02:00,614.0,24148.101008580437,6227.541711579817,12809.675084507946,3459.1221687423067,4396.270524970105,3851.0523276282347,1612.987174818697,36454.0,93573.0,39.0,True
2026-05-17 07:13:37.860083+02:00,3428.0,12951.567036852513,5750.911715254506,8434.415875056802,2598.2282017826406,4556.071077507773,4309.144651655354,1661.9744558557065,28102.0,71792.0,39.1,True
2026-05-17 08:13:37.860083+02:00,8420.0,18561.610797900812,5335.140211601981,7070.465552176544,5938.386953759839,6019.290880373943,4208.329530274297,2356.3310160635033,38881.0,96791.0,40.2,True
2026-05-17 09:13:37.860083+02:00,10801.0,26408.259182694215,7324.519195011334,5645.54716509758,7226.962792814762,5977.691461087569,3807.2205100187575,2075.923774820785,50417.0,119684.0,42.1,True
2026-05-17 10:13:37.860083+02:00,16036.0,11911.791615331516,3920.817558525737,8937.080323092137,3460.469566415156,6343.554577039936,4095.461865877553,1656.9692367281605,37621.0,93983.0,40.0,True
2026-05-17 11:13:37.860083+02:00,18667.0,7324.798762338201,6789.821112053651,11565.811200130287,7384.161925342548,7875.225388483388,4053.572664868784,1823.9097759402064,38659.0,104143.0,37.1,True
2026-05-17 12:13:37.860083+02:00,19015.0,5599.9498304611825,1735.9702299471655,7505.319225949686,5425.866588104572,6104.514036075821,3887.879522225907,1964.7402236362905,32204.0,83443.0,38.6,True
2026-05-17 13:13:37.860083+02:00,21574.0,18563.560144306655,3190.1043341238674,3242.007918493551,4989.405643173755,6598.172150334794,3894.58264067271,1217.5727875222697,48440.0,111709.0,43.4,True
2026-05-17 14:13:37.860083+02:00,18273.0,5584.248959707082,1385.9172101363674,9340.099343631047,4403.676955181333,5024.467064385368,5117.71371737848,2382.821553241348,32744.0,84256.0,38.9,True
2026-05-17 15:13:37.860083+02:00,16555.0,13138.404735310385,4450.309398660415,9970.7994229001,2923.222970862505,6767.937663516537,4404.65545196565,1760.6539055304045,40309.0,100280.0,40.2,True
2026-05-17 16:13:37.860083+02:00,15861.0,17186.565935194805,4907.477565467315,4828.308719228306,6481.5927738868995,5473.609134889322,5240.325458756071,608.1418881009506,43804.0,104391.0,42.0,True
2026-05-17 17:13:37.860083+02:00,13517.0,15925.877684149571,5228.20298445304,8352.968367325906,3836.5904578435957,6071.420832581093,3751.5184335397494,1988.0645158452737,40411.0,99083.0,40.8,True
2026-05-17 18:13:37.860083+02:00,10362.0,17127.22432092086,5123.76670577427,8902.452032272198,3830.2899863935995,5891.151374930838,3957.5167015559264,1629.2143705532462,38200.0,95024.0,40.2,True
2026-05-17 19:13:37.860083+02:00,3992.0,16111.44927900427,3144.8933383765443,7853.785395982123,6487.889464830432,7032.974234914031,3333.9371173616764,2844.4110961513384,29427.0,80228.0,36.7,True
2026-05-17 20:13:37.860083+02:00,1079.0,21394.329066566967,4619.518311173569,6418.458161829292,2175.52482999241,4690.023445625,3595.216598955214,1707.277489540016,32395.0,78074.0,41.5,True
2026-05-17 21:13:37.860083+02:00,0.0,10238.418096306015,2005.106662788503,10031.874447127113,2714.60328399775,3716.7613653849603,4950.9565743312505,1451.1783182106947,18646.0,53755.0,34.7,True
2026-05-17 22:13:37.860083+02:00,0.0,11615.024307707343,7726.457950264501,7193.240508062635,4972.798634737877,5786.567302912075,3738.9828550791217,2253.966334981008,25334.0,68621.0,36.9,True
2026-05-17 23:13:37.860083+02:00,0.0,11136.70277364588,4392.747854203998,5029.627674600136,5439.926643507278,6468.531256905124,4959.64065007223,1669.7763159962083,22159.0,61256.0,36.2,True
2026-05-18 00:13:37.860083+02:00,0.0,19150.95905931305,4022.2277619126176,3901.0510286606377,5727.101971953386,6152.2693758075,3378.3188696600546,1610.2718993738838,28162.0,72104.0,39.1,True
2026-05-18 01:13:37.860083+02:00,0.0,19501.992941975317,8177.8806568881655,10521.699039998619,4547.30225990562,7232.204237413911,3473.2654829633616,2254.750691412203,33408.0,89117.0,37.5,True
2026-05-18 02:13:37.860083+02:00,0.0,17256.12659659254,2515.5069329015414,9233.327952942236,8795.554502962534,6437.372674179668,3829.3843894882893,1479.766346055217,25081.0,74628.0,33.6,True
2026-05-18 03:13:37.860083+02:00,0.0,20917.468334449637,2748.8257719360618,8175.9470942583375,4658.161161851249,5436.15166814014,3968.1250391604112,1271.3631709002734,28906.0,76082.0,38.0,True
2026-05-18 04:13:37.860083+02:00,0.0,9109.795663118097,2807.55935026287,7119.450726298393,4653.820771845917,3674.5798458603194,4461.543646225065,2862.9990010471683,19242.0,53932.0,35.7,True
2026-05-18 05:13:37.860083+02:00,0.0,23336.120557755683,4864.257236601036,6942.003171593746,3804.519996779184,5762.6877658047815,4225.385208593133,2289.7493688003224,34716.0,85941.0,40.4,True
2026-05-18 06:13:37.860083+02:00,494.0,22616.193108561292,5863.263259275194,5848.526703116777,5185.860224781607,7027.959002257798,3791.8423713279863,1867.8953575028174,34633.0,87329.0,39.7,True
2026-05-18 07:13:37.860083+02:00,4711.0,18678.109986228734,6479.350936235667,7137.088710880231,5922.441848070162,5607.952217332885,3933.342096740947,1998.261395149032,35800.0,90268.0,39.7,True
2026-05-18 08:13:37.860083+02:00,8127.0,23908.9945438553,10143.990634989937,3759.8255697596514,6805.36708180019,6028.320263677764,3840.46854010765,2252.932179058078,48273.0,113140.0,42.7,True
2026-05-18 09:13:37.860083+02:00,11798.0,6716.883961611131,501.1350915984722,6527.872693062972,2766.073603339673,6421.360254306708,3542.673132337135,2486.6687248067105,25045.0,65806.0,38.1,True
2026-05-18 10:13:37.860083+02:00,15611.0,12377.759318686742,6217.471178248834,7378.124967297812,4631.0069924664485,4984.707625750184,3556.018531699189,1622.012354342494,39384.0,95762.0,41.1,True
2026-05-18 11:13:37.860083+02:00,19192.0,11323.48269659024,3885.7388548555373,9219.760094380837,5670.055416213716,6623.235896638817,4513.941945716705,2183.0732629828412,41098.0,103709.0,39.6,True
2026-05-18 12:13:37.860083+02:00,20042.0,18607.396618786715,3827.1697022224535,7920.1470732532725,5880.5863018918035,7637.121790001705,3085.91753603643,1746.6479118948807,47309.0,116056.0,40.8,True
2026-05-18 13:13:37.860083+02:00,19629.0,9749.296301989272,3760.4557434922444,9589.846227751117,5009.8229867068085,5827.186648106594,4808.679348722528,1905.5093777436878,39853.0,100133.0,39.8,True
2026-05-18 14:13:37.860083+02:00,20270.0,18787.47574668743,3182.460658384053,10698.27021022686,5813.635954298153,4870.935578167699,3828.502887198884,2080.346433732452,48149.0,117681.0,40.9,True
2026-05-18 15:13:37.860083+02:00,15171.0,21852.680719983568,8369.049669206903,10116.340187648204,3786.5541606112993,5933.398972978026,3613.74569680392,1996.660713473664,51003.0,121842.0,41.9,True
2026-05-18 16:13:37.860083+02:00,16785.0,18476.014500419995,6684.5946540278055,8941.019694757113,7336.858148477535,3775.6158913911313,4369.879645348635,2367.783449151286,48683.0,117420.0,41.5,True
2026-05-18 17:13:37.860083+02:00,10730.0,16418.755118307505,5046.39195711475,8023.725358361568,6488.942154469144,6336.903263976616,4742.608292073559,2243.543279557797,39181.0,99212.0,39.5,True
2026-05-18 18:13:37.860083+02:00,8315.0,10060.633295496255,7702.031504974,6038.423983172882,2982.6083194022412,6452.274377648579,4558.8162208019785,1245.9153953139112,31882.0,79238.0,40.2,True
2026-05-18 19:13:37.860083+02:00,3331.0,10765.745169373178,1974.9420694022488,9479.888102758632,3387.3454278248664,7675.636293845562,4250.926024679946,1321.088396467279,21644.0,63831.0,33.9,True
2026-05-18 20:13:37.860083+02:00,0.0,21248.094526483335,2338.5897373381476,11359.494764443058,3429.617374839641,5806.005207433375,4543.431744860918,1815.1416576203535,29945.0,80485.0,37.2,True
2026-05-18 21:13:37.860083+02:00,0.0,18896.74501952666,644.0645356106243,8684.212079300836,6016.954956344793,6408.48533814647,3141.751211428067,2914.3126312209124,25597.0,72304.0,35.4,True
2026-05-18 22:13:37.860083+02:00,0.0,14804.902403112279,3601.1709197534246,11834.518296852246,3072.9083503737993,5138.711897614099,3739.084729255926,1574.2040837491988,23719.0,67485.0,35.1,True
2026-05-18 23:13:37.860083+02:00,0.0,12910.452271170547,5323.397053409506,4948.856583877832,4503.463498687879,5643.572879474921,3544.414969987578,1895.8886451936235,23674.0,62444.0,37.9,True
2026-05-19 00:13:37.860083+02:00,0.0,4870.960634443116,5205.717155864668,5691.673230440917,5682.056594625162,4474.814563337802,4612.319365607587,1731.826986521739,16421.0,48690.0,33.7,True
2026-05-19 01:13:37.860083+02:00,0.0,9645.737906577806,5298.683822119761,9710.403015496526,4900.751098180348,5805.210378716764,3808.260990538057,1722.97780795596,20476.0,61368.0,33.4,True
2026-05-19 02:13:37.860083+02:00,0.0,24557.09543569862,2177.8863378678366,8528.580420306502,5388.331273569059,5694.690846481435,4422.703278391028,2089.119871952528,33247.0,86105.0,38.6,True
2026-05-19 03:13:37.860083+02:00,0.0,8597.722144987667,6606.309485228044,10627.564353143614,3401.295932976863,6299.199766088896,4267.928471244319,2700.3886380978256,22172.0,64672.0,34.3,True
2026-05-19 04:13:37.860083+02:00,0.0,15947.399106105404,5479.255036477996,7969.056718546521,5892.2815600958675,5376.40311966736,3568.8465319181596,2227.9841999402947,27223.0,73684.0,36.9,True
2026-05-19 05:13:37.860083+02:00,0.0,20037.219865975992,6466.108562931997,6264.049154943336,4080.1821612860053,6083.345350975092,3706.5208950118576,1598.2345192864539,31808.0,80044.0,39.7,True
2026-05-19 06:13:37.860083+02:00,0.0,8725.386659988537,1214.4756448198964,7572.813515589915,4513.070488403088,5666.619944392334,4646.908845407363,3376.6147554016034,17963.0,53679.0,33.5,True
2026-05-19 07:13:37.860083+02:00,4022.0,15923.552373905417,5622.9817175955795,4934.632058152532,5356.597591858979,5668.500611700486,3612.2586756577934,2039.286610480563,31220.0,78400.0,39.8,True
2026-05-19 08:13:37.860083+02:00,10178.0,19689.577687553276,2624.469520164946,5742.818653805931,5154.617332296272,6080.36232596303,4062.4338050977394,1711.3895218089433,38266.0,93510.0,40.9,True
2026-05-19 09:13:37.860083+02:00,13320.0,15062.496609536252,4205.3534948972765,9944.88799583602,5035.970028523389,6040.52294231701,3608.7293568367777,2706.048187338795,38903.0,98827.0,39.4,True
2026-05-19 10:13:37.860083+02:00,15288.0,29342.01527833384,6068.7297972727665,9745.57482893922,3874.0597670348666,6761.174039051639,3843.0239065420697,1765.4646910280908,56307.0,132995.0,42.3,True
2026-05-19 11:13:37.860083+02:00,17670.0,6657.003705609024,5182.187212511826,8726.008569612153,4550.675883201212,5879.356965870165,3976.919028015014,2831.4568274937214,36318.0,91792.0,39.6,True
2026-05-19 12:13:37.860083+02:00,19177.0,20293.642649419395,3296.9200404413623,4557.844958079061,5003.275386255554,5650.114650876997,3608.5667448512545,1564.6786045166666,47941.0,111093.0,43.2,True
2026-05-19 13:13:37.860083+02:00,22077.0,14135.991313017677,5012.546312368837,7283.192848974223,2937.3721502493727,5819.192554912774,3519.776523008059,2715.0151944606846,47460.0,110960.0,42.8,True
2026-05-19 14:13:37.860083+02:00,19880.0,18859.600774183375,1936.929369512714,5550.000222679899,4306.200550529932,5285.335883159008,4143.136668388721,2100.5238321408474,46920.0,108982.0,43.1,True
2026-05-19 15:13:37.860083+02:00,18449.0,17206.53575849623,7300.534791796592,10353.066507575531,5581.51981854927,5640.088906433329,3577.631295604412,2645.526116351217,49179.0,119933.0,41.0,True
2026-05-19 16:13:37.860083+02:00,16667.0,11334.219014450016,4589.431961007497,6832.555732874797,3083.845094231986,8031.158713073231,3594.6712221506637,2950.882854350772,39136.0,96220.0,40.7,True
2026-05-19 17:13:37.860083+02:00,12709.0,16144.9819622967,7237.099888510652,5828.504578436901,6734.87247739136,5087.321239304133,3530.4734281490146,1433.696354739373,41055.0,99761.0,41.2,True
2026-05-19 18:13:37.860083+02:00,8419.0,5710.4927430085645,3946.936625807914,8059.592330242849,6904.419893899764,5721.343666120691,3961.0459768343408,2637.885910379161,24675.0,70036.0,35.2,True
2026-05-19 19:13:37.860083+02:00,4254.0,18016.23750285697,3952.8480231868343,6719.691086330777,3132.2741360598716,5612.511336730309,4471.850817199921,1295.5480477872975,31990.0,79445.0,40.3,True
2026-05-19 20:13:37.860083+02:00,0.0,16490.79232995263,3471.626426724307,10967.487820407414,7036.429449575209,5752.8283877556005,4753.264318156133,1476.4078223758859,26192.0,76141.0,34.4,True
2026-05-19 21:13:37.860083+02:00,0.0,18193.30084321551,6752.3478633861505,6530.378204931618,4784.627616931798,5668.760691121605,3637.0409570031106,1598.2952701037816,30181.0,77346.0,39.0,True
2026-05-19 22:13:37.860083+02:00,0.0,20290.59162543575,3581.1376853430484,5201.543481550738,5627.771838735583,6279.240101220999,5075.155396665606,2251.8183180889305,31199.0,79506.0,39.2,True
2026-05-19 23:13:37.860083+02:00,0.0,16838.099201048553,6289.190864830352,3694.172968484969,4255.02342180763,4289.824898608205,3497.6475696466023,2016.5079384674298,28641.0,69521.0,41.2,True
2026-05-20 00:13:37.860083+02:00,0.0,15740.44709899138,4235.095204661419,7938.426995173169,6384.567240840142,7037.171472532004,4541.774261663935,1916.431957918582,26434.0,74228.0,35.6,True
2026-05-20 01:13:37.860083+02:00,0.0,10594.658316693538,1048.0734002167605,6876.1397722841475,5609.141028273,6632.582799642198,3639.151772992279,2073.1176395111806,17355.0,53828.0,32.2,True
2026-05-20 02:13:37.860083+02:00,0.0,11438.896181754746,3859.3718644270675,5142.190786976546,3778.7701151035944,4757.128413936865,3564.5383650649947,2295.6447946467365,21158.0,55995.0,37.8,True
2026-05-20 03:13:37.860083+02:00,0.0,20933.673100886655,2641.7835712743035,10378.45292251157,3252.1970000520673,3730.9227270475985,3627.6219216078057,2334.1240619706764,29537.0,76436.0,38.6,True
2026-05-20 04:13:37.860083+02:00,0.0,22181.67702852989,5067.805447364675,9334.490294858484,2809.546347186166,5022.927853858599,3973.7761501754403,2547.0834178075656,33770.0,84707.0,39.9,True
2026-05-20 05:13:37.860083+02:00,0.0,13809.44781843973,2619.1845286510197,7943.564242125541,5281.912664649135,5757.333538572878,4289.986085516805,2910.01740638372,23629.0,66240.0,35.7,True
2026-05-20 06:13:37.860083+02:00,998.0,15230.01373626637,6851.950201429234,10728.652488341733,5858.707117669604,8580.291898690775,4334.934018952411,1989.3188137792615,29404.0,83976.0,35.0,True
2026-05-20 07:13:37.860083+02:00,1554.0,10476.928125031169,4817.848279293946,9325.072066797225,5976.4485181691625,6543.256964974274,3528.007492326056,1739.455518934542,22116.0,66077.0,33.5,True
2026-05-20 08:13:37.860083+02:00,10766.0,20863.784226337222,4644.808010482522,6354.288196963135,4823.028358088934,4192.410350818543,3505.170356244366,2306.7680645925943,42087.0,99543.0,42.3,True
2026-05-20 09:13:37.860083+02:00,12330.0,18327.084118458893,6311.784275575165,5921.559672018468,3264.505316503454,5310.344495099056,3541.6806533182266,1427.8725918676898,41938.0,98373.0,42.6,True
2026-05-20 10:13:37.860083+02:00,16745.0,24706.087182318748,6927.813868151725,9635.963088907723,3976.8878029643256,5946.787563727017,3944.3227988072445,1660.6479339441944,53984.0,127528.0,42.3,True
2026-05-20 11:13:37.860083+02:00,16979.0,10608.384614101305,4959.802496460697,8792.733912934702,6728.522958442889,6253.683554298097,3894.922197904563,2499.690473196395,38942.0,99659.0,39.1,True
2026-05-20 12:13:37.860083+02:00,20111.0,13109.960504908915,3457.599400901419,8339.495535941323,4273.057153099878,4685.251139689577,3524.9122689651026,1937.9358125911479,42141.0,101580.0,41.5,True
2026-05-20 13:13:37.860083+02:00,18947.0,16157.229612627862,1452.0607677757412,6307.004394262185,5215.126446022215,5865.009772022939,4134.801847031622,1395.9037708209805,42087.0,101561.0,41.4,True
2026-05-20 14:13:37.860083+02:00,18875.0,18232.447688628854,3627.90048592964,9215.895134011507,3386.524274637669,5282.36086238946,5131.284404167659,1255.098467317413,47122.0,112129.0,42.0,True
2026-05-20 15:13:37.860083+02:00,19933.0,13921.661812261838,3765.575506704077,6489.002233732102,5504.874568188552,4896.2414373976835,3747.6422690824243,2024.3583396969036,43392.0,103674.0,41.9,True
2026-05-20 16:13:37.860083+02:00,15446.0,10635.194547731498,5214.114905984594,7796.026690812644,4313.473157481383,6259.595646698954,3783.2440893982334,2570.948268484005,37650.0,93669.0,40.2,True
2026-05-20 17:13:37.860083+02:00,12687.0,19407.037644617856,4309.706237723945,10893.88829277396,6570.069070663645,6773.877173442822,4279.830785162184,2564.272888765593,43248.0,110734.0,39.1,True
2026-05-20 18:13:37.860083+02:00,9548.0,18605.676812727907,6375.865944102856,6678.331528379708,6160.33655931022,6841.04127696162,3720.5918541316023,2055.4402514464186,40306.0,100291.0,40.2,True
2026-05-20 19:13:37.860083+02:00,4946.0,10418.629497181375,3774.033457458621,4854.021485854279,4256.441080137651,6574.386351133876,4334.482240859091,3004.454709548064,26478.0,68640.0,38.6,True
2026-05-20 20:13:37.860083+02:00,150.0,21777.21400552748,4885.917666294116,5894.905616259779,4810.003958978505,5502.630466859737,3640.7286466104797,1947.5898170297687,32401.0,81010.0,40.0,True
2026-05-20 21:13:37.860083+02:00,0.0,20850.99354598302,7367.974886393778,9988.597653375247,4173.325639939057,6714.549761463506,4916.05980378865,1930.7161883012946,35066.0,91008.0,38.5,True
2026-05-20 22:13:37.860083+02:00,0.0,15671.482486238965,5683.650427909933,8509.462274760419,2870.8502051824853,6309.054438104288,4172.3874862961475,716.2820451305001,26244.0,70177.0,37.4,True
2026-05-20 23:13:37.860083+02:00,0.0,15397.989311880181,4879.924916622871,7742.245242622493,3713.836355679175,6133.941882952013,3689.9885254616443,1776.3185254193922,25744.0,69078.0,37.3,True
2026-05-21 00:13:37.860083+02:00,0.0,17770.288855579536,3796.111116129646,6981.812389376861,5297.3259915812305,5388.306878298202,3705.654150265363,2426.007517454247,27698.0,73064.0,37.9,True
2026-05-21 01:13:37.860083+02:00,0.0,10691.48464871871,3733.537206570046,8970.71981510638,5487.889247344373,5503.123872658472,3743.1001236459824,2781.980668429852,20950.0,61862.0,33.9,True
2026-05-21 02:13:37.860083+02:00,0.0,15150.157395820412,3298.7734940961045,6301.790298019553,5222.821855388958,6073.886936124554,4686.374833124437,1584.8826831663578,24720.0,67039.0,36.9,True
2026-05-21 03:13:37.860083+02:00,0.0,4238.082276954097,3917.9862684342015,8611.331137285191,4547.400419062046,8439.8744669855,3365.6244961993584,2231.126164646524,13753.0,49104.0,28.0,True
2026-05-21 04:13:37.860083+02:00,0.0,19382.27822751468,6511.331677488629,6537.490862374087,6399.599908581478,6301.2424800913905,3666.0291647702475,2523.439516161644,32083.0,83404.0,38.5,True
2026-05-21 05:13:37.860083+02:00,0.0,7192.533887790703,4556.223457415463,6204.681229449892,5095.312856841406,5388.811497749714,3719.169721537287,2005.6040765979496,17474.0,51636.0,33.8,True
2026-05-21 06:13:37.860083+02:00,1633.0,22517.099142144994,2300.4538612375377,6725.025130349977,6054.880742143921,5167.610555030557,3992.156016621531,858.3597712363849,31301.0,80550.0,38.9,True
2026-05-21 07:13:37.860083+02:00,3304.0,13349.399530167748,8536.338586119567,7249.185107032076,2339.3373016962223,5508.233387343797,3864.445153676603,2123.6449997871264,31178.0,77453.0,40.3,True
2026-05-21 08:13:37.860083+02:00,8980.0,13941.665090344115,5639.930382290326,7902.340328132594,0.0,8177.293447549066,3254.3860843047687,2380.7153120304465,34197.0,84473.0,40.5,True
2026-05-21 09:13:37.860083+02:00,11716.0,11861.330469577471,2186.1131989736614,8470.91159022223,5425.68204175712,5600.743354054038,3800.0886582022663,1526.2885524907706,31090.0,81677.0,38.1,True
2026-05-21 10:13:37.860083+02:00,15572.0,13559.805630389617,4116.3021455183525,623.2694171431112,2862.8515194177658,6906.870534610285,3950.2246584075156,1872.9227345628065,39071.0,88535.0,44.1,True
2026-05-21 11:13:37.860083+02:00,18348.0,22092.656725740184,5221.772765656836,6384.69888450647,4681.322445930416,5624.071754528643,3685.9510824601084,1422.251978935618,50771.0,118232.0,42.9,True
2026-05-21 12:13:37.860083+02:00,19820.0,2560.9567173246032,8409.184186594754,7216.860045287922,4546.854438463091,6261.184541279628,4343.387744523832,714.9262257098237,35848.0,89721.0,40.0,True
2026-05-21 13:13:37.860083+02:00,20422.0,21384.82693044094,2783.7750834822614,11010.12407721666,7381.100903623305,6791.745274008722,4459.704214376824,2513.5022058938284,51564.0,128311.0,40.2,True
2026-05-21 14:13:37.860083+02:00,21112.0,16690.11740550854,6952.0814387118935,5839.994783235736,5599.994829415409,5428.097150190076,3960.8066501353037,1998.1257330990743,50713.0,118294.0,42.9,True
2026-05-21 15:13:37.860083+02:00,18473.0,8964.891760713923,7798.972853944686,8325.593236199826,5248.788540198009,5358.88834584723,4115.270793425365,2798.8374983524914,42151.0,103235.0,40.8,True
2026-05-21 16:13:37.860083+02:00,15392.0,9623.43803475381,3742.6913898508597,10990.060619471675,6255.48673195051,7658.86969445533,2919.4720013253645,2428.6610959530885,34106.0,93117.0,36.6,True
2026-05-21 17:13:37.860083+02:00,13434.0,23381.965136041013,4444.972762279533,5374.062940105454,5552.746380258558,6984.592894895797,3789.448613919084,1822.8951191672754,46873.0,111658.0,42.0,True
2026-05-21 18:13:37.860083+02:00,9867.0,10272.465600286345,2927.3815052524596,8787.950451728804,4313.48451051735,6790.672318690728,4502.410845878956,1958.4096699477957,29528.0,78948.0,37.4,True
2026-05-21 19:13:37.860083+02:00,3223.0,9233.247447020203,4593.07771783939,6395.45633213096,6607.213895381839,6787.276293122914,3788.2817084103613,2283.0886953850863,23121.0,66032.0,35.0,True
2026-05-21 20:13:37.860083+02:00,597.0,20686.572711823646,4926.820051314137,6990.7325154215305,3335.3748081675885,6459.575488311066,3631.3691618040193,2483.4417083778717,32325.0,81436.0,39.7,True
2026-05-21 21:13:37.860083+02:00,0.0,16692.76438142957,6319.299996164741,6393.778332093371,5484.870781300343,8017.775813175065,5138.844463015465,2161.335315371006,30312.0,80521.0,37.6,True
2026-05-21 22:13:37.860083+02:00,0.0,10310.372117318006,7180.366942040893,6536.285383168228,2678.6453087955333,6043.908301877157,4909.5385950979025,2552.796572644742,24953.0,65165.0,38.3,True
2026-05-21 23:13:37.860083+02:00,0.0,16083.124877023096,3503.8078707567056,13443.824295812985,5305.915786273992,6577.2623672009195,4233.787456241079,1851.6656316627643,25672.0,76671.0,33.5,True
2026-05-22 00:13:37.860083+02:00,0.0,9871.236581798614,1065.349871548011,9688.911744143332,5289.484462659394,4549.087071405987,4569.4553057400235,1501.4282266071568,17007.0,53542.0,31.8,True
2026-05-22 01:13:37.860083+02:00,0.0,20504.106992113026,4957.510441447515,10203.475723572417,7514.682442871994,5175.039313408759,2887.032291020961,1967.5953732194348,30316.0,83525.0,36.3,True
2026-05-22 02:13:37.860083+02:00,0.0,20306.85482436567,5587.075059937281,8983.986973672992,2652.5391598373308,4799.181000164959,3606.2242796856467,2102.592445368092,31603.0,79641.0,39.7,True
2026-05-22 03:13:37.860083+02:00,0.0,17660.030994109715,5498.835375370083,4787.486423196084,4098.669236219281,7274.063583516149,3765.021063413424,1399.2323026303566,28323.0,72806.0,38.9,True
2026-05-22 04:13:37.860083+02:00,0.0,16808.305306235085,4346.653504981912,8789.915940646615,6234.023639861216,3447.4598479792503,3882.009950566527,1331.6389579266888,26369.0,71209.0,37.0,True
2026-05-22 05:13:37.860083+02:00,0.0,23805.94062433687,5249.504199327869,10145.859229014693,5502.975884595961,5597.689977247277,3755.027989513019,2223.6931482367136,35034.0,91315.0,38.4,True
2026-05-22 06:13:37.860083+02:00,1595.0,14998.431636941126,8030.889616704495,6293.201051921777,5270.457577006255,3006.2933973393774,2724.9868542418267,1796.8215743147882,29146.0,72862.0,40.0,True
2026-05-22 07:13:37.860083+02:00,3603.0,9090.629372895994,5763.468337925018,9930.653334322253,3565.7964455621914,5168.71210451811,4193.01230935428,1917.079547168999,24567.0,67799.0,36.2,True
2026-05-22 08:13:37.860083+02:00,7686.0,17247.369564161534,4253.263149993831,9408.672419708158,4113.772477862856,5509.051050268134,4271.827064140303,1820.1536671495883,35279.0,89589.0,39.4,True
2026-05-22 09:13:37.860083+02:00,10316.0,25430.235247685567,3999.6043658080084,11704.08008962734,6867.561512334885,7384.871093794044,4800.949395794991,2760.3004508816057,47307.0,120571.0,39.2,True
2026-05-22 10:13:37.860083+02:00,14998.0,9926.20253407074,4660.295284644539,7164.433974972762,4922.736209369108,6396.627939221457,3605.845367612518,2630.8805801975,35821.0,90126.0,39.7,True
2026-05-22 11:13:37.860083+02:00,16696.0,13192.686166530071,8273.47992366128,5804.778035448547,5563.03954421671,5166.858476671034,3564.918421110049,1381.323154980416,43108.0,102751.0,42.0,True
2026-05-22 12:13:37.860083+02:00,21141.0,17082.230190507264,4633.398580947605,7276.743781254909,4827.217506835282,7065.963719731826,2660.0077570177655,1733.6033934597765,47250.0,113670.0,41.6,True
2026-05-22 13:13:37.860083+02:00,21010.0,14730.475754971305,4960.411310958584,10871.141986327246,3225.371727125352,6017.832254529758,3853.216581704557,2425.0021339847963,46979.0,114072.0,41.2,True
2026-05-22 14:13:37.860083+02:00,18810.0,10088.482098113427,4035.372858127394,4343.188238316074,6400.715639112495,6037.566858707252,4450.555890531085,2300.968118551621,39685.0,96152.0,41.3,True
2026-05-22 15:13:37.860083+02:00,20272.0,20609.289281152356,7197.966714883929,3863.248569137935,5754.848576798744,4797.328492228008,3694.1160689036406,1979.2710188351073,53753.0,121921.0,44.1,True
2026-05-22 16:13:37.860083+02:00,16618.0,26600.203610086297,8919.67450948935,8178.790557863226,8458.455256050784,5009.986286096861,5071.722409271824,1431.1998975178824,58641.0,138929.0,42.2,True
2026-05-22 17:13:37.860083+02:00,12145.0,15980.657295119538,5901.226098862777,7114.821414451688,3476.6279305241824,5174.902700054476,3871.7025821052384,1658.7299769232272,39557.0,94881.0,41.7,True
2026-05-22 18:13:37.860083+02:00,6178.0,10479.658551319999,5165.545807570851,8015.455786351369,6233.859381800721,6046.461273154189,4073.4961421442777,1741.6162162268552,27638.0,75572.0,36.6,True
2026-05-22 19:13:37.860083+02:00,6741.0,7255.197374732625,5073.56566634847,9890.62354247173,3032.6840509444983,6077.885726980675,3318.4484597092032,2138.4971655595505,24527.0,68055.0,36.0,True
2026-05-22 20:13:37.860083+02:00,0.0,16289.879906105904,231.38642242850892,6894.861307762295,5236.019851509616,7544.092663524045,4143.61017258764,2851.863577348619,23517.0,66709.0,35.3,True
2026-05-22 21:13:37.860083+02:00,0.0,20519.386716581288,6490.301728569635,4253.988338138759,6464.7598835947465,6385.055167937834,3010.3401025736525,1656.559882605936,31677.0,80457.0,39.4,True
2026-05-22 22:13:37.860083+02:00,0.0,17375.838732476906,5268.332831991687,12088.963114399889,1891.7973258552697,3292.434306327892,4346.848977506573,1486.98237622238,28478.0,74229.0,38.4,True
2026-05-22 23:13:37.860083+02:00,0.0,14987.98079540573,5856.68410132145,6005.543425122448,4692.601288637588,6262.641987871691,4362.2140881177065,1945.7067615860283,27153.0,71266.0,38.1,True
2026-05-23 00:13:37.860083+02:00,0.0,12053.641741053469,3577.0756118325903,5881.925755975804,4155.18539893607,4549.983643832467,4679.645712168255,2515.8694902570296,22826.0,60239.0,37.9,True
2026-05-23 01:13:37.860083+02:00,0.0,9539.181836409552,4231.086242045817,10207.440027445193,3947.064052557317,5034.029075388464,3490.015640616156,1276.5585166196483,18537.0,56262.0,32.9,True
2026-05-23 02:13:37.860083+02:00,0.0,19173.756631624412,4177.950126993654,7231.021757916964,5577.818978389031,5187.83052827367,4080.2810591487096,2726.8170754374737,30159.0,78314.0,38.5,True
2026-05-23 03:13:37.860083+02:00,0.0,19568.858106927928,7043.245968146078,7873.220295930379,6681.028559633893,5336.661676487698,4281.908279693252,1913.9843189421654,32808.0,85507.0,38.4,True
2026-05-23 04:13:37.860083+02:00,0.0,7271.351066546335,4242.480326793813,8965.580248120636,4800.081927156267,4624.850607959697,4221.140819165155,1632.8399988433132,17368.0,53126.0,32.7,True
2026-05-23 05:13:37.860083+02:00,0.0,22949.194890903418,9165.320644219595,10167.16620621999,5308.22964134003,6203.482003452287,3567.3503624325745,1199.9053566189205,36882.0,95443.0,38.6,True
2026-05-23 06:13:37.860083+02:00,104.0,17870.356104470007,5861.724838030075,7333.078613636456,5171.463129588871,4589.197714909041,2804.00905522193,2353.2603867103135,28993.0,75080.0,38.6,True
2026-05-23 07:13:37.860083+02:00,4388.0,21997.973225728965,2448.6346800085366,11039.9040118286,5002.705259534621,6356.667607249847,4173.4801484422405,1914.4144023792326,34923.0,92245.0,37.9,True
2026-05-23 08:13:37.860083+02:00,7924.0,8289.361257574425,4742.9074134960865,3728.400302530389,3365.9860434318407,8236.97107706163,3923.75016084504,2085.3527413772536,26965.0,69262.0,38.9,True
2026-05-23 09:13:37.860083+02:00,12189.0,8170.879222922806,3696.6497556871686,9519.574473906154,6662.666902584339,4670.640941065936,3716.66470351928,1549.5941294943182,29323.0,79499.0,36.9,True
2026-05-23 10:13:37.860083+02:00,13944.0,14255.153451163515,611.2350603599516,6320.944883964685,5442.793052238254,5715.489695660778,4381.972681857733,1840.451982874488,35033.0,87545.0,40.0,True
2026-05-23 11:13:37.860083+02:00,17921.0,17513.92213447597,8198.94188022758,10744.542633215982,5592.322235003867,3476.54263748753,3977.5402309227834,1756.7093768226312,49368.0,118550.0,41.6,True
2026-05-23 12:13:37.860083+02:00,18510.0,23981.80411463482,6406.285084440008,8284.08895766109,3790.2355564616264,5699.064707029866,3340.4024736161005,1949.7034473108963,54188.0,126150.0,43.0,True
2026-05-23 13:13:37.860083+02:00,18896.0,18530.39456907566,6066.414635798625,6654.189335981197,4311.169403016139,6642.717152631483,3034.273855451889,1665.2238368120948,48192.0,113992.0,42.3,True
2026-05-23 14:13:37.860083+02:00,19678.0,13786.593615939833,5330.807320599409,9325.682186043265,4735.798703433832,6720.639231357267,3435.5183674334176,1232.9095196563894,43464.0,107710.0,40.4,True
2026-05-23 15:13:37.860083+02:00,19411.0,9868.15396167054,2235.9648626151247,9786.376694414503,2698.812959826723,6077.363730284097,5196.506147383393,3364.2498726483036,40076.0,98714.0,40.6,True
2026-05-23 16:13:37.860083+02:00,16555.0,21150.00286359575,4032.7657208891264,9283.788245717276,2467.9485122034826,6889.263424758976,4361.388386966387,1318.297876331243,47417.0,113475.0,41.8,True
2026-05-23 17:13:37.860083+02:00,10899.0,10176.472871246426,6683.561549568025,5940.607520733879,4098.878104042148,8546.054535942792,4094.306170987506,2090.7295034712697,33944.0,86474.0,39.3,True
2026-05-23 18:13:37.860083+02:00,7688.0,23142.34277386161,2897.5599404349946,7031.96575275583,5783.781149663585,7712.3046874376,3909.1695364070974,1113.986085787979,38751.0,98030.0,39.5,True
2026-05-23 19:13:37.860083+02:00,5391.0,13578.076751967454,0.0,7991.85432575713,4020.2939151050887,5477.479070590363,3876.3035300262823,1001.4762816910126,23847.0,65183.0,36.6,True
2026-05-23 20:13:37.860083+02:00,0.0,22952.91036308925,4545.787984438148,7917.480694699879,3471.79220361393,4548.896013533262,4583.597991679548,2048.9132459261336,34131.0,84200.0,40.5,True
2026-05-23 21:13:37.860083+02:00,0.0,18394.656450296392,4716.484891944923,9499.490950876696,3777.9715201434947,5593.8485834261965,3754.7021290482844,2087.183793884152,28953.0,76777.0,37.7,True
2026-05-23 22:13:37.860083+02:00,0.0,14315.022552787708,5271.126832829418,3970.1975349867835,4316.986365282031,5053.017234382652,4288.460205342146,2630.749495401192,26505.0,66351.0,39.9,True
2026-05-23 23:13:37.860083+02:00,0.0,12403.018140869368,6457.037287029072,8668.654109107007,4469.211555769844,6451.347547864632,3825.786024854203,2199.7734205078527,24886.0,69361.0,35.9,True
2026-05-24 00:13:37.860083+02:00,0.0,13295.4606132696,6275.211624462418,7420.03729112672,8248.282178309835,4818.806460570502,4970.078315917532,1925.0946406271046,26466.0,73419.0,36.0,True
2026-05-24 01:13:37.860083+02:00,0.0,17141.583461876187,5517.539610487844,6322.998767232096,6581.930942730977,5927.177567409658,4371.144253789152,1525.199877967498,28555.0,75943.0,37.6,True
2026-05-24 02:13:37.860083+02:00,0.0,15385.782481088583,7391.062776173419,6515.026444460801,6537.161168422592,6838.01405453631,4622.778407341812,2749.5060341167746,30149.0,80188.0,37.6,True
2026-05-24 03:13:37.860083+02:00,0.0,12030.942959656473,1962.0604383733707,7570.924670964073,6752.870546410072,5899.304127182823,3707.7951126558805,2464.425623025112,20165.0,60553.0,33.3,True
2026-05-24 04:13:37.860083+02:00,0.0,14171.842948411839,6009.1636289547805,797.8297910809642,3501.768695998926,5053.686177252203,4529.068056283711,1376.8352611257878,26087.0,61527.0,42.4,True
2026-05-24 05:13:37.860083+02:00,0.0,15392.88514859575,6253.076726673885,6597.4208584169,3166.4530775191415,7174.814057585692,3843.7112873026545,2018.9818641053178,27509.0,71956.0,38.2,True
2026-05-24 06:13:37.860083+02:00,0.0,4356.32952792594,2520.875427839521,6248.370350707413,3339.694562698915,4121.019055246173,4055.017411966425,2072.0261157632485,13004.0,39717.0,32.7,True
2026-05-24 07:13:37.860083+02:00,5003.0,17290.840573943493,1994.2587826352215,9065.566418645249,7001.759200006757,5672.204944122537,4817.523835309729,1827.1731716971653,30933.0,83605.0,37.0,True
2026-05-24 08:13:37.860083+02:00,8902.0,10101.393876415965,3508.1157470487974,6388.946634978959,4179.212316676263,5958.339976618665,3478.6124716217905,2385.9252429033972,28376.0,73279.0,38.7,True
2026-05-24 09:13:37.860083+02:00,13834.0,9233.337983971276,3676.917114969416,7569.77239965902,3122.9657266410695,6015.908658399631,4101.6238656527,2415.8665691740885,33262.0,83232.0,40.0,True
2026-05-24 10:13:37.860083+02:00,15762.0,6563.278264446448,6506.838927004861,11084.553255322604,4353.505699670281,6180.496056078081,4219.002629259364,1904.7571510974471,34956.0,91530.0,38.2,True
2026-05-24 11:13:37.860083+02:00,17590.0,6030.537510660548,3770.92243261781,9988.703039630847,4642.091702428059,6610.439819809493,4260.002190400405,1859.5653771011707,33511.0,88263.0,38.0,True
2026-05-24 12:13:37.860083+02:00,19621.0,8222.762484438554,3287.302963437592,9804.542799886905,5402.619910541844,5964.592560954649,3774.6077534532674,2749.4792313337657,37655.0,96482.0,39.0,True
2026-05-24 13:13:37.860083+02:00,20543.0,11454.895211847548,3776.732526610882,7000.255139178296,5376.426531068065,5631.941717856319,5043.1320504040405,2466.4194461811185,43284.0,104577.0,41.4,True
2026-05-24 14:13:37.860083+02:00,19547.0,24766.29568763284,7237.264668308424,9086.064558579305,3757.7291541897375,5592.410655340304,3352.53405732987,2036.1801949541923,56939.0,132314.0,43.0,True
2026-05-24 15:13:37.860083+02:00,18060.0,12370.60162052398,5026.086748753904,7532.204399092812,6028.484588770567,5388.484197961645,4729.442694316234,1185.3954804599732,41372.0,101693.0,40.7,True
2026-05-24 16:13:37.860083+02:00,14935.0,15888.750531340156,4641.497949286177,7607.813578646124,4041.2096993747627,6787.543324326865,4607.532802795819,2172.000053152518,42245.0,102926.0,41.0,True
2026-05-24 17:13:37.860083+02:00,11807.0,17002.406932531645,4779.989002597897,8819.3706874931,4765.585494942436,5353.471520523485,4950.4443948018425,2349.0417324588343,40889.0,100716.0,40.6,True
2026-05-24 18:13:37.860083+02:00,7275.0,15655.325931079244,7584.120668653046,6806.012823158135,6030.161105755033,6846.771109008245,3205.88645064609,622.7391858008136,34343.0,88369.0,38.9,True
2026-05-24 19:13:37.860083+02:00,6200.0,14612.782696370032,3501.656546793516,10986.006208886407,4037.267894083488,6018.999082259871,3565.584256055145,2125.9347241590126,30006.0,81054.0,37.0,True
2026-05-24 20:13:37.860083+02:00,0.0,9023.531182003777,7631.016581880208,7679.739720804126,4145.972864628294,5478.74519314387,4745.97152958082,1791.6540066021323,23192.0,63689.0,36.4,True
2026-05-24 21:13:37.860083+02:00,0.0,22254.637741396058,5420.992597843007,9236.72113251933,5887.502074539697,6618.407215744135,3061.4804226848455,1889.5728599352242,32627.0,86996.0,37.5,True
2026-05-24 22:13:37.860083+02:00,0.0,24035.983218189423,4679.1612360493045,10911.200958514597,3713.400235092471,5272.546075276881,3196.770549479793,1546.3095236183397,33458.0,86813.0,38.5,True
2026-05-24 23:13:37.860083+02:00,0.0,6586.706529386571,10001.800995868563,10063.30754915035,4422.811964593894,6638.1840407282125,3755.846106644254,1925.905354798179,22270.0,65665.0,33.9,True
2026-05-25 00:13:37.860083+02:00,0.0,9879.857045568102,2888.7210204028074,5182.161794618951,5833.613267064338,6212.726121191785,4095.996894311134,2695.995788090666,19561.0,56350.0,34.7,True
2026-05-25 01:13:37.860083+02:00,0.0,13600.948288114969,4292.6284808659875,8889.791790019768,8081.138662153962,5403.675310908079,4796.1125368243875,1776.8007505922421,24466.0,71307.0,34.3,True
2026-05-25 02:13:37.860083+02:00,0.0,10177.311025449042,2535.1375216719994,9701.438788921294,5908.10675714412,6528.634815334559,3907.367042534821,2482.786779396592,19103.0,60344.0,31.7,True
2026-05-25 03:13:37.860083+02:00,0.0,17529.827767279327,6904.9239410723385,9783.726044321498,5708.959644485018,6546.589725688638,3695.8804259677304,1596.8343905601948,29727.0,81494.0,36.5,True
2026-05-25 04:13:37.860083+02:00,0.0,11358.638987966935,8378.377867303358,5773.410331770738,5796.202375509094,7157.519605809957,4155.694968848214,2379.3780963280196,26272.0,71271.0,36.9,True
2026-05-25 05:13:37.860083+02:00,0.0,25825.280339033012,8339.845562809278,6685.929525965352,3390.214588899426,6966.147012409296,4234.7982416472005,2000.8279278109756,40401.0,97844.0,41.3,True
2026-05-25 06:13:37.860083+02:00,0.0,20952.74297171798,7447.897506292009,9989.116471483243,5173.395108019862,6491.274020726283,4220.619911085136,2176.0124143946405,34797.0,91248.0,38.1,True
2026-05-25 07:13:37.860083+02:00,4760.0,16062.870153161075,4604.759064408068,6476.4792586347085,4955.350267495397,4872.409048791236,3911.0068960243275,2003.5766280487437,31342.0,78988.0,39.7,True
2026-05-25 08:13:37.860083+02:00,9311.0,20134.93131659866,4269.518045020307,7400.6078866713715,5482.376810559134,8448.586988174056,3022.456943040925,2320.8126162206045,39059.0,99449.0,39.3,True
2026-05-25 09:13:37.860083+02:00,12884.0,20529.502121786543,1657.66045501187,11151.751619003939,5174.762078713807,4596.3837889281895,3541.1920054468337,716.2074410331209,39329.0,99580.0,39.5,True
2026-05-25 10:13:37.860083+02:00,15451.0,12180.262559708784,9071.747070363584,7904.40149923042,5569.549516125669,6949.263174282309,4710.135542633731,1290.087343271215,42703.0,105829.0,40.4,True
2026-05-25 11:13:37.860083+02:00,17890.0,10918.913777290176,5937.956156296936,6546.4517243323135,4532.799207651197,6431.283816886298,4093.5344689883,2208.5402490043225,41049.0,99608.0,41.2,True
2026-05-25 12:13:37.860083+02:00,19542.0,15390.715314848238,4016.086190261034,6244.76528627419,5087.913376057689,4825.857627518885,3838.7389404464716,978.2308230518821,43766.0,103690.0,42.2,True
2026-05-25 13:13:37.860083+02:00,19853.0,19308.18062248972,7656.113777973935,8665.438659170375,3158.257150914512,5875.699061121501,4559.084274186987,1734.7098221763954,53111.0,123921.0,42.9,True
2026-05-25 14:13:37.860083+02:00,20462.0,15695.301993267089,3054.4709664799984,5333.7039830455815,4520.139082995629,5921.247113755359,3434.9416838155257,1972.8295794816752,44620.0,105015.0,42.5,True
2026-05-25 15:13:37.860083+02:00,20230.0,7115.017589045014,5813.244068445349,7505.328072207164,7086.250322264965,7305.582715810524,3887.325933143496,1585.9299311935515,38632.0,99161.0,39.0,True
2026-05-25 16:13:37.860083+02:00,15079.0,10985.877780245788,4654.74173141833,8666.461069980043,5478.212509442384,5286.689099719789,4068.8792025870184,1654.2192986531131,36443.0,92317.0,39.5,True
2026-05-25 17:13:37.860083+02:00,11100.0,14630.13568202811,6277.354279760602,10598.299641095335,4968.618443925385,5738.054993575646,3779.3112483526857,2135.7911000767963,37923.0,97151.0,39.0,True
2026-05-25 18:13:37.860083+02:00,8589.0,14621.671978370849,4872.8529216277575,9335.096160739991,7844.18491438152,3663.930394978737,4050.3814114507995,2504.6474778899046,34639.0,90121.0,38.4,True
2026-05-25 19:13:37.860083+02:00,7030.0,24862.71088394904,2098.1442177775516,6571.869764035642,2958.747532548381,7734.7627931235775,3906.1530342891174,1520.7753093725962,39418.0,96101.0,41.0,True
2026-05-25 20:13:37.860083+02:00,0.0,8070.06028800501,5151.152745340076,10356.83863512744,3335.8166668306703,4929.531756979929,3300.3284761070627,1712.4709019063148,18234.0,55090.0,33.1,True
2026-05-25 21:13:37.860083+02:00,0.0,17527.946209179372,7097.728283750725,7400.9699249050445,7569.067116914409,6326.910864239175,4090.7389409395278,1634.3695133364777,30351.0,81999.0,37.0,True
2026-05-25 22:13:37.860083+02:00,0.0,22445.56554164145,4941.56718829203,5528.593955901182,5068.941404073401,5898.592170278136,3335.824104243566,789.3101240613607,31512.0,79520.0,39.6,True
2026-05-25 23:13:37.860083+02:00,0.0,26357.24872711398,6550.230243178172,7655.917281469055,4636.12544556531,5901.99903321666,4082.807562548361,2070.8558951587543,39061.0,96316.0,40.6,True
2026-05-26 00:13:37.860083+02:00,0.0,12978.012884080194,2908.9410286518937,10876.338402291403,3201.1935123565354,6809.861984870875,4687.067912075055,2467.358872914246,23041.0,66970.0,34.4,True
2026-05-26 01:13:37.860083+02:00,0.0,17457.147263601,4947.478413460296,8330.480100129851,5671.544399592518,7671.262460303635,3859.4884013619726,2508.321603657941,28772.0,79218.0,36.3,True
2026-05-26 02:13:37.860083+02:00,0.0,17848.801785993233,3750.9790898228453,8025.0437286595725,5816.6898042911935,6251.493669941991,3414.258435014507,1564.6168117796306,26579.0,73251.0,36.3,True
2026-05-26 03:13:37.860083+02:00,0.0,15977.408657766455,6493.96168020942,11274.423289405706,3358.258458747656,6655.078017630526,3936.5060933975096,1374.1509757399288,27782.0,76852.0,36.2,True
2026-05-26 04:13:37.860083+02:00,0.0,14505.77399380347,5062.983124523991,5137.290305891146,4789.586621674358,6328.891536727041,3584.0144459607345,2010.8027737958423,25164.0,66583.0,37.8,True
2026-05-26 05:13:37.860083+02:00,0.0,17179.87694750023,6380.147352673225,5428.801771894456,4496.726251950401,7017.531423930626,4297.254501315735,2414.6368432832337,30272.0,77487.0,39.1,True
2026-05-26 06:13:37.860083+02:00,0.0,2338.7695739015726,7175.420852315732,4768.307058066335,5383.965719628157,5537.083620513673,3926.0056262385733,2077.425224155192,15518.0,46725.0,33.2,True
2026-05-26 07:13:37.860083+02:00,3226.0,18410.34745031316,6383.237150242777,8745.29637296011,3321.1246366690343,7075.390554416414,4854.881625832287,2144.6523179368805,35019.0,89180.0,39.3,True
2026-05-26 08:13:37.860083+02:00,8712.0,15630.889518309836,5546.236868587288,8332.986254230249,6877.921181769736,7110.499865647384,4581.494797838669,2570.9154638681166,37042.0,96405.0,38.4,True
2026-05-26 09:13:37.860083+02:00,11700.0,13887.625516108674,3003.5754829771895,11085.472734559553,6373.735672396407,7082.53700868291,3923.459747759299,1630.4317203846483,34145.0,92832.0,36.8,True
2026-05-26 10:13:37.860083+02:00,15870.0,25234.310978597787,4994.427778666198,8486.95015427354,4455.236661900775,5339.852132663524,4357.804533986546,1890.014956663485,52347.0,122976.0,42.6,True
2026-05-26 11:13:37.860083+02:00,16463.0,11625.329906047238,3933.8191959683336,7191.685681041395,4675.371932542444,5831.662365762809,3803.3817954185774,2817.3027558806007,38643.0,94985.0,40.7,True
2026-05-26 12:13:37.860083+02:00,19829.0,12984.620054674846,4311.872086591547,8003.589745756214,4795.3667745835755,6239.466988780435,4016.978442582584,1901.5944384511865,43044.0,105126.0,40.9,True
2026-05-26 13:13:37.860083+02:00,20834.0,24957.76651102367,4250.931698499498,8235.414836921917,3832.537170490245,4629.157955170995,3819.282901824844,1366.3315170167143,55228.0,127153.0,43.4,True
2026-05-26 14:13:37.860083+02:00,17505.0,10839.693475750717,3040.148850435511,4656.477453343666,4334.855872647447,7594.920208086015,4383.2279799248545,1665.3219518748526,37433.0,91453.0,40.9,True
2026-05-26 15:13:37.860083+02:00,18393.0,12249.423585317305,1085.3228217320202,13420.663288669786,4594.5944484880865,5987.723466497824,4716.494138354789,1530.910074389379,37975.0,99953.0,38.0,True
2026-05-26 16:13:37.860083+02:00,16864.0,14264.87288284575,3663.7139033444664,9039.742036203823,7419.302556060692,6283.927887604722,4399.324103595572,2178.5812928506352,41370.0,105483.0,39.2,True
2026-05-26 17:13:37.860083+02:00,11260.0,19203.672410647745,5386.758903848318,8420.016616045177,6419.927462495655,5422.995560272797,4460.968300642678,1552.0264982056106,41863.0,103989.0,40.3,True
2026-05-26 18:13:37.860083+02:00,10350.0,16039.012536766568,2303.6459091450197,9230.327968557162,6401.9820610049355,4673.1224406329775,4461.516718617864,2135.5171264306223,35290.0,90885.0,38.8,True
2026-05-26 19:13:37.860083+02:00,4869.0,8536.873264238686,5031.364472943249,9418.82196117321,5554.888419506586,5395.970114525229,4275.627961167355,1631.9673907296751,24345.0,69060.0,35.3,True
2026-05-26 20:13:37.860083+02:00,0.0,12339.157184364052,8800.53684862193,7718.893028995137,3324.009486603148,6219.204187633589,3430.356920394866,938.310730800886,25508.0,68278.0,37.4,True
2026-05-26 21:13:37.860083+02:00,0.0,11963.227833938943,7046.113110504479,6737.517727518599,4937.763343133931,6673.428812753694,4850.48575970825,2153.3098934909613,26013.0,70375.0,37.0,True
2026-05-26 22:13:37.860083+02:00,0.0,14613.894773884773,8287.083018241057,9198.901372643408,6455.73268942007,6161.7915406027205,4902.205413349213,2074.2318407734447,29877.0,81571.0,36.6,True
2026-05-26 23:13:37.860083+02:00,0.0,17129.218293149144,5782.255753865453,8771.421681062904,3112.603055949068,6346.72401624195,3883.0601983433157,2258.8789078544205,29053.0,76337.0,38.1,True
2026-05-27 00:13:37.860083+02:00,0.0,17091.02877943986,7335.019645972892,6380.219801821184,5954.829810309897,5662.973625318624,3814.651042391909,1663.5063904173717,29904.0,77806.0,38.4,True
2026-05-27 01:13:37.860083+02:00,0.0,6119.941229757989,3552.0705390644252,10838.071222734528,8483.91383789415,6496.248566245428,4306.205826457687,1610.2277623203117,15588.0,56995.0,27.3,True
2026-05-27 02:13:37.860083+02:00,0.0,20319.70493780428,3711.3194659560313,8586.704072645967,6592.724968984598,7482.8328663859065,4275.406417591752,2200.7334292407727,30507.0,83676.0,36.5,True
2026-05-27 03:13:37.860083+02:00,0.0,16262.844229983117,0.0,9459.638724535262,7121.043703342981,6704.789442438987,3899.0269656234905,2759.50978626549,22921.0,69128.0,33.2,True
2026-05-27 04:13:37.860083+02:00,0.0,21922.660237969532,7372.290948084597,10783.841775359837,5327.508125663241,6809.54188825294,3374.987172206198,2005.5840047531638,34676.0,92272.0,37.6,True
2026-05-27 05:13:37.860083+02:00,0.0,17220.99163645336,8080.647959639772,8043.777642329669,6451.897923147484,6294.016399306631,4152.850595374888,2212.2925480235726,31667.0,84123.0,37.6,True
2026-05-27 06:13:37.860083+02:00,0.0,20506.61478867881,3893.64550930546,8633.904013968231,3923.220178468947,4496.844930400398,4275.718269087773,1839.2061577871464,30515.0,78084.0,39.1,True
2026-05-27 07:13:37.860083+02:00,5687.0,17332.726557250637,4492.096587205529,9620.054477012232,6193.795718511839,4955.333469368757,4362.910574019399,1228.1847390631576,33103.0,86975.0,38.1,True
2026-05-27 08:13:37.860083+02:00,9769.0,21731.12878101374,3492.275772618077,6550.2778323998955,5981.582201091145,6454.875800663844,4174.6463861771035,2483.7147095770288,41651.0,102289.0,40.7,True
2026-05-27 09:13:37.860083+02:00,13079.0,17611.253180088894,5765.307102954983,8108.103325692002,5434.866761056494,5989.060948039914,3864.442425819045,2454.207119543081,42774.0,105080.0,40.7,True
2026-05-27 10:13:37.860083+02:00,14544.0,14510.42376778548,7249.865090606481,8251.097173302296,6974.011129577748,6439.8428864728285,4497.001019753139,2355.387012587597,43157.0,107979.0,40.0,True
2026-05-27 11:13:37.860083+02:00,17703.0,26362.17360223441,1514.456052237918,6087.882896633211,4191.822743228917,7676.423417844074,4032.9242487829592,1909.0272808287907,51522.0,121000.0,42.6,True
2026-05-27 12:13:37.860083+02:00,20712.0,19445.185611399458,5818.877061284505,12635.273577347758,4719.413725289506,6726.035999229333,3767.5384928176395,2298.5280498692705,52042.0,128165.0,40.6,True
2026-05-27 13:13:37.860083+02:00,20142.0,17868.722105022065,4446.656456561709,5185.4131130151945,5143.193062037445,7258.886205742821,3909.6733089771396,2446.8808986939152,48814.0,115215.0,42.4,True
2026-05-27 14:13:37.860083+02:00,21818.0,8618.47791730832,5226.788783933379,5403.792192625684,3455.5835433658995,6094.68138947073,3127.015483762509,2810.0793424783537,41600.0,98154.0,42.4,True
2026-05-27 15:13:37.860083+02:00,18413.0,8558.461912682313,5917.9880033485815,10628.453151407159,5340.397915700371,5192.78432251556,3908.8790879107305,2494.263052323721,39293.0,99747.0,39.4,True
2026-05-27 16:13:37.860083+02:00,15829.0,16463.577410709266,4623.595122454358,9426.532501593085,2421.6043805692298,5942.133840785659,4344.218259937335,2031.9106125168194,43292.0,104375.0,41.5,True
2026-05-27 17:13:37.860083+02:00,12161.0,15727.605988841204,4792.826293188439,5948.070365038444,6570.431801642314,5195.248186280862,4169.891511069615,1345.8733722878142,38197.0,94108.0,40.6,True
2026-05-27 18:13:37.860083+02:00,8811.0,11929.38717495842,4572.249664890722,9214.578030203385,5069.956049848948,7558.294956772448,4760.332086490593,2077.8291488358705,32151.0,86145.0,37.3,True
2026-05-27 19:13:37.860083+02:00,4298.0,15704.9134980603,6940.632403576563,10935.70088999462,4218.660644144355,6790.391076535469,3868.5125429921477,2128.2886979246537,32940.0,87825.0,37.5,True
2026-05-27 20:13:37.860083+02:00,708.0,22943.134640217977,5837.519920254993,7939.473884806029,3748.439581557318,6520.512496628279,4243.656581526658,2354.514887659152,36087.0,90382.0,39.9,True
2026-05-27 21:13:37.860083+02:00,0.0,18477.012372751495,5441.167075474722,13197.645800149165,4648.131455571219,7235.9432022281035,4396.370088152886,2676.945929661713,30991.0,87064.0,35.6,True
2026-05-27 22:13:37.860083+02:00,0.0,9294.957451236309,2458.0965578154346,4551.876378263929,6032.38956615862,3979.9435854767744,5171.428504143704,1952.4247439716103,18877.0,52318.0,36.1,True
2026-05-27 23:13:37.860083+02:00,0.0,14442.45586428528,4242.840513573692,9387.646907718205,5821.608468106341,6588.13795134266,4072.3827455588203,3050.4935949065557,25808.0,73414.0,35.2,True
2026-05-28 00:13:37.860083+02:00,0.0,10975.167595737195,6797.338320678348,10333.056672442006,3941.6930790823085,4689.354215695627,3477.906410567988,1120.3564899797113,22371.0,63706.0,35.1,True
2026-05-28 01:13:37.860083+02:00,0.0,13061.500417957195,5075.393146247846,9782.687803210494,3730.940491058548,5992.744301534339,4423.964376677641,2209.6709362308125,24771.0,69048.0,35.9,True
2026-05-28 02:13:37.860083+02:00,0.0,12931.921671851786,6319.062939178277,7591.2885467087035,5985.348059479471,5688.292407532786,4932.863677984228,1600.7398039079858,25785.0,70835.0,36.4,True
2026-05-28 03:13:37.860083+02:00,0.0,12611.772086979974,8533.023600655268,7419.117035977702,3916.4788930774557,6661.736612096948,3838.725644886689,1046.3890001555985,26030.0,70057.0,37.2,True
2026-05-28 04:13:37.860083+02:00,0.0,8724.323140133027,7077.2121384176335,8888.290342174514,5089.864661119255,6228.187288960956,4420.5407693032075,1899.1128118504207,22121.0,64449.0,34.3,True
2026-05-28 05:13:37.860083+02:00,0.0,14361.72659240905,5186.316675399485,9631.508973304139,5185.631963786415,7345.1171736117885,4614.36402761446,1271.4136507895219,25434.0,73030.0,34.8,True
2026-05-28 06:13:37.860083+02:00,0.0,12196.96181576345,3978.0216596085456,9204.946872564728,5468.093197590108,5398.102839067386,4508.532771985077,1919.2860509835916,22603.0,65277.0,34.6,True
2026-05-28 07:13:37.860083+02:00,5289.0,352.7565499886605,0.0,10080.11578158678,6287.405645272807,6709.114389633284,4062.779261236789,2017.3846240472283,11722.0,46521.0,25.2,True
2026-05-28 08:13:37.860083+02:00,8760.0,25264.860122508315,4663.230155054295,5962.26008586653,3105.555594699016,6162.223216898832,3650.7631208934267,2559.2707046679748,44898.0,105026.0,42.7,True
2026-05-28 09:13:37.860083+02:00,12371.0,20443.84827108336,4347.975008366302,7544.45804175273,2133.2610121092684,4364.709729928447,3959.360225993207,1246.2074326180314,42368.0,98779.0,42.9,True
2026-05-28 10:13:37.860083+02:00,16556.0,13118.49637537502,5780.732388790751,6119.968135752491,4148.829078157472,5081.383541476967,4229.300226938815,2454.222582822886,42139.0,99628.0,42.3,True
2026-05-28 11:13:37.860083+02:00,17729.0,15094.095248702992,4692.189546050625,7227.774447827716,7702.292611748278,5850.121966477832,4454.111262045864,2049.040225139897,44018.0,108817.0,40.5,True
2026-05-28 12:13:37.860083+02:00,19766.0,9141.728263412191,4359.229881126412,10030.44178362861,8033.261150131068,7112.292449891727,4166.97252399952,2514.424576804797,39948.0,105072.0,38.0,True
2026-05-28 13:13:37.860083+02:00,20322.0,23478.614389054324,1441.2021389855586,8215.967841450458,7746.765703348831,6463.723057557115,3810.0460167297115,1784.124412484436,50836.0,124098.0,41.0,True
2026-05-28 14:13:37.860083+02:00,18830.0,24486.44347386556,3120.0643416998673,13213.718326299539,4710.527948358966,4832.499176119286,4277.689828074885,1333.8777066182774,52048.0,126853.0,41.0,True
2026-05-28 15:13:37.860083+02:00,19011.0,15783.468641232623,5953.302081601115,8386.812734379433,2326.827377022757,5859.68377195284,4430.04253387141,1391.250336892067,46569.0,109711.0,42.4,True
2026-05-28 16:13:37.860083+02:00,15462.0,20117.653220926724,8431.815262265389,8119.383761159473,1485.4413475222386,8017.80644879303,4189.80502820724,1354.096273166442,49555.0,116733.0,42.5,True
2026-05-28 17:13:37.860083+02:00,11714.0,15876.433894669619,4804.949232508753,8212.365838880432,4078.9427576758835,6111.223334840858,3581.9064427308376,2238.9070764603275,38216.0,94835.0,40.3,True
2026-05-28 18:13:37.860083+02:00,9214.0,8316.372805620347,5655.622147148247,6724.382614280128,4702.889554775959,5672.674424927604,3909.296982641405,2738.46101110735,29834.0,76768.0,38.9,True
2026-05-28 19:13:37.860083+02:00,3552.0,12940.883155181713,6904.956313905611,7884.326775244813,6950.938101583938,6491.739640756221,4473.910388206234,1717.5242366723899,29589.0,80505.0,36.8,True
2026-05-28 20:13:37.860083+02:00,28.0,15659.639833859785,3378.2121275995005,10255.576054223291,6301.708189313668,6763.39307958197,3308.491095627763,2314.567649128892,24689.0,72699.0,34.0,True
2026-05-28 21:13:37.860083+02:00,0.0,12727.26140628278,5733.628086570885,8227.941336255544,5341.107618487431,5543.831652519941,2953.4109888044204,1238.27897093219,22653.0,64418.0,35.2,True
2026-05-28 22:13:37.860083+02:00,0.0,13906.73361282482,3519.019787335683,6413.080540233057,3665.2328435882873,6502.574774371437,4754.0414250720105,2090.1606245886496,24270.0,65121.0,37.3,True
2026-05-28 23:13:37.860083+02:00,0.0,14543.002212454428,6729.648876982023,6149.830759042729,3558.830662632665,5671.110503329191,4255.70762751094,2334.2813081685636,27863.0,71105.0,39.2,True
2026-05-29 00:13:37.860083+02:00,0.0,14595.607510672693,5302.806095903466,7099.596216668313,5381.191530607153,6719.327601829438,4303.365001260053,1275.9376123615657,25478.0,70156.0,36.3,True
2026-05-29 01:13:37.860083+02:00,0.0,15261.292452487416,5596.90362796288,8147.726868821761,6045.57646825959,6169.693157971284,3461.591513186472,1898.0582655100727,26218.0,72799.0,36.0,True
2026-05-29 02:13:37.860083+02:00,0.0,9696.974668016996,3434.8028051628216,10387.173070952524,5587.821893368377,6481.967827052892,4368.764031733269,2357.9585702427826,19859.0,62174.0,31.9,True
2026-05-29 03:13:37.860083+02:00,0.0,11414.919254360319,6414.06471922157,5319.022717267127,3448.103060590018,5240.816453832495,4137.624343784182,533.1146763852614,22500.0,59008.0,38.1,True
2026-05-29 04:13:37.860083+02:00,0.0,8577.078671500152,9169.425842462031,7360.347444222488,5976.001443188129,5178.71361592714,3207.8362110758017,2667.7265308508713,23622.0,65759.0,35.9,True
2026-05-29 05:13:37.860083+02:00,0.0,19889.077748431002,2984.1766091435875,8288.620038870158,5638.866450652117,6945.497304659395,4712.141707136929,2176.839687945524,29762.0,80397.0,37.0,True
2026-05-29 06:13:37.860083+02:00,0.0,4471.7652907983775,4320.481984704952,4332.588464741131,3394.0003907147325,5920.603618614507,4079.3416618093643,2358.3638238586714,15230.0,44107.0,34.5,True
2026-05-29 07:13:37.860083+02:00,4145.0,20767.951716584626,5463.214948336184,6332.8034340671875,3823.5185445496163,6285.034742099361,3801.9580169603655,1793.6403604026177,35972.0,88385.0,40.7,True
2026-05-29 08:13:37.860083+02:00,8068.0,21931.746986314218,6572.812423991633,6640.222920527627,6032.74396184235,5693.60457291348,3811.0051270073914,1138.6387592173223,41522.0,101411.0,40.9,True
2026-05-29 09:13:37.860083+02:00,12283.0,13489.097065086893,3880.9074294210623,6408.059252299004,4648.238697281164,6898.726774013644,2992.3890472838116,2267.0314781584757,34912.0,87779.0,39.8,True
2026-05-29 10:13:37.860083+02:00,15693.0,1984.3145608635077,0.0,8383.779090043296,7383.720952454685,5392.190019970342,4296.668299815682,1958.704837291744,23933.0,69025.0,34.7,True
2026-05-29 11:13:37.860083+02:00,18549.0,13193.447190163548,7718.37898832805,7678.8807809964055,5751.693914096864,5864.398760099117,4130.928603622862,2016.0577277161603,45608.0,110511.0,41.3,True
2026-05-29 12:13:37.860083+02:00,19428.0,14679.079193555903,6521.012239168285,6889.427794797927,4270.053217716097,6785.992812703132,3902.9599338334524,2543.803492599477,47075.0,112095.0,42.0,True
2026-05-29 13:13:37.860083+02:00,20487.0,9947.008900355433,1514.1049390266699,8855.92525310527,4984.691599413601,7172.967699164266,4639.242603725836,2381.0319369312992,38968.0,98950.0,39.4,True
2026-05-29 14:13:37.860083+02:00,19563.0,12423.908030958786,3784.8624164408884,11446.1494352925,5095.075088956577,5476.240708973317,3308.070490502077,2960.6187085448064,42040.0,106098.0,39.6,True
2026-05-29 15:13:37.860083+02:00,16044.0,22650.975994316756,8136.364859054653,11278.513033483505,3907.4145301374347,7959.683981955883,3701.6137618161924,2076.9271144367494,52610.0,128365.0,41.0,True
2026-05-29 16:13:37.860083+02:00,14697.0,18324.635811508706,7895.592836915732,4154.456455875327,3631.11770273356,6313.241693693616,3574.995872619807,1654.3937811044414,46147.0,106392.0,43.4,True
2026-05-29 17:13:37.860083+02:00,12326.0,10377.179428109499,6877.280045357889,9154.14436767028,6052.084840714249,4957.071738191262,3860.6025101142236,1905.7915765456369,35347.0,90857.0,38.9,True
2026-05-29 18:13:37.860083+02:00,7468.0,7012.00415202284,4647.7751320802745,7643.953419872323,6267.909945563144,6369.052048589968,4033.7350126286115,2207.831686269303,25369.0,71019.0,35.7,True
2026-05-29 19:13:37.860083+02:00,5050.0,13364.913411951144,5165.97483762502,8310.310685730712,5905.672204329438,5617.000785516542,4215.006761905677,2507.928259496489,30304.0,80441.0,37.7,True
2026-05-29 20:13:37.860083+02:00,1531.0,13932.716103247809,4738.148389747747,7203.4339329149025,7272.977141485702,6434.068487183176,3826.5132734474414,1266.4830242806406,25295.0,71500.0,35.4,True
2026-05-29 21:13:37.860083+02:00,0.0,17480.99593681658,7256.479566537675,8235.177259774404,4187.340145982597,5957.143752339662,3561.3221324225533,2004.2688075895844,30303.0,78986.0,38.4,True
2026-05-29 22:13:37.860083+02:00,0.0,12323.416437161704,3248.31518700978,8302.814792144038,7511.406149106695,6074.273690190144,4843.003474885222,2804.7708285191848,23220.0,68328.0,34.0,True
2026-05-29 23:13:37.860083+02:00,0.0,17557.497876809306,3388.4006902315905,6842.096485302154,3648.6183221687706,5088.406623413854,5205.820095894284,1879.89556449874,28032.0,71643.0,39.1,True
2026-05-30 00:13:37.860083+02:00,0.0,24675.770200301144,7020.549173672031,6207.2649043496385,3480.9716549472605,6990.06123071636,4071.6433359410125,2465.505927434552,38233.0,93145.0,41.0,True
2026-05-30 01:13:37.860083+02:00,0.0,19077.50511222131,4911.277088976877,7102.608634761032,2360.061676776125,4843.872632848968,3621.6098164895666,2246.5587636080027,29857.0,74020.0,40.3,True
2026-05-30 02:13:37.860083+02:00,0.0,14759.557463346137,7756.934710907616,8468.518528913532,4331.307029259775,4891.235104595005,4737.727065521147,2477.93030326249,29732.0,77155.0,38.5,True
2026-05-30 03:13:37.860083+02:00,0.0,14084.247644733527,3656.9755860389087,9197.992683368528,4244.416494755819,6367.360349147487,3276.6214468357675,1595.1197292000338,22613.0,65036.0,34.8,True
2026-05-30 04:13:37.860083+02:00,0.0,13216.634329100643,4890.44327932235,9706.697954680294,5788.905920381976,7602.84424717797,3832.6133376475864,1597.2991649672097,23537.0,70172.0,33.5,True
2026-05-30 05:13:37.860083+02:00,0.0,20903.204562260722,3155.1740303120932,7011.619953866175,5365.836412430676,5647.406902935592,3651.941474326849,2010.135946061144,29720.0,77465.0,38.4,True
2026-05-30 06:13:37.860083+02:00,161.0,11863.432770243486,5014.725362847134,8567.689134605473,3210.5399434712945,6700.972322703966,3420.2322247747557,1233.8891063798442,21693.0,61865.0,35.1,True
2026-05-30 07:13:37.860083+02:00,4453.0,15226.113544999913,2042.9061260024023,9925.005183906596,4410.910642361274,7073.340176863545,3859.987883539115,1865.1296966941711,27447.0,76303.0,36.0,True
2026-05-30 08:13:37.860083+02:00,9115.0,15255.989509405426,4024.7331580900745,10331.189790288256,4442.806968368472,6814.684437294069,3567.913960413018,2126.4383287578335,34090.0,89769.0,38.0,True
2026-05-30 09:13:37.860083+02:00,13660.0,12491.07903594234,2127.4922701437645,7882.3342917369555,2336.026629557161,5688.791710826318,4006.327232074327,2892.317803474886,35177.0,86261.0,40.8,True
2026-05-30 10:13:37.860083+02:00,16586.0,8137.672260579496,6387.846466382516,7558.136550120775,3528.579909479946,4908.9532828059255,4013.588583836232,2201.359094634911,37326.0,90648.0,41.2,True
2026-05-30 11:13:37.860083+02:00,16534.0,16614.87251808834,6433.178679519304,8382.248467672784,3843.7795540788657,3792.452434328645,3689.3341382390104,2312.614235436551,45584.0,107186.0,42.5,True
2026-05-30 12:13:37.860083+02:00,16945.0,14694.980140723083,1539.47453903131,5700.5850542051885,7150.43752973142,5737.159500537607,3814.7433217030652,2582.2379235250028,39576.0,97741.0,40.5,True
2026-05-30 13:13:37.860083+02:00,20934.0,17501.20234718285,7667.7714910011455,7612.780977928984,5287.176073936029,7178.087368562175,3884.575516048145,1517.6712055524717,51505.0,123088.0,41.8,True
2026-05-30 14:13:37.860083+02:00,18132.0,12331.998467804166,9994.830252839707,9489.172796946259,5993.253130921249,4875.834015238066,4404.923030559714,1917.458668814507,46781.0,113920.0,41.1,True
2026-05-30 15:13:37.860083+02:00,17795.0,21104.10649406524,5092.012773472682,9283.894258887402,2752.046754276182,6700.209847518765,3925.785299467907,3212.7062959019463,51130.0,120996.0,42.3,True
2026-05-30 16:13:37.860083+02:00,14467.0,10616.131093940776,3717.7714795507104,7459.464791272222,6791.321724520988,5049.847469948128,4412.350870393048,1960.4388888077456,35174.0,89648.0,39.2,True
2026-05-30 17:13:37.860083+02:00,10668.0,23560.201420089463,10648.661182006093,8435.436402174333,6951.653094536139,6106.072576386839,4292.906491777328,2558.2153743911035,51728.0,124949.0,41.4,True
2026-05-30 18:13:37.860083+02:00,9219.0,6261.817450858693,2362.0630033949788,6350.699319418625,2002.482549283061,6707.791614155018,4285.765348450371,2481.8689385865537,24611.0,64282.0,38.3,True
2026-05-30 19:13:37.860083+02:00,5210.0,17173.850322784456,5040.212933738197,9406.98429645005,3942.0249141262275,5340.504563161572,4693.922985172987,1260.9431428061553,33379.0,85447.0,39.1,True
2026-05-30 20:13:37.860083+02:00,0.0,17377.153412633117,5359.244545263847,7844.357127727054,5743.648359523266,6170.484680696914,3440.304560127045,2155.2396385029665,28332.0,76422.0,37.1,True
2026-05-30 21:13:37.860083+02:00,0.0,11022.214660295589,7690.295240904829,7448.097096607724,5966.582680307273,5584.908663274671,3763.408446846443,2073.373736102613,24549.0,68098.0,36.0,True
2026-05-30 22:13:37.860083+02:00,0.0,17121.969689305064,5719.477950253577,7276.552327813227,3982.2579042691673,6705.148658938177,4881.649400149785,2164.9793939202173,29888.0,77740.0,38.4,True
2026-05-30 23:13:37.860083+02:00,0.0,21397.593348800794,4002.7322084230973,7874.212266200284,4541.7508054195205,6235.3171684846375,3871.341749705366,1622.9437601044701,30895.0,80441.0,38.4,True
2026-05-31 00:13:37.860083+02:00,0.0,3915.905803229678,3097.6312592240874,7104.244710136083,4103.928408432285,6056.507674429267,2592.4381550470753,1441.5402440439204,11048.0,39360.0,28.1,True
2026-05-31 01:13:37.860083+02:00,0.0,17513.724037454074,4316.3563595077285,9316.286072005127,5165.627070419179,7558.349960141977,3898.5158284260574,1761.9949999895744,27491.0,77022.0,35.7,True
2026-05-31 02:13:37.860083+02:00,0.0,2533.6458983496123,2986.145278109712,7209.432903967639,6795.76779719287,6662.306142368302,4067.4697650816247,1951.1025014578986,11538.0,43744.0,26.4,True
2026-05-31 03:13:37.860083+02:00,0.0,10171.67598238396,5095.650639569366,11185.928192054762,3843.436764288193,5309.648133873711,2691.443441284395,2592.492223800158,20551.0,61441.0,33.4,True
2026-05-31 04:13:37.860083+02:00,0.0,23145.831824504727,3871.607640279027,10930.421006962762,6501.230746652621,5914.136099202238,4666.967819943974,2908.6554098628035,34593.0,92532.0,37.4,True
2026-05-31 05:13:37.860083+02:00,0.0,12091.08983303973,2011.9244134204987,6216.913020290991,3827.4918914796685,5924.101214920339,3643.143768067199,2698.298923111589,20444.0,56857.0,36.0,True
2026-05-31 06:13:37.860083+02:00,1197.0,9130.600177955137,7510.291576749807,8139.408538858561,3728.5591812546736,6080.319572625212,4164.2815575937575,2430.092605390922,24432.0,66813.0,36.6,True
2026-05-31 07:13:37.860083+02:00,4292.0,14010.31135507659,4004.6549531419214,6698.68675732761,6227.89192751482,8524.509276607496,3887.009227327969,1497.829868850205,27692.0,76835.0,36.0,True
2026-05-31 08:13:37.860083+02:00,8650.0,25339.531690817763,2463.726390049375,7346.704873622777,6382.904567011425,6370.851892710997,3355.824290397979,1795.5519125052522,41605.0,103310.0,40.3,True
2026-05-31 09:13:37.860083+02:00,11537.0,5841.5887639698685,4663.481731024917,12004.854935289593,6277.114905143982,3964.097429895224,3464.74593268229,2104.963026206499,27612.0,77470.0,35.6,True
2026-05-31 10:13:37.860083+02:00,15193.0,9743.450441803277,5136.743131935317,7384.8571657684015,3026.3038876727883,5457.201028283035,3532.4585817862267,1683.7804809619124,35289.0,86447.0,40.8,True
2026-05-31 11:13:37.860083+02:00,17135.0,22487.15841589813,1507.0665488419327,8720.452074154857,4301.073532891924,4067.6279125041915,4542.835954591819,2288.6028262639757,47961.0,113011.0,42.4,True
2026-05-31 12:13:37.860083+02:00,19326.0,24288.511717688663,5663.295334251526,9082.642588016557,6234.482888004983,5670.20174295416,3926.230905949924,2360.2430541271438,55564.0,132116.0,42.1,True
2026-05-31 13:13:37.860083+02:00,21712.0,14482.84387854858,2905.684862619471,5998.741255033518,5062.312760845842,4012.6897702735714,3739.0672417241267,2268.145031282734,45108.0,105289.0,42.8,True
2026-05-31 14:13:37.860083+02:00,18127.0,8804.736487366787,8422.057618381576,6289.80905118159,3389.4607307038036,5128.409528931572,3532.6955437048846,2512.5673022787905,41399.0,97606.0,42.4,True
2026-05-31 15:13:37.860083+02:00,16406.0,25479.217509045797,6047.921024153469,5587.955257183762,5687.476908688162,4479.27847036588,4598.075110763063,1547.704393143463,54079.0,123913.0,43.6,True
2026-05-31 16:13:37.860083+02:00,17108.0,22972.211958745982,4200.200019781367,6228.058532204446,3927.789111512794,6384.1601779674775,4732.100636261794,2466.414352046099,51479.0,119498.0,43.1,True
2026-05-31 17:13:37.860083+02:00,12260.0,18394.734938811165,3509.664459365299,2299.939781365635,7691.787272588318,6000.539362628879,4592.371949353341,1652.177274939902,40409.0,96810.0,41.7,True
2026-05-31 18:13:37.860083+02:00,8009.0,10937.9882553129,4790.064584872752,9089.164801587256,7317.262193627388,6302.962307498731,4246.218669577083,1529.5320236785574,29513.0,81735.0,36.1,True
2026-05-31 19:13:37.860083+02:00,5490.0,14754.853295809817,6225.581483166579,12108.38768251214,5906.146139533351,5895.448611431473,4144.915020935356,2266.058067093191,32881.0,89672.0,36.7,True
2026-05-31 20:13:37.860083+02:00,0.0,14198.199594775846,4949.011742829601,8295.641478073054,7041.510057154661,4605.702249795582,3392.0310910120493,2607.9367810994904,25147.0,70237.0,35.8,True
2026-05-31 21:13:37.860083+02:00,0.0,16654.25652307789,4565.682385726287,5167.462281318785,5097.187025185071,6513.521369254735,3877.090436644471,2244.0067431880047,27341.0,71460.0,38.3,True
2026-05-31 22:13:37.860083+02:00,0.0,22255.00719065668,5116.740581635791,6714.4472342001045,6148.156241562524,7922.224560269453,3658.0698983267816,2010.402011886272,33040.0,86865.0,38.0,True
2026-05-31 23:13:37.860083+02:00,0.0,19397.085205687014,3792.282137526091,7082.246309950006,7216.580442953113,6409.212578606547,3087.243945507645,2155.0769130507533,28432.0,77572.0,36.7,True
2026-06-01 00:13:37.860083+02:00,0.0,9613.119615076208,4313.588146313925,5964.830445573249,5368.248022691469,5574.075400682434,4528.521709582683,2068.21345903364,20523.0,57954.0,35.4,True
2026-06-01 01:13:37.860083+02:00,0.0,21882.482250097688,828.415122189992,9720.365276790313,4617.2192427285745,4571.9328238945545,3652.0850268038625,1437.024551932303,27800.0,74510.0,37.3,True
2026-06-01 02:13:37.860083+02:00,0.0,16565.660700065775,6947.4524617047355,9620.520088750667,2443.067062734326,5091.933029240035,4597.970953717653,1378.6899275275423,29490.0,76135.0,38.7,True
2026-06-01 03:13:37.860083+02:00,0.0,18435.32897929458,5597.595560643524,5689.096412364681,4875.299711417759,6453.039656572059,4440.873200380006,1960.5870602632726,30434.0,77886.0,39.1,True
2026-06-01 04:13:37.860083+02:00,0.0,22332.704296393014,3453.0883119331397,9450.162088895016,6235.134776843467,7073.118026799375,4278.35898831671,2039.928417884652,32104.0,86966.0,36.9,True
2026-06-01 05:13:37.860083+02:00,0.0,9442.098752432245,8797.469962710478,11053.62532715453,6418.4501413514445,6260.866174721976,4306.442035881591,2005.6661891838671,24552.0,72837.0,33.7,True
2026-06-01 06:13:37.860083+02:00,32.0,14820.872106467685,5174.032960784773,11805.116410459119,5756.547598577615,6799.887289705984,3692.343058963146,2338.0508068249565,26057.0,76476.0,34.1,True
2026-06-01 07:13:37.860083+02:00,3697.0,12342.727243203924,2927.712856049606,13730.424046171926,4188.05135755664,6707.678244027243,4928.925075645332,1892.26164191783,25789.0,76204.0,33.8,True
2026-06-01 08:13:37.860083+02:00,9138.0,7160.7028731727205,6713.4748429409165,6196.014701113605,2034.7676465786144,6506.534391385918,4021.5627154765248,2281.489590952428,29315.0,73368.0,40.0,True
2026-06-01 09:13:37.860083+02:00,11792.0,16733.5498880246,5796.096433018525,13648.440852790405,4257.177352992898,5341.5264047387445,4150.965842559352,1927.706616336776,40400.0,104047.0,38.8,True
2026-06-01 10:13:37.860083+02:00,17650.0,27557.78275792212,5789.159970968439,7291.587222982424,4543.482693419073,6173.923511975152,3675.4618332166806,2911.6794810182328,57584.0,133177.0,43.2,True
2026-06-01 11:13:37.860083+02:00,18156.0,5799.6112774712365,4148.488790696819,6815.069089238971,4530.606549214979,5151.622196117862,3534.41736961152,2040.3568633632233,33679.0,83855.0,40.2,True
2026-06-01 12:13:37.860083+02:00,19133.0,14838.596944752648,5900.991447556069,8654.144749755691,5927.834535466886,6017.428952958102,4238.648004404711,3170.3613057628386,47282.0,115163.0,41.1,True
2026-06-01 13:13:37.860083+02:00,20185.0,18202.714675373867,4476.483419557811,6835.877331813976,7978.5146165222595,6330.8635310669115,4108.756747969393,2176.005795545432,49149.0,119443.0,41.1,True
2026-06-01 14:13:37.860083+02:00,18151.0,15615.391008280905,6111.882903291685,8798.088281293052,5185.293802761639,7678.783807386855,3605.323817048711,1893.1614147058922,45377.0,112416.0,40.4,True
2026-06-01 15:13:37.860083+02:00,17048.0,14434.359737421299,1190.1110919787225,5359.8456245253965,4674.9023162653075,4690.268025632367,3280.786640612298,1550.2760118701628,37504.0,89733.0,41.8,True
2026-06-01 16:13:37.860083+02:00,16837.0,8503.918182770878,4132.253074041621,7522.494795873132,4611.167280493861,6481.507630991306,3365.0384563362263,1278.5557129711533,34117.0,86849.0,39.3,True
2026-06-01 17:13:37.860083+02:00,11813.0,16163.93371470082,8444.31019561639,10571.164468723358,5186.5771503615715,7481.236591623595,4598.066858545553,1504.2788578019217,42524.0,108287.0,39.3,True
2026-06-01 18:13:37.860083+02:00,7631.0,11216.180114920367,3465.865089199399,7885.877417137688,3757.559359477402,6758.8477658387965,3693.373092674964,1560.196845418005,27567.0,73536.0,37.5,True
2026-06-01 19:13:37.860083+02:00,4987.0,4050.3914751072334,3792.323405013627,8283.191573479766,5180.297838119082,6832.945442825041,3830.545727162083,2197.4100102060884,18858.0,58012.0,32.5,True
2026-06-01 20:13:37.860083+02:00,1186.0,20972.961102568654,4104.077323100049,8950.517209434624,5676.2185044976995,6587.694901867812,4725.170129379531,1736.9173144699062,32725.0,86665.0,37.8,True
2026-06-01 21:13:37.860083+02:00,0.0,19791.92909921021,2570.3877282227136,10341.32325863532,5314.529095361732,7298.334489775417,3438.9247192567927,2093.463526277249,27895.0,78744.0,35.4,True
2026-06-01 22:13:37.860083+02:00,0.0,15258.3048842554,583.4384475434954,4689.550575621134,5686.312901007172,4912.521831887632,3636.502587141472,2640.989181188343,22119.0,59527.0,37.2,True
2026-06-01 23:13:37.860083+02:00,0.0,16145.373441028512,4538.827202952774,9169.04810367487,5650.621414022803,4614.073334029754,3615.6165857196534,1956.095824182573,26256.0,71946.0,36.5,True
2026-06-02 00:13:37.860083+02:00,0.0,20371.59006357781,5271.718848163314,7463.721721516474,2342.1549766303347,5993.665859534744,4809.03424058302,3039.578349233402,33492.0,82783.0,40.5,True
2026-06-02 01:13:37.860083+02:00,0.0,16121.698283890413,4894.9898629226955,8333.275790623677,5955.305237593105,3838.83789642829,4996.691750291207,1412.094509830401,27425.0,72978.0,37.6,True
2026-06-02 02:13:37.860083+02:00,0.0,19520.087773806572,4710.2428761042265,10119.900339524753,3993.4777315063197,7230.6458041780115,4375.781612701086,1924.708225812536,30531.0,82406.0,37.0,True
2026-06-02 03:13:37.860083+02:00,0.0,13512.58899563075,5086.081741700776,5611.626697176312,3356.241255494063,7220.715195495442,4391.6923620771195,1730.3435381945105,24721.0,65630.0,37.7,True
2026-06-02 04:13:37.860083+02:00,0.0,21559.91869286973,7045.6829431015285,5974.711117113821,3343.322258217506,5566.649444915473,3709.822498573634,2468.253303028504,34784.0,84452.0,41.2,True
2026-06-02 05:13:37.860083+02:00,0.0,16603.92862966342,4619.107628141566,4129.140080572388,5650.312415708794,5629.22940333949,4973.664243452142,880.1041848169396,27077.0,69562.0,38.9,True
2026-06-02 06:13:37.860083+02:00,456.0,15970.25971802937,3851.8348458254604,6901.682116472447,4666.137609162721,5927.652524849329,4133.848127179331,1278.4423554110945,25690.0,68876.0,37.3,True
2026-06-02 07:13:37.860083+02:00,6615.0,8649.694556439841,4437.7490302238275,10660.864688757632,2477.046824021884,6052.02065043962,4426.55513222487,1946.3265887745185,26075.0,71340.0,36.6,True
2026-06-02 08:13:37.860083+02:00,8034.0,16434.779271508545,6158.693519513552,7758.825623053061,5717.056722788425,6127.173919194285,3947.237530614523,2775.6888605047466,37350.0,94303.0,39.6,True
2026-06-02 09:13:37.860083+02:00,13398.0,10840.225412527743,7824.053757086499,5319.750208690428,2840.587803801759,6558.232106878303,3865.9837063361947,2112.9209170186537,38041.0,90801.0,41.9,True
2026-06-02 10:13:37.860083+02:00,15694.0,11808.58636735753,3743.712521661643,7028.642510849906,5209.732037777317,5827.373646991522,4831.521129798059,1324.226272867883,37402.0,92870.0,40.3,True
2026-06-02 11:13:37.860083+02:00,18288.0,10923.121858419394,5197.867574057767,5024.276593018754,5357.748388509581,6943.193303477794,4269.861839869153,1401.416703654885,40080.0,97485.0,41.1,True
2026-06-02 12:13:37.860083+02:00,21027.0,9668.825340503874,5676.7148838719195,5749.627796537677,6328.3656225425675,6445.947777125303,4725.687730535191,2836.494851422476,43935.0,106394.0,41.3,True
2026-06-02 13:13:37.860083+02:00,20508.0,25623.85701508481,3014.8439865423543,8777.637820527427,7672.527179700277,5393.036554127364,4127.664085872522,1689.4326006018796,54964.0,131771.0,41.7,True
2026-06-02 14:13:37.860083+02:00,20037.0,21656.695309942013,5040.8343344258365,5652.253347387943,2952.9855111491875,7335.112667804097,3575.8167317884545,1528.518313775118,51839.0,119618.0,43.3,True
2026-06-02 15:13:37.860083+02:00,19092.0,24601.837510721307,2068.65228531581,10225.268610406603,4921.289215905425,4641.743013877513,3708.328533560756,2738.6862803154304,52210.0,124208.0,42.0,True
2026-06-02 16:13:37.860083+02:00,15272.0,8885.52490222218,1461.8993925212026,7857.759418339328,4585.497057433674,5907.834189178524,4051.482621232305,2505.5485027934956,32176.0,82704.0,38.9,True
2026-06-02 17:13:37.860083+02:00,11631.0,15356.268749554463,5733.492815784514,8171.189407889051,5650.624528941444,6966.917401075468,3686.7498919783366,2637.0298216333977,39045.0,98878.0,39.5,True
2026-06-02 18:13:37.860083+02:00,7633.0,8532.461873979522,4232.250517338434,7443.254064784212,5323.5031564004275,5276.926895087856,3446.2692956861547,1524.9790598670916,25369.0,68782.0,36.9,True
2026-06-02 19:13:37.860083+02:00,2484.0,11521.52561401468,5404.560815242438,9545.695677087446,4471.18063589507,6309.555646767151,4600.708515893512,1237.4471794928197,25248.0,70823.0,35.6,True
2026-06-02 20:13:37.860083+02:00,2056.0,10409.365082917126,4964.2100459833,9566.31977555402,4338.646717083717,6543.339596999048,3727.564964588244,2066.583244681353,23224.0,66896.0,34.7,True
2026-06-02 21:13:37.860083+02:00,0.0,21197.920032207807,3047.199902672405,8670.108703824342,3325.3237172239287,5139.476132018761,4069.0963738956602,2167.563066536832,30482.0,78099.0,39.0,True
2026-06-02 22:13:37.860083+02:00,0.0,13018.851609491201,4909.4913960713275,9129.578211815297,6481.792373609764,5927.522280405965,4148.0667949428025,2182.300901852416,24259.0,70057.0,34.6,True
2026-06-02 23:13:37.860083+02:00,0.0,20341.896668470083,2533.7973899702897,7575.820660159149,5688.806272399293,5843.49616979079,3705.9234373397157,2739.091967819501,29321.0,77750.0,37.7,True
2026-06-03 00:13:37.860083+02:00,0.0,18020.60444794259,7781.944716002801,9084.406013818098,6376.652296692706,5448.262148167707,4725.39973315437,1133.1164549958758,31661.0,84231.0,37.6,True
2026-06-03 01:13:37.860083+02:00,0.0,26518.193760523944,2288.059310280072,7324.244449052387,4534.40579528673,8301.674852050775,3441.4291193976937,2429.8475256488828,34678.0,89516.0,38.7,True
2026-06-03 02:13:37.860083+02:00,0.0,7602.77888430138,4608.4294580628375,8004.463244324804,4014.7467969583545,5236.893646554524,4130.812631790385,1451.6874779263412,17794.0,52844.0,33.7,True
2026-06-03 03:13:37.860083+02:00,0.0,21296.166198933995,2915.4568239055034,7450.712501267405,3382.5274000561585,7004.930294067884,4123.058853188292,2427.8676604304205,30763.0,79364.0,38.8,True
2026-06-03 04:13:37.860083+02:00,0.0,20732.20435200364,6140.842346721591,7085.5629213616085,5538.376375610989,5607.198983118858,3972.872698567926,1762.5216477393112,32608.0,83448.0,39.1,True
2026-06-03 05:13:37.860083+02:00,0.0,10133.105809864828,4337.137257436994,6621.77640455642,3440.3101632076477,4913.363811114718,3351.5436933640085,1593.0141020547442,19415.0,53805.0,36.1,True
2026-06-03 06:13:37.860083+02:00,0.0,20035.666682365798,3962.6665607575796,8935.380207717772,7772.994603449825,6102.814243155069,4435.408775931732,1695.048646525399,30129.0,83069.0,36.3,True
2026-06-03 07:13:37.860083+02:00,6058.0,16680.724815131143,6706.403090103109,10621.211825626926,3038.5361283598395,6649.093384387501,4371.755335167299,1277.1948996117187,35094.0,90497.0,38.8,True
2026-06-03 08:13:37.860083+02:00,9169.0,13862.61870023296,5058.861183355104,10342.203943339118,5410.490178818753,6920.509575065678,3662.215735704392,2020.2144699167336,33773.0,90219.0,37.4,True
2026-06-03 09:13:37.860083+02:00,13205.0,10880.322565140003,6033.2888918719345,5486.869328109129,7350.282060820679,7562.265110655069,4353.743603602681,1613.6633046697714,36086.0,92571.0,39.0,True
2026-06-03 10:13:37.860083+02:00,16300.0,11404.45274275407,3037.34812696507,10578.406102813748,5898.634638895714,8945.2462899351,4187.453843150388,2393.149115450139,37322.0,100067.0,37.3,True
2026-06-03 11:13:37.860083+02:00,19193.0,25249.06047892963,2190.3661121449863,7363.682996764142,5263.510568737669,6250.514203755597,3359.6939273194457,2320.0280405164585,52312.0,123502.0,42.4,True
2026-06-03 12:13:37.860083+02:00,19680.0,15003.414094787413,5214.415924080267,9201.466030291183,3547.2745295571567,5336.907826174612,3573.0355427143213,2844.078526451395,46315.0,110716.0,41.8,True
2026-06-03 13:13:37.860083+02:00,18703.0,18910.650007657296,4362.307289010538,6187.569335905578,2927.3462171484443,6452.874326794891,4569.140722444789,2183.1637417705388,48728.0,113024.0,43.1,True
2026-06-03 14:13:37.860083+02:00,19898.0,11045.503091662235,6252.869344907888,8283.95982774801,6155.075163376378,5733.7870495935085,4154.708092571025,2260.338883540037,43611.0,107395.0,40.6,True
2026-06-03 15:13:37.860083+02:00,17368.0,11100.735268891805,4840.1830946749005,8627.446365793814,7259.220861162419,6925.96612985223,3717.8485270946867,2700.049905913907,39727.0,102266.0,38.8,True
2026-06-03 16:13:37.860083+02:00,15108.0,20409.92404624971,5410.15067846926,5030.790416160695,4341.725014282742,4702.835703634279,3570.762054413679,1686.1686519866519,46185.0,106445.0,43.4,True
2026-06-03 17:13:37.860083+02:00,13056.0,8252.11894224234,1753.234940117513,9216.534332688378,3291.4077385754736,8368.334542400436,3742.3031009422893,1255.8708935884838,28060.0,76996.0,36.4,True
2026-06-03 18:13:37.860083+02:00,9916.0,12923.931160473643,8776.873879228513,10691.87001567663,1312.7458541764722,6856.048094775513,3777.760235061148,2100.0470295641967,37495.0,93850.0,40.0,True
2026-06-03 19:13:37.860083+02:00,4472.0,15170.13705536116,4671.516029935936,7650.704108636744,3528.8527345061934,4315.995982203835,3577.018483685374,1288.6832653927981,29179.0,73854.0,39.5,True
2026-06-03 20:13:37.860083+02:00,309.0,15556.863009200262,6395.173940678398,10720.336261656026,4829.51473625144,5290.971097685027,3129.117943808349,3226.969336462695,28617.0,78075.0,36.7,True
2026-06-03 21:13:37.860083+02:00,0.0,14104.533574919218,3327.816659560747,7620.613013095185,7398.684861255101,6816.081044113938,4570.006643200393,2727.7491460394717,24730.0,71295.0,34.7,True
2026-06-03 22:13:37.860083+02:00,0.0,16979.098905479615,5616.019804434682,9699.169062093235,6009.7005383494525,7176.344056171454,4485.316836305721,3081.98816665079,30162.0,83210.0,36.2,True
2026-06-03 23:13:37.860083+02:00,0.0,18464.278779089058,2394.3104729505094,3562.8600680978006,5457.62810706013,4727.762372768037,3363.3722740965704,2031.2234883315646,26253.0,66254.0,39.6,True
2026-06-04 00:13:37.860083+02:00,0.0,18673.18772729665,5904.135676519342,12837.555558626926,4399.820508048304,6713.025850432949,4068.155647781834,2275.286796850799,30921.0,85792.0,36.0,True
2026-06-04 01:13:37.860083+02:00,0.0,10070.980956660867,4288.051831228335,10990.916490485914,4125.251424116065,4052.6601273380766,3548.8808986426166,1770.262284023678,19678.0,58525.0,33.6,True
2026-06-04 02:13:37.860083+02:00,0.0,13579.224510356014,5058.381007871135,7430.748991492642,7108.471396261945,5910.664134528954,3869.2163883867324,2441.462402793376,24948.0,70346.0,35.5,True
2026-06-04 03:13:37.860083+02:00,0.0,20973.81430938469,6395.948060260195,4055.821946712364,5301.107811137585,7112.0468421032065,3827.616710063172,1392.2283939744716,32590.0,81649.0,39.9,True
2026-06-04 04:13:37.860083+02:00,0.0,19473.23593786936,2534.9193775594395,8576.056736610979,1846.0989621184667,5448.48426989702,3786.082892141064,728.4534052626107,26523.0,68916.0,38.5,True
2026-06-04 05:13:37.860083+02:00,0.0,8135.702742594681,3631.016538774406,5112.148905852486,3989.690528154136,4493.077700861986,5001.473542038143,1604.6446902557168,18373.0,50341.0,36.5,True
2026-06-04 06:13:37.860083+02:00,0.0,16757.399501761007,5914.648562173531,8889.707075114977,3712.67595234256,6146.21479637756,3779.8371576619047,1272.2632621913422,27724.0,74197.0,37.4,True
2026-06-04 07:13:37.860083+02:00,3226.0,5108.8737531259485,9196.442949093493,8823.131438328564,4180.603986233803,5395.281133364522,3595.868087466538,2738.963368079768,23866.0,66131.0,36.1,True
2026-06-04 08:13:37.860083+02:00,8469.0,15234.674510301847,4723.835330677037,6117.193661995951,5844.365990427628,6629.558366065836,3618.709285251476,2907.8387275401583,34954.0,88499.0,39.5,True
2026-06-04 09:13:37.860083+02:00,11619.0,24488.835083729886,6182.272235847865,10241.934047228755,4838.8326773086255,5114.67356778194,4521.888478200877,1298.5354637934445,48111.0,116417.0,41.3,True
2026-06-04 10:13:37.860083+02:00,15056.0,10260.536413655069,4786.05706028304,9611.149405612347,4884.701889494507,5227.3631103469,3173.9488341535325,2645.85780376062,35922.0,91568.0,39.2,True
2026-06-04 11:13:37.860083+02:00,18608.0,10828.38477254209,8884.491189512599,9951.646674577127,6970.209741987855,3978.9976791237564,3618.68854178224,2475.692491750385,44415.0,109731.0,40.5,True
2026-06-04 12:13:37.860083+02:00,21168.0,18820.1489078643,1505.556666069489,8017.715407337791,3955.3083653199674,6169.944711051483,4723.411420055767,1215.1116576405618,47432.0,113007.0,42.0,True
2026-06-04 13:13:37.860083+02:00,20395.0,7285.99242395177,5189.242089338716,5168.951866172587,7796.299288831025,5839.095061723401,4121.9930939988235,1804.8662345341909,38797.0,96398.0,40.2,True
2026-06-04 14:13:37.860083+02:00,18303.0,11836.224850574805,1748.911932875878,9955.744544422276,3993.038612943371,4811.615329259929,4095.961002518057,1709.9181389377402,37694.0,94148.0,40.0,True
2026-06-04 15:13:37.860083+02:00,18464.0,17982.20568790876,0.0,7459.257201728417,5133.797294918857,6193.798713767092,5066.073230071851,2373.9976993136,43886.0,106559.0,41.2,True
2026-06-04 16:13:37.860083+02:00,16833.0,11828.570761552985,5594.924106235633,5220.439713614662,4578.19460689585,7027.070300644139,4123.17397647425,1385.610324547493,39765.0,96356.0,41.3,True
2026-06-04 17:13:37.860083+02:00,11860.0,13820.150063945142,5278.9955922949175,10704.078731948652,5185.128700251442,5784.43205658105,3645.9069193202085,1950.5636871702588,36556.0,94785.0,38.6,True
2026-06-04 18:13:37.860083+02:00,8544.0,18720.928551575173,4430.326124515597,12198.815041005018,5666.887992609693,6268.1669498219735,3858.961471561826,1657.032748025191,37211.0,98556.0,37.8,True
2026-06-04 19:13:37.860083+02:00,4465.0,17107.730417682807,4787.611819920494,7917.503742041594,5650.752860133315,6273.311249585164,3432.2838454847156,2236.6705916925716,32029.0,83900.0,38.2,True
2026-06-04 20:13:37.860083+02:00,0.0,16334.09198147701,11196.598868142515,12318.242309206584,3870.32400406913,4795.670172821039,4627.968520007848,1891.6039841560353,34050.0,89084.0,38.2,True
2026-06-04 21:13:37.860083+02:00,0.0,13304.388603649806,4483.649723937131,8182.629457222699,3315.6279838286437,8056.585820707596,4287.280858768358,1732.3771480298024,23808.0,67171.0,35.4,True
2026-06-04 22:13:37.860083+02:00,0.0,16850.305576344777,6020.24872250015,7239.088191667298,8754.757686358565,5529.1501698777165,4562.207074985445,1893.351712183961,29326.0,80175.0,36.6,True
2026-06-04 23:13:37.860083+02:00,0.0,14381.336599501217,3701.270360772238,6739.083091629045,4274.02349059917,6656.116201860271,4606.491964274685,3018.021416420056,25707.0,69083.0,37.2,True
2026-06-05 00:13:37.860083+02:00,0.0,17289.028049628923,5590.465150081206,11274.164815985485,6048.81865800798,6769.215277229049,3792.8946095362335,1791.5501819403055,28464.0,81020.0,35.1,True
2026-06-05 01:13:37.860083+02:00,0.0,12515.339874410109,4523.532649888765,6439.712237224457,2588.538034215205,5860.404872884248,3527.623573995555,1479.4973908581064,22046.0,58981.0,37.4,True
2026-06-05 02:13:37.860083+02:00,0.0,14087.155128102295,4178.96303454054,9470.538619949975,4580.580920142985,6606.795025059635,3974.143444345977,2291.7167845779827,24532.0,69722.0,35.2,True
2026-06-05 03:13:37.860083+02:00,0.0,10050.21103723993,8637.79706440065,6881.672329881583,4809.200924026336,6245.8192218163895,3563.619464605731,1928.2376652885216,24180.0,66297.0,36.5,True
2026-06-05 04:13:37.860083+02:00,0.0,14824.96194996882,7354.369926368678,7079.386474851273,5709.222604891749,4582.360242772595,4082.4784377045125,1292.3830345667639,27554.0,72479.0,38.0,True
2026-06-05 05:13:37.860083+02:00,0.0,10944.995681855777,5273.493294798462,10060.499387939133,916.3187885120915,5667.727298749912,4566.048440417345,3115.748167601233,23900.0,64445.0,37.1,True
2026-06-05 06:13:37.860083+02:00,225.0,9429.767749190032,391.5761281120667,7239.926307421292,5249.210919617496,5387.449097645938,3915.9301769754165,1823.760527206676,15786.0,49449.0,31.9,True
2026-06-05 07:13:37.860083+02:00,5383.0,16293.30573927694,4277.981553494861,7190.409241159414,3275.3878169481604,5538.254958653873,4074.9975449538697,1811.0652730193244,31840.0,79684.0,40.0,True
2026-06-05 08:13:37.860083+02:00,7259.0,16063.698879288302,10406.055128810167,10265.609394349614,5486.518566792386,4695.996822163363,3953.0771918883165,2079.9176759540487,39762.0,99972.0,39.8,True
2026-06-05 09:13:37.860083+02:00,10709.0,18914.368674742862,4538.676666720584,11194.794586443246,3445.5062047427555,7126.43371674603,4401.363786218849,2865.0583846044196,41428.0,104623.0,39.6,True
2026-06-05 10:13:37.860083+02:00,14111.0,12844.372152124504,7206.435144107316,9289.379606568467,3716.775956111628,7601.992654613413,3666.108802855855,1160.1273367405022,38988.0,98584.0,39.5,True
2026-06-05 11:13:37.860083+02:00,19282.0,17040.264234183778,7883.884803905202,6690.460448752101,4589.558584410098,6978.002975998409,2901.7768691784504,2137.99292471027,49246.0,116750.0,42.2,True
2026-06-05 12:13:37.860083+02:00,18947.0,17753.987861368318,5437.92783171195,6978.783001404841,3421.505795595207,7270.529224147143,4235.434429687691,3043.636080896814,49418.0,116507.0,42.4,True
2026-06-05 13:13:37.860083+02:00,22558.0,17223.869039157973,3316.3567362636954,8159.830527480075,4286.698329896968,5655.365162991844,4493.917210653997,2064.3643403698243,49657.0,117415.0,42.3,True
2026-06-05 14:13:37.860083+02:00,18934.0,10871.73158598929,129.37533643422285,8641.860123851315,3209.936347185027,5363.743165013963,4223.187122379268,1382.3330103482601,35541.0,88297.0,40.3,True
2026-06-05 15:13:37.860083+02:00,18204.0,15746.817411355945,6368.326417217909,6024.268179720456,2250.244322451909,5221.412953188288,3679.884752265993,1690.8015735196736,45690.0,104876.0,43.6,True
2026-06-05 16:13:37.860083+02:00,17179.0,16820.701480273307,3370.487994352904,9446.075879159727,6526.935578644039,6644.064922957223,3432.4939509069654,2103.441264878395,42906.0,108429.0,39.6,True
2026-06-05 17:13:37.860083+02:00,14476.0,15035.892334539709,5352.3009037753845,8171.026659279198,3055.926960764107,6227.063053144149,4247.248765890161,2665.401957819931,41777.0,101008.0,41.4,True
2026-06-05 18:13:37.860083+02:00,10739.0,4567.611708144577,2500.359320821272,4568.583362723741,4731.978668588024,5922.778288401574,4070.7394764673368,1830.3320777919696,23708.0,62639.0,37.8,True
2026-06-05 19:13:37.860083+02:00,5659.0,15802.4481198674,4469.524919059596,6142.147035078539,6129.336622240678,7295.148544195343,3937.1036861708353,2413.3258987162158,32281.0,84129.0,38.4,True
2026-06-05 20:13:37.860083+02:00,1024.0,26062.655196986212,5067.438109802107,6991.742652696673,4077.5838462259353,6404.941353815343,4911.231671496896,1282.3155864765554,38348.0,94170.0,40.7,True
2026-06-05 21:13:37.860083+02:00,0.0,13199.803656215086,5537.187162088596,7854.284622317889,3762.251150381693,5161.342362479415,3526.599952909334,1278.1408152024728,23542.0,63862.0,36.9,True
2026-06-05 22:13:37.860083+02:00,0.0,11359.614510723393,2770.3556252951716,11778.557591007992,5339.357133001132,5319.091170864305,4887.518510563733,1758.599655657525,20776.0,63989.0,32.5,True
2026-06-05 23:13:37.860083+02:00,0.0,16866.742798556992,7393.821897522705,8476.342612279257,6676.900734090728,6681.993299254145,4015.89195243532,2719.014360936631,30995.0,83826.0,37.0,True
2026-06-06 00:13:37.860083+02:00,0.0,16561.89105233286,3806.210430536057,6318.45622020275,3246.0271023702967,7041.732852654597,3082.2147615645627,2034.4373197568846,25485.0,67576.0,37.7,True
2026-06-06 01:13:37.860083+02:00,0.0,20963.675827082072,1651.0610790935093,8441.261608614326,4774.778251973841,6551.68023225597,3910.3986728404298,2144.9055977833095,28670.0,77108.0,37.2,True
2026-06-06 02:13:37.860083+02:00,0.0,8710.65922045556,4781.9531600730725,7295.824505092238,2401.258107549009,7896.888747872081,4479.74803829972,2139.0397977867638,20111.0,57816.0,34.8,True
2026-06-06 03:13:37.860083+02:00,0.0,18656.901262874962,5068.75061805292,8649.516479067084,4410.198494476715,7635.007165731418,3817.472483597515,2554.603991293365,30098.0,80890.0,37.2,True
2026-06-06 04:13:37.860083+02:00,0.0,17952.110306257317,5321.17886634352,9161.13537407123,5051.307026807113,6441.0358348507625,3262.6107293808027,1694.889653731073,28231.0,77115.0,36.6,True
2026-06-06 05:13:37.860083+02:00,0.0,14289.26731529727,7724.264807370158,10418.461294447876,3718.063037367401,5161.419340518498,3917.742734101915,2344.142554244116,28275.0,75848.0,37.3,True
2026-06-06 06:13:37.860083+02:00,88.0,16693.43658960845,4527.102326528281,7951.427008659948,4314.512249262153,4690.012488268232,3571.413813054147,1584.558668072435,26465.0,69885.0,37.9,True
2026-06-06 07:13:37.860083+02:00,5928.0,20147.287407991786,4760.760751262457,11277.921055199666,2887.659847538825,5612.618254985286,4245.907200543981,2991.63632796038,38074.0,95926.0,39.7,True
2026-06-06 08:13:37.860083+02:00,7536.0,19361.576900142252,2793.631237533813,9816.045325072382,5115.617917072241,6753.213446416157,4386.6999080338055,1599.8044478516551,35678.0,93041.0,38.3,True
2026-06-06 09:13:37.860083+02:00,12276.0,9284.903439631356,6641.107005775793,6585.120910375625,6583.541373324724,7826.647079311938,3471.8647961259467,1558.8053484606896,33233.0,87461.0,38.0,True
2026-06-06 10:13:37.860083+02:00,14920.0,19100.79093377742,5368.618128156207,12419.711331496928,3354.284195344305,6417.4470344107995,3647.097972442175,2274.834906744025,45311.0,112814.0,40.2,True
2026-06-06 11:13:37.860083+02:00,16153.0,14676.556974837407,4159.944545411675,8653.989026540195,4065.9923501714256,7168.722794231237,4378.321232553469,2039.8942157161619,41408.0,102704.0,40.3,True
2026-06-06 12:13:37.860083+02:00,19416.0,15364.370490077577,1190.6506130690727,6329.750992055529,5753.819369681272,5754.692513812198,3570.5778608505207,2163.426203130467,41705.0,101248.0,41.2,True
2026-06-06 13:13:37.860083+02:00,19878.0,15365.984955008473,7888.824390110175,11305.826102460844,6818.136078984104,6622.76912522755,3458.9209320860027,2113.656897746159,48705.0,122157.0,39.9,True
2026-06-06 14:13:37.860083+02:00,21012.0,14248.7850560087,2544.6400710878856,12155.555170396889,2760.215281686603,6823.356829477172,3410.6544341018725,1454.8039005962805,42671.0,107081.0,39.8,True
2026-06-06 15:13:37.860083+02:00,18650.0,20958.537485535326,3817.4439812605888,7933.949472560879,4746.822893876076,4020.405724147472,4176.01930647906,2806.679464539742,50409.0,117519.0,42.9,True
2026-06-06 16:13:37.860083+02:00,14612.0,14581.41020075394,5716.689022152006,6992.699479248808,5424.696233479288,5586.5611976234895,4154.5788597587325,2446.7711029445545,41511.0,101026.0,41.1,True
2026-06-06 17:13:37.860083+02:00,14324.0,9402.269358084157,2606.884142766627,7655.250085092676,4846.915414056728,6949.7003842778695,3657.9769848104793,2679.4749756335577,32671.0,84793.0,38.5,True
2026-06-06 18:13:37.860083+02:00,9899.0,13032.350720151357,2012.9804434937132,9429.463455035399,1284.8118996843696,6274.468335636565,4002.542698064117,1735.8345554447878,30683.0,78354.0,39.2,True
2026-06-06 19:13:37.860083+02:00,5033.0,15893.473584052377,752.1048345986701,10555.713310061028,5751.635013963158,4803.484951849066,4763.566192077566,2208.261772357586,28650.0,78411.0,36.5,True
2026-06-06 20:13:37.860083+02:00,0.0,21146.07392148525,6441.993905811271,9140.974661727147,7279.004526635967,3569.877624272644,3512.969921540889,2098.6842311173455,33200.0,86390.0,38.4,True
2026-06-06 21:13:37.860083+02:00,0.0,18015.473424744167,3909.627510547356,8203.44641694354,5174.992626754255,5634.219254697993,3024.1286954947755,2564.0013131007536,27513.0,74039.0,37.2,True
2026-06-06 22:13:37.860083+02:00,0.0,10747.323606264781,10854.54018494666,10996.023540608854,3453.3409200586048,5928.414307106121,4227.537787860185,2580.1240659148093,28410.0,77197.0,36.8,True
2026-06-06 23:13:37.860083+02:00,0.0,27425.94958339446,3011.289868738253,7374.3270538969555,4230.309130453576,5116.077050171654,3944.7994180492055,2096.5254014790576,36479.0,89678.0,40.7,True
2026-06-07 00:13:37.860083+02:00,0.0,16323.8765548899,3157.097953142157,10061.838676733814,7654.8696014833895,6143.084937027995,3644.9874565924492,1241.0244340783743,24367.0,72594.0,33.6,True
2026-06-07 01:13:37.860083+02:00,0.0,21376.953689995076,3869.214059429197,7423.874403297443,6364.943811290837,6506.386747232895,4326.040118677454,2889.8309435438446,32462.0,85219.0,38.1,True
2026-06-07 02:13:37.860083+02:00,0.0,14241.427832113854,5486.269310276978,8862.045916021787,5960.039927576494,6670.687170726233,4419.612572334395,2277.9937168450697,26425.0,74343.0,35.5,True
2026-06-07 03:13:37.860083+02:00,0.0,17666.796223527246,4059.593322429377,7772.874870419097,5534.618875301564,3644.081075067678,2895.8609900599536,1695.781479304429,26318.0,69588.0,37.8,True
2026-06-07 04:13:37.860083+02:00,0.0,19197.342522592022,6224.664428005024,7888.295634694378,4008.2943317135414,4685.714902191879,3673.701045334256,2203.2710691333473,31299.0,79180.0,39.5,True
2026-06-07 05:13:37.860083+02:00,0.0,21090.97355877128,3042.823220022691,7245.226965075581,4699.1432290163475,5695.377351645265,5158.758115598427,1244.4532257737383,30537.0,78714.0,38.8,True
2026-06-07 06:13:37.860083+02:00,323.0,20286.841526891127,2236.8165630728377,10689.70806236139,4883.115896482226,6572.1731310374635,4291.702457899095,2527.676533735522,29666.0,81477.0,36.4,True
2026-06-07 07:13:37.860083+02:00,4303.0,19360.98500036489,1403.570521181785,6534.14792378293,5824.361474096666,6489.234013550035,4338.051819148575,1264.3941278604234,30670.0,80188.0,38.2,True
2026-06-07 08:13:37.860083+02:00,8212.0,13424.566344029457,552.8516641256065,6519.535494902583,7263.378341400356,6471.869947876676,4586.447139315739,1889.5827539814586,28665.0,77585.0,36.9,True
2026-06-07 09:13:37.860083+02:00,10875.0,12141.269790219692,3963.8619610498863,12241.987131690219,6677.507205189692,5616.582058031068,4008.534412599863,2122.227224802775,33111.0,90758.0,36.5,True
2026-06-07 10:13:37.860083+02:00,16150.0,16663.03755162099,4398.039375213556,9955.695129308662,2870.923466305939,5672.366562690039,4398.34208004581,2519.419855991047,44129.0,106757.0,41.3,True
2026-06-07 11:13:37.860083+02:00,17487.0,19665.640361705347,3737.1259450336333,3229.772602613927,5335.992453351573,5271.67073157826,4359.031021918601,2053.272338217187,47302.0,108442.0,43.6,True
2026-06-07 12:13:37.860083+02:00,18329.0,13886.396496116964,7486.811594374323,6869.4825215791925,6105.145017751845,6768.194128105848,4269.52074837638,2317.4814368062753,46289.0,112321.0,41.2,True
2026-06-07 13:13:37.860083+02:00,17128.0,20325.859828571934,7456.06041921627,4376.021324875892,5928.290495216953,5079.511212260421,3838.9940146912977,1985.9165457752235,50735.0,116854.0,43.4,True
2026-06-07 14:13:37.860083+02:00,19471.0,22263.083727430898,4330.394025110996,6098.618613169489,4056.149354918871,6850.03639518957,4086.0294611831296,1983.9070245278588,52134.0,121273.0,43.0,True
2026-06-07 15:13:37.860083+02:00,19792.0,10418.395404632902,1412.1577736160739,1722.9706675319203,9371.163823652543,6207.853238137646,3705.819217846611,2042.7386251741486,37371.0,92044.0,40.6,True
2026-06-07 16:13:37.860083+02:00,17298.0,10815.3964810186,3866.5897838898945,7726.020844612115,3084.3731565033218,5954.955521544846,4006.4071522832473,1905.4710395738127,37892.0,92549.0,40.9,True
2026-06-07 17:13:37.860083+02:00,12013.0,14298.124705473318,3800.357212165877,5716.116361677377,3375.2173300009254,5343.289600223534,3415.7545539503667,1156.7148784592823,34684.0,83803.0,41.4,True
2026-06-07 18:13:37.860083+02:00,8075.0,16538.06334094598,3685.730075443884,8119.810513592877,5350.392621892364,4644.458138835874,3604.6880043635238,1615.8382531516859,33519.0,85153.0,39.4,True
2026-06-07 19:13:37.860083+02:00,4919.0,12377.164931164745,3604.56219220351,4749.757482234951,8175.20458244578,5352.3472436219545,3858.843979037535,2122.387420555849,26882.0,72041.0,37.3,True
2026-06-07 20:13:37.860083+02:00,0.0,21761.01339433572,3693.0742085503853,8165.82370634408,3745.707723943744,5669.993131375114,3528.147284284962,1875.4394982556405,30858.0,79297.0,38.9,True
2026-06-07 21:13:37.860083+02:00,0.0,17120.334307592257,4226.916768204481,7170.167443759346,4601.257451529512,3630.9756884187486,3747.4913646274117,1922.0954589090468,27017.0,69436.0,38.9,True
2026-06-07 22:13:37.860083+02:00,0.0,15197.235241203698,3728.9178023688864,11003.905930377192,6615.94050952354,5802.644844665336,3918.037011622242,1838.3231652806423,24683.0,72788.0,33.9,True
2026-06-07 23:13:37.860083+02:00,0.0,7820.4523806573625,5416.645017251184,10822.71372349125,4973.2067676684,6924.357368026005,4201.131172332189,1568.200803634091,19006.0,60733.0,31.3,True
2026-06-08 00:13:37.860083+02:00,0.0,8420.920917862464,5720.737431809722,9570.691206020565,4498.0942182045565,6567.217905433872,4474.628650926455,1753.450269511853,20370.0,61376.0,33.2,True
2026-06-08 01:13:37.860083+02:00,0.0,16405.046251409032,3178.70982563502,7346.772438677574,5848.44935283008,5503.794124258493,3768.107814310946,1846.5841278057026,25198.0,69095.0,36.5,True
2026-06-08 02:13:37.860083+02:00,0.0,4337.021869225819,7542.130652014067,11970.760790520586,5408.77698534439,6046.936298415228,4667.552308634312,2002.5715702709247,18549.0,60525.0,30.6,True
2026-06-08 03:13:37.860083+02:00,0.0,20063.18704822036,3039.875396318772,4893.929444320359,6545.658178455187,5443.835430578,4469.305539312747,2196.689172234856,29769.0,76421.0,39.0,True
2026-06-08 04:13:37.860083+02:00,0.0,14209.230778138399,1764.3987723693258,5192.882740872675,6937.203333598045,6148.760733335696,4252.0469159719705,1909.7248545571304,22135.0,62549.0,35.4,True
2026-06-08 05:13:37.860083+02:00,0.0,31215.464847973664,5761.556142730104,7832.433800221871,5460.504590008042,7540.1078237440315,4076.8245646483097,1485.1723721537903,42539.0,105911.0,40.2,True
2026-06-08 06:13:37.860083+02:00,914.0,26539.581253080552,3365.1837311713207,12508.076217842237,5437.5990880674635,6968.498802624876,4159.560420934271,1300.9589800406084,36279.0,97472.0,37.2,True
2026-06-08 07:13:37.860083+02:00,3647.0,14092.754653762417,5642.582941514776,7595.322186259825,5321.166473429201,6520.7943056927525,4593.525575333191,3298.718603687612,31275.0,81987.0,38.1,True
2026-06-08 08:13:37.860083+02:00,10170.0,14468.314987343425,192.6627977989392,7633.509513581436,5733.695834973932,5507.115087616282,4611.789829879637,1435.0924848677184,30878.0,80630.0,38.3,True
2026-06-08 09:13:37.860083+02:00,12199.0,19977.90757001015,7784.911882966135,5116.179287776382,5082.755956807196,6749.938392944839,4667.473364191822,1740.6874993678084,46370.0,109689.0,42.3,True
2026-06-08 10:13:37.860083+02:00,15615.0,23515.86304959019,6344.586816080804,9891.859170540756,4999.087276516566,4313.123048626947,4020.6634159385017,2258.5001512569675,51755.0,122714.0,42.2,True
2026-06-08 11:13:37.860083+02:00,17272.0,6809.854712819916,1999.0469016739967,9906.352508658707,6794.940681240863,5747.646518009109,4277.483582499306,2180.4303047828403,32539.0,87527.0,37.2,True
2026-06-08 12:13:37.860083+02:00,17074.0,6068.122673226568,2042.4457523074288,9578.15040279982,7274.174270532565,6583.71141982395,4671.773253311026,2260.432846280786,32117.0,87670.0,36.6,True
2026-06-08 13:13:37.860083+02:00,20884.0,11889.825972228093,8344.531808195055,6741.558654305275,2738.6705830498686,6740.421214047751,3688.141982541804,1778.6414652339122,46585.0,109391.0,42.6,True
2026-06-08 14:13:37.860083+02:00,20235.0,17913.687915869323,3525.240193004083,6586.586463253989,5015.0317276108535,6669.884490215741,3840.791573140848,2119.279035319774,47634.0,113540.0,42.0,True
2026-06-08 15:13:37.860083+02:00,17738.0,17484.367952537985,3331.6303025347524,5413.75549919006,3966.958349832148,6294.830689209694,4008.0183315067393,2030.6718321204319,44593.0,104861.0,42.5,True
2026-06-08 16:13:37.860083+02:00,15704.0,20348.85727491925,467.89581170143447,8167.745003521867,4533.542800270891,5804.275020916117,4449.799368989703,1843.9343162293565,42814.0,104134.0,41.1,True
2026-06-08 17:13:37.860083+02:00,12986.0,9001.512358173459,4298.443588796892,5839.185341442997,5603.7743146029825,6537.975969826489,4457.5860753593115,2122.70487088567,32866.0,83713.0,39.3,True
2026-06-08 18:13:37.860083+02:00,7115.0,3419.280685155616,4544.560770328494,5645.166989501423,6004.1575573137025,5047.1389594137,3884.5679444010325,2527.6827733753535,21491.0,59679.0,36.0,True
2026-06-08 19:13:37.860083+02:00,3921.0,19290.070976510728,6430.986193538971,7152.618566178648,4831.810334582982,5155.32273670675,3245.695272810145,1988.8998882823375,34877.0,86893.0,40.1,True
2026-06-08 20:13:37.860083+02:00,794.0,10859.018635173827,2201.843143631049,7021.687649631567,2129.9894979157957,6061.734676460297,4123.091972147984,1992.2264231782126,19970.0,55154.0,36.2,True
2026-06-08 21:13:37.860083+02:00,0.0,4907.5606780568105,1959.4264155187807,6924.04294235609,3552.431629135731,6173.1976427087475,3540.8419313357995,2534.080517437992,12942.0,42534.0,30.4,True
2026-06-08 22:13:37.860083+02:00,0.0,15725.318729796909,5901.925269552954,8932.889193680523,6344.749505300249,4174.384821435354,3255.031897679889,2480.6801799094064,27363.0,74178.0,36.9,True
2026-06-08 23:13:37.860083+02:00,0.0,18965.878441093388,7013.46014245413,8158.095604300558,889.3603669476033,6455.146380949518,3368.064219633142,2791.968220481742,32139.0,79781.0,40.3,True
2026-06-09 00:13:37.860083+02:00,0.0,14389.714339393613,1857.6952977642336,7423.687938977765,6781.140727522999,6772.728377919393,4163.19050392278,1121.8848827602114,21532.0,64042.0,33.6,True
2026-06-09 01:13:37.860083+02:00,0.0,12710.758069087555,7163.028172599483,8366.025856622964,5781.844985966812,5922.714762533705,4680.518680466404,2452.5595915846948,27007.0,74084.0,36.5,True
2026-06-09 02:13:37.860083+02:00,0.0,14203.188839270468,5075.083682973643,6016.945917790736,6974.264122295033,8374.466283283993,4019.447258118122,2300.7900227010896,25599.0,72563.0,35.3,True
2026-06-09 03:13:37.860083+02:00,0.0,13147.086187996087,7183.610678149291,8210.557247819355,4702.14621967856,5317.064893684814,4105.690327322983,1557.1738011233674,25994.0,70217.0,37.0,True
2026-06-09 04:13:37.860083+02:00,0.0,8259.764440299165,4859.5592769647665,8301.204985689268,1907.8918639656426,5638.912836613131,4591.447469438963,2125.7939589994226,19837.0,55522.0,35.7,True
2026-06-09 05:13:37.860083+02:00,0.0,11426.596615047842,0.0,4993.906281285039,5645.543962259747,5604.933093872791,3227.772545458223,2525.5608738789992,17180.0,50604.0,33.9,True
2026-06-09 06:13:37.860083+02:00,201.0,17606.39952506907,4696.0652353679225,9991.387508740725,6911.979686057512,5923.812388708982,4260.088210800136,1585.4205387573,28349.0,79525.0,35.6,True
2026-06-09 07:13:37.860083+02:00,5599.0,16608.3927068825,7120.28763734254,6237.132589546009,6387.082708270132,5671.275187033709,3994.2051078405893,2221.2812145114035,35543.0,89382.0,39.8,True
2026-06-09 08:13:37.860083+02:00,7662.0,15840.299029834101,3212.5079618325713,8180.61959841287,4005.962774767947,4593.189455395128,4283.0287294160335,2435.676837865509,33434.0,83647.0,40.0,True
2026-06-09 09:13:37.860083+02:00,12531.0,10024.257590733103,4224.070062185096,10328.82348107054,5130.14161319397,5453.451703763525,3758.258045798092,1464.490218734256,32002.0,84916.0,37.7,True
2026-06-09 10:13:37.860083+02:00,16065.0,14092.484189321664,4647.732992898043,9851.353515427738,4200.745596830114,5902.379304225924,3591.031354786759,1928.857153777426,40325.0,100605.0,40.1,True
2026-06-09 11:13:37.860083+02:00,18712.0,4114.674767785726,0.0,8068.666777137671,3771.1003037159417,7228.572082061997,4070.2544521428026,2150.4841883212057,29047.0,77163.0,37.6,True
2026-06-09 12:13:37.860083+02:00,19675.0,15892.383319426948,8342.695150874952,7275.001994235863,6433.082856769776,8202.243273372913,4824.595661667231,1601.9342472285225,50337.0,122584.0,41.1,True
2026-06-09 13:13:37.860083+02:00,19633.0,22144.288539067835,3197.248640205651,9895.023817151134,3203.7015331022567,7335.473897850655,4430.455052270731,1560.423400453227,50965.0,122365.0,41.6,True
2026-06-09 14:13:37.860083+02:00,18671.0,7629.3393397894715,6011.470864945598,9349.38995561724,3659.275354127581,5224.6209703273935,3746.1536149099543,1932.477699068613,37990.0,94214.0,40.3,True
2026-06-09 15:13:37.860083+02:00,18106.0,12070.361633411223,4826.597727703583,6763.26995991174,3343.961549791422,5304.1903893738345,3329.51398200936,2400.819858451846,40733.0,96878.0,42.0,True
2026-06-09 16:13:37.860083+02:00,14564.0,16645.533893550648,7515.23811271872,6410.212705996619,2764.62871505143,5840.671422490649,3158.966358151107,2321.867000596055,44206.0,103427.0,42.7,True
2026-06-09 17:13:37.860083+02:00,9548.0,21264.213172137417,5812.112244856162,3855.289636608004,5219.621437763905,7784.558888853586,4658.049725925241,1569.2936354068288,42852.0,102563.0,41.8,True
2026-06-09 18:13:37.860083+02:00,9114.0,12758.876918499252,4530.15145695805,8308.063683367174,6742.254572722964,5834.575947818106,3522.4588559320864,2326.083942557843,32252.0,85388.0,37.8,True
2026-06-09 19:13:37.860083+02:00,5354.0,11538.748353670519,3212.9698149614396,7834.604509963203,4722.684865632102,4672.49250946257,3837.2432935025317,1582.0301119167457,25525.0,68280.0,37.4,True
2026-06-09 20:13:37.860083+02:00,0.0,5155.384287919584,6595.701402764278,10272.382749285085,2741.3782991537505,5498.822863046965,4660.605563038788,1194.9151010032829,17607.0,53726.0,32.8,True
2026-06-09 21:13:37.860083+02:00,0.0,15517.190646540532,1253.1173920907668,8718.110186960734,6259.916809613042,6757.056001819417,3193.049272260504,1816.4282144763843,21780.0,65295.0,33.4,True
2026-06-09 22:13:37.860083+02:00,0.0,25210.38020071872,6291.780840551785,10668.458388345382,7528.552631052457,6689.940276896087,4746.132254737529,2561.484685792868,38810.0,102507.0,37.9,True
2026-06-09 23:13:37.860083+02:00,0.0,16386.79230982338,2801.9104968902548,6605.271544167658,4030.636513780108,5799.783333508344,3873.179773053749,2327.9802760706866,25390.0,67216.0,37.8,True
2026-06-10 00:13:37.860083+02:00,0.0,14888.605104081433,7504.567323913279,10276.300661935236,4282.168599923422,6683.414673560031,3425.7083423806307,1999.214096313403,27818.0,76878.0,36.2,True
2026-06-10 01:13:37.860083+02:00,0.0,16610.41155383493,5322.59908532539,6942.167241790689,5773.4909451250915,3726.827797453168,3876.3245364255436,1791.6472582044712,27601.0,71644.0,38.5,True
2026-06-10 02:13:37.860083+02:00,0.0,14944.53998025699,6288.247535700218,9555.192123584544,7432.810621677577,6103.829235032697,3638.7016092992612,1805.1189319417845,26677.0,76445.0,34.9,True
2026-06-10 03:13:37.860083+02:00,0.0,10934.92813869935,5163.977627649439,5082.483214938613,4220.2487814121605,6860.68542136863,4220.409899452858,2054.392452930398,22374.0,60911.0,36.7,True
2026-06-10 04:13:37.860083+02:00,0.0,19116.399578388526,1495.2458097180065,8470.270598732377,3001.325328502692,5167.136724845464,3675.933783056111,1465.7812570770857,25753.0,68145.0,37.8,True
2026-06-10 05:13:37.860083+02:00,0.0,16128.807615558771,3278.541673209323,4030.62411710818,5947.127909408609,5163.661463503712,3044.1788945404787,1825.9463273993515,24277.0,63696.0,38.1,True
2026-06-10 06:13:37.860083+02:00,0.0,15088.066259668287,6344.778675222765,7465.725028116491,6198.602109713449,4133.551847236525,3889.7187327955053,1892.2152693201156,27215.0,72228.0,37.7,True
2026-06-10 07:13:37.860083+02:00,3497.0,10123.16986360875,5333.311634719688,8880.707987755828,5009.19717565284,7589.895594810694,3321.7274738567303,1324.462770774251,23600.0,68679.0,34.4,True
2026-06-10 08:13:37.860083+02:00,8800.0,21517.539659673796,7361.979810611344,6958.062897537809,4162.800110513824,5279.846022978433,4102.159941994159,1580.7758745512126,43362.0,103125.0,42.0,True
2026-06-10 09:13:37.860083+02:00,14094.0,18323.51372666555,5806.549126074344,5899.124742488066,6491.568096488069,6241.043277862112,3406.4348338583377,2205.2533957431906,43836.0,106303.0,41.2,True
2026-06-10 10:13:37.860083+02:00,15960.0,12235.39581316349,3066.5962185946805,9692.236938591868,5792.054006821946,6603.917041483374,3755.993598413957,2004.7559199704972,37023.0,96134.0,38.5,True
2026-06-10 11:13:37.860083+02:00,17767.0,20009.124268409687,3407.8717245587322,7793.074420306153,3847.346724644761,7512.067949141453,4091.293902107168,1845.6191044033085,47121.0,113394.0,41.6,True
2026-06-10 12:13:37.860083+02:00,19207.0,12512.145808073965,5205.834781046475,7020.858705938657,5073.642096958507,5846.1022260143645,3893.7706374828654,1544.2862812310182,42363.0,102667.0,41.3,True
2026-06-10 13:13:37.860083+02:00,18437.0,11089.982537444816,371.91186799978914,8083.791842308553,2972.4387019630303,5460.570206221581,4125.215141500523,2788.4249127946086,36813.0,90142.0,40.8,True
2026-06-10 14:13:37.860083+02:00,20382.0,11201.484412598566,8346.88377124597,13273.338283891178,6028.83568465688,6173.0676485705535,4340.143582858878,1581.0103926603408,45852.0,117179.0,39.1,True
2026-06-10 15:13:37.860083+02:00,17942.0,6144.657234559543,5883.493472755114,10307.005699563088,4606.649645925716,7284.080276542287,3421.033150134347,2125.7964036308686,35517.0,93232.0,38.1,True
2026-06-10 16:13:37.860083+02:00,15456.0,17357.71190209103,7454.069194097745,10325.147336375681,4346.433751422895,5829.827468599216,3967.801229687646,1756.0654559631023,45992.0,112485.0,40.9,True
2026-06-10 17:13:37.860083+02:00,15663.0,5844.2756083082495,1838.792118381662,8871.092637984728,4950.688272271349,5045.130918415924,2335.2481012459357,2018.1396463191675,27699.0,74265.0,37.3,True
2026-06-10 18:13:37.860083+02:00,8976.0,8857.780843671186,7489.130320710511,8332.970545154294,5060.461548995372,4459.242191684638,4123.666650841262,2228.804870970186,31675.0,81203.0,39.0,True
2026-06-10 19:13:37.860083+02:00,3699.0,4622.059954607334,9462.997822055497,3207.8354233391674,6342.395092348341,4778.7026153947745,3849.5929348125787,1314.871705396057,22949.0,60226.0,38.1,True
2026-06-10 20:13:37.860083+02:00,0.0,14569.651536045534,2358.243289245365,6642.0393070737355,5886.635796987832,6864.391497406665,3508.2751182610145,1996.691877923256,22433.0,64259.0,34.9,True
2026-06-10 21:13:37.860083+02:00,0.0,14248.39769864064,6542.803589807533,7038.851173595051,4765.386081810796,5679.375523693188,4157.859711148262,2595.3643244899226,27544.0,72572.0,38.0,True
2026-06-10 22:13:37.860083+02:00,0.0,13366.518934068179,5002.219889374586,4250.215871904934,6145.502224578493,5392.47909007929,4586.348788592533,2880.7509467460013,25836.0,67460.0,38.3,True
2026-06-10 23:13:37.860083+02:00,0.0,9787.111526647119,1911.1323035035116,5685.168419569132,5601.10588053742,5284.032776816058,3761.9911262005285,1934.9930133724345,17395.0,51361.0,33.9,True
2026-06-11 00:13:37.860083+02:00,0.0,9138.8312328168,5985.76794370374,4038.3270581547317,4360.100545570945,6085.045860200182,3527.59275487914,2020.8406036084543,20673.0,55830.0,37.0,True
2026-06-11 01:13:37.860083+02:00,0.0,17321.84931773287,6667.206409674696,7923.352328605255,4812.922762645271,5760.544906234416,4082.5126312193556,3105.6665143007667,31177.0,80851.0,38.6,True
2026-06-11 02:13:37.860083+02:00,0.0,12247.240341457562,3797.746894662306,9637.531941697633,4777.665666735319,5726.867856280747,3332.1966666768194,2567.462140799599,21945.0,64032.0,34.3,True
2026-06-11 03:13:37.860083+02:00,0.0,16581.791607680723,7331.833040510446,10213.549037248657,5757.892014761303,7349.323927810739,3669.8093147322306,1691.3577153723904,29275.0,81871.0,35.8,True
2026-06-11 04:13:37.860083+02:00,0.0,10573.756569378887,1666.4731864216046,8829.568924158482,4449.466077917537,7538.016281861634,4611.201080825251,1690.5082745569384,18542.0,57901.0,32.0,True
2026-06-11 05:13:37.860083+02:00,0.0,15905.313713855412,2010.4877071007118,6073.2073176028625,4414.38622036755,4389.978327091004,4031.0896149061437,2478.274730893634,24425.0,63728.0,38.3,True
2026-06-11 06:13:37.860083+02:00,68.0,21516.39018658032,5273.194791177505,4135.869682960081,7953.135964150938,6327.592731142958,3060.266518026917,1494.4814349771348,31412.0,81241.0,38.7,True
2026-06-11 07:13:37.860083+02:00,5303.0,17930.829001963917,5050.770555944543,4486.262601196996,6409.603222620656,5223.137901378608,3101.5041763602994,2543.8633756694267,33930.0,83979.0,40.4,True
2026-06-11 08:13:37.860083+02:00,9162.0,12937.930908917599,3566.85302315179,5462.034845491004,3859.099003362291,5751.7488861389065,4081.042846323388,2167.149981875504,31915.0,78903.0,40.4,True
2026-06-11 09:13:37.860083+02:00,11623.0,16285.994851779637,6619.188871943772,6222.280603928651,5856.411490913298,6309.278385126694,4431.195287958843,2258.8603820135363,41218.0,100824.0,40.9,True
2026-06-11 10:13:37.860083+02:00,14993.0,13796.674127348935,6061.788628431898,7680.503004016827,5177.525098482766,5787.28008306908,3191.189270686925,1871.6330982599734,39914.0,98474.0,40.5,True
2026-06-11 11:13:37.860083+02:00,19049.0,15039.40092347364,6716.2781418680315,5971.671563746064,5587.32676289014,6230.4598806276335,4224.8563037482545,1685.0875978767951,46715.0,111219.0,42.0,True
2026-06-11 12:13:37.860083+02:00,19164.0,13371.944739257482,4753.727129295465,8677.951787336522,5206.011986847657,6672.970206031918,4665.171753744859,2730.99641543416,44686.0,109929.0,40.6,True
2026-06-11 13:13:37.860083+02:00,19596.0,14178.323970573045,6205.160535956682,7535.452994401055,6784.463968227854,6294.57680054032,4943.929493979319,1876.6313597232624,46800.0,114215.0,41.0,True
2026-06-11 14:13:37.860083+02:00,18543.0,16060.466765370877,4108.699393940011,8021.091423482051,5518.430516977169,5353.163695832376,4165.611379929938,1794.532461713069,44672.0,108237.0,41.3,True
2026-06-11 15:13:37.860083+02:00,18443.0,10033.206502090246,9107.637380173192,10280.50110534241,4906.866952678569,5370.800393029676,4253.4012972762375,1959.9314660600953,43797.0,108152.0,40.5,True
2026-06-11 16:13:37.860083+02:00,17699.0,9920.605865050107,3374.9084597560286,5639.53653159926,6563.285865474526,4560.294703381965,2933.4077861859278,2096.511066358971,36024.0,88812.0,40.6,True
2026-06-11 17:13:37.860083+02:00,11402.0,8057.287230843945,9210.594858916626,8837.409156584738,5349.927561631808,5146.079702479282,5049.876273997995,1484.5874366402757,35204.0,89742.0,39.2,True
2026-06-11 18:13:37.860083+02:00,8702.0,6998.644477481451,5069.775894178817,7972.053543047853,5182.217868993586,7962.068361898528,3712.254893451939,1717.564252896544,26200.0,73517.0,35.6,True
2026-06-11 19:13:37.860083+02:00,5863.0,8913.586538897604,2248.9782208625147,7333.02743806061,5471.0339037291715,5207.996425904756,3533.264420787479,1690.983963046971,22250.0,62512.0,35.6,True
2026-06-11 20:13:37.860083+02:00,0.0,15797.312534020646,7736.158700977202,9770.51264173192,4859.58646495045,4806.62118755618,3872.396932780188,2422.640152303424,29829.0,79094.0,37.7,True
2026-06-11 21:13:37.860083+02:00,0.0,10536.06242254058,5251.802776789918,9758.028309114015,5013.840489493204,6319.927861844773,4755.836707092715,1557.0187160000553,22101.0,65294.0,33.8,True
2026-06-11 22:13:37.860083+02:00,0.0,17568.07232115548,6702.248196760476,6107.018408023144,4119.958116857191,5889.63524070814,5104.023023771774,1122.1160711209732,30496.0,77109.0,39.5,True
2026-06-11 23:13:37.860083+02:00,0.0,15173.56874376281,7447.711837085186,7635.678832284152,3873.249170564182,5804.406763150774,4062.704339737922,1016.4527185469229,27700.0,72714.0,38.1,True
2026-06-12 00:13:37.860083+02:00,0.0,5157.478932809732,5675.911108290051,8562.423365168132,3502.1444202763405,7409.04596641209,4499.042086301828,1264.8099326621414,16597.0,52668.0,31.5,True
2026-06-12 01:13:37.860083+02:00,0.0,18274.877921108447,3815.518310374371,7453.986503954831,2912.025069804386,6549.126675558366,4021.602024342752,2680.7691014240554,28793.0,74501.0,38.6,True
2026-06-12 02:13:37.860083+02:00,0.0,19053.99322795855,6951.4267553385,9170.042664575596,3680.4239579231653,5470.007068296524,3481.102263490908,2008.103299742026,31495.0,81310.0,38.7,True
2026-06-12 03:13:37.860083+02:00,0.0,10030.686625825732,5001.5110149091915,8562.38403582055,4738.599448299611,5575.52408240822,4738.371835394146,2250.6245434036014,22021.0,62919.0,35.0,True
2026-06-12 04:13:37.860083+02:00,0.0,17100.957714474956,6371.715637216837,11665.122480712025,5154.676373668455,5497.413486094315,3688.9362598218054,2268.2438635606645,29430.0,81177.0,36.3,True
2026-06-12 05:13:37.860083+02:00,0.0,10717.508812954005,692.5388524170776,4939.441728140425,4593.055155278539,6874.739621580257,4767.765386685941,2028.0919591961601,18206.0,52819.0,34.5,True
2026-06-12 06:13:37.860083+02:00,194.0,15488.351883741678,5893.9634340197035,7755.128020505205,1466.444764808963,5691.852370546862,4649.2706648845415,1962.6093516743458,28188.0,71290.0,39.5,True
2026-06-12 07:13:37.860083+02:00,4097.0,8677.507965225172,3722.8283497099396,6182.994976975618,7361.879536643513,4206.846497545849,4307.018131978604,2522.2632149090705,23327.0,64405.0,36.2,True
2026-06-12 08:13:37.860083+02:00,9016.0,6034.467737327115,8306.619274357061,9208.214910878089,6629.720184335572,5951.680321265656,4914.487378127176,2072.99795715632,30345.0,82479.0,36.8,True
2026-06-12 09:13:37.860083+02:00,12174.0,13085.914051935157,6246.174695778191,4765.656219908911,5668.639776825693,4462.973998872071,5116.173016592869,2699.548739631707,39322.0,93541.0,42.0,True
2026-06-12 10:13:37.860083+02:00,15805.0,14381.355268625819,5479.715491698593,8692.625420449773,7861.236008829902,8184.230601754902,3912.378318517844,2310.414972644933,41889.0,108516.0,38.6,True
2026-06-12 11:13:37.860083+02:00,19337.0,13011.601531926979,5972.619986700443,6739.903137303318,3533.953823774434,5034.332086152769,3595.6029407917845,1691.101863259486,43608.0,102524.0,42.5,True
2026-06-12 12:13:37.860083+02:00,18492.0,9079.847208887204,3003.1182942465634,6531.676267757972,7831.437680939007,5838.135234642269,3067.865081371764,1751.4329880650319,35394.0,90990.0,38.9,True
2026-06-12 13:13:37.860083+02:00,21140.0,13000.504689344314,8246.513381056107,5107.003592918625,3552.178884874178,6258.202734701137,5122.341127715128,1636.2675967728603,49146.0,113209.0,43.4,True
2026-06-12 14:13:37.860083+02:00,20816.0,16346.47376290367,8982.74083683381,7069.848107597988,5358.106887937035,5711.34183932077,3780.1589955407753,2608.7740109753577,52534.0,123207.0,42.6,True
2026-06-12 15:13:37.860083+02:00,17901.0,14775.534849387315,5785.827021096433,10169.001060581852,3089.2440122986936,5709.969598533808,4567.518428550869,1797.4745235272237,44827.0,108623.0,41.3,True
2026-06-12 16:13:37.860083+02:00,13515.0,15912.505152996067,8180.807137147278,7949.622632941041,5022.04114331655,6421.8272861608775,3629.3723162452584,1600.7636016001838,42838.0,105070.0,40.8,True
2026-06-12 17:13:37.860083+02:00,11862.0,11649.423997728836,3861.703602654932,9255.360835748948,5579.249746997583,7526.215958796279,4769.132820456018,2159.88902056341,34302.0,90965.0,37.7,True
2026-06-12 18:13:37.860083+02:00,9975.0,20858.589573580797,3405.7728675500384,11329.283643932551,4767.964503298168,6767.509081817298,3649.9412040922934,1951.4164468137485,39841.0,102546.0,38.9,True
2026-06-12 19:13:37.860083+02:00,4428.0,9119.133317226097,5081.849497457846,8527.511169645151,6070.816166135206,7478.513878573543,3404.140433191328,2147.284256287582,24180.0,70437.0,34.3,True
2026-06-12 20:13:37.860083+02:00,0.0,17437.801485433592,5869.882076735797,6882.4008558753185,5148.521674230886,4953.380891906498,3895.746784523125,2944.9069519469217,30148.0,77281.0,39.0,True
2026-06-12 21:13:37.860083+02:00,0.0,20909.45546479981,4212.026637513759,8934.50443036558,4216.377907433736,6317.362633255361,3734.1121495191815,2456.53540296443,31312.0,82092.0,38.1,True
2026-06-12 22:13:37.860083+02:00,0.0,17404.540463744477,6075.536380736968,6911.407707371416,4149.780023296491,6155.246052058279,4298.149892730607,2013.5052771509531,29792.0,76800.0,38.8,True
2026-06-12 23:13:37.860083+02:00,0.0,13987.37886467585,5612.778964146828,6991.154633405661,6216.370658923544,6351.091291676735,3974.302536403738,1295.7883078969958,24870.0,69299.0,35.9,True
2026-06-13 00:13:37.860083+02:00,0.0,12358.514766685104,3003.38644941789,4960.21440076203,4019.3869552895485,7376.231970635572,4313.851197275961,1750.018751395682,21426.0,59208.0,36.2,True
2026-06-13 01:13:37.860083+02:00,0.0,20180.43825523128,6037.586034903443,9852.514982168785,6373.104455727405,5779.210850207946,3854.489263457353,2355.5230512726516,32428.0,86861.0,37.3,True
2026-06-13 02:13:37.860083+02:00,0.0,7885.125373691635,6727.056485043042,7227.994848701122,6834.067689247897,5594.496633445912,3667.4463144905976,1414.4794801690919,19694.0,59045.0,33.4,True
2026-06-13 03:13:37.860083+02:00,0.0,10149.378698101782,5342.938635180782,8364.196491631725,2496.929206480805,6533.980797418664,3708.2197260519633,3070.4851481651767,22271.0,61937.0,36.0,True
2026-06-13 04:13:37.860083+02:00,0.0,13012.211172541392,7305.296206523384,5928.076142786721,6699.3895809515525,4221.797272434153,5022.469399015513,2007.2082813177744,27347.0,71543.0,38.2,True
2026-06-13 05:13:37.860083+02:00,0.0,21188.26878755999,2565.192413006096,8871.895259430945,8090.634047667048,5763.147950877822,4112.585466113468,2024.4241966047425,29890.0,82506.0,36.2,True
2026-06-13 06:13:37.860083+02:00,1217.0,16898.83818020448,5935.900844263703,6476.117523729832,5378.005641802893,5865.802310714547,3008.118895273478,1666.677403521011,28727.0,75173.0,38.2,True
2026-06-13 07:13:37.860083+02:00,5972.0,10159.771207448774,2659.4385872064504,7716.582556596351,5898.626277942233,5079.641383693075,3739.8954932729594,2248.3688783878592,24779.0,68253.0,36.3,True
2026-06-13 08:13:37.860083+02:00,9676.0,13448.461473075482,2771.837283533825,9755.652062478252,6555.507986553738,7057.059011356578,4048.433016237938,1420.999096738884,31366.0,86100.0,36.4,True
2026-06-13 09:13:37.860083+02:00,12038.0,11928.384279518528,3738.1383325244196,9581.518624465058,4586.776527231466,4937.759682656716,4922.69984062519,3082.4462945507285,35710.0,90526.0,39.4,True
2026-06-13 10:13:37.860083+02:00,16040.0,11451.055038832324,3115.87963285151,7955.939854966119,5273.420335306804,5864.126951636204,4514.34935794495,2658.6756523260055,37780.0,94653.0,39.9,True
2026-06-13 11:13:37.860083+02:00,17995.0,19894.447792783896,3904.0083625177244,4463.737934586563,3028.700705565336,6293.157225322968,3539.141081759042,2492.148222598523,47825.0,109435.0,43.7,True
2026-06-13 12:13:37.860083+02:00,18595.0,8141.284353682472,4571.699378577622,13985.621140121282,5207.952542795677,7353.4515614761185,5209.177876786225,1304.7854971050951,37822.0,102191.0,37.0,True
2026-06-13 13:13:37.860083+02:00,20324.0,23043.904278671867,6674.308972662769,11491.717940546272,5747.167993466812,5989.443565119147,3984.419817599261,2102.7066352288753,56129.0,135487.0,41.4,True
2026-06-13 14:13:37.860083+02:00,18320.0,19141.148450923116,4357.681922588595,9445.349649776597,5774.244534389704,6936.153594128211,4623.164905537472,2604.5431990070024,49047.0,120249.0,40.8,True
2026-06-13 15:13:37.860083+02:00,19207.0,20454.30835301849,1828.7485864608147,6493.592436818059,6598.137085396371,6700.595397277128,3422.4957513000486,2296.5526996788694,47209.0,114210.0,41.3,True
2026-06-13 16:13:37.860083+02:00,15172.0,12685.302439873709,7280.135692990321,7772.81567659607,3837.7967327967062,6123.457556169143,2800.918452374551,1498.9454476831124,39437.0,96608.0,40.8,True
2026-06-13 17:13:37.860083+02:00,12671.0,14250.296404604453,3325.819732769921,6913.159140446966,4201.089864989755,4910.486591726544,3295.7842548158196,1674.9531223456725,35218.0,86461.0,40.7,True
2026-06-13 18:13:37.860083+02:00,8961.0,7834.240927376441,4882.559145790742,10527.711878192777,7843.261018987033,4565.419139095651,2374.833261902147,1774.0319309970048,25827.0,74590.0,34.6,True
2026-06-13 19:13:37.860083+02:00,4192.0,12376.687964665985,5893.073013881423,8525.005781703667,4774.5074393544355,6106.5054014191865,5056.044663626454,1698.2810827556962,29216.0,77838.0,37.5,True
2026-06-13 20:13:37.860083+02:00,587.0,17468.274238215756,5399.220836805565,6431.672283280334,5300.050680968492,5457.303126097387,4107.266459443208,2764.3894178551536,30326.0,77841.0,39.0,True
2026-06-13 21:13:37.860083+02:00,0.0,21480.315308906982,7188.359095042952,7058.4898017504365,4899.484937412169,6919.261091681292,3537.677990775984,1039.4934305883721,33246.0,85369.0,38.9,True
2026-06-13 22:13:37.860083+02:00,0.0,9464.215915987741,5958.006286785518,10242.37628513981,3767.4787605424663,6745.856518098578,4226.312014990061,2327.9595698294183,21976.0,64708.0,34.0,True
2026-06-13 23:13:37.860083+02:00,0.0,13172.470315073671,3277.380840605784,11200.195693640957,7435.293816337709,5815.38900556295,4094.667018090083,1353.8483125357743,21898.0,68247.0,32.1,True
2026-06-14 00:13:37.860083+02:00,0.0,14243.503898837389,9357.124347983325,11056.663126972491,4208.447882119091,4842.28707605873,4310.466697806995,1519.374256274466,29430.0,78968.0,37.3,True
2026-06-14 01:13:37.860083+02:00,0.0,8021.053989037574,5388.666926676467,9514.064130107956,3309.071714439605,6510.735549607273,4604.765700568134,995.1333165656413,19010.0,57353.0,33.1,True
2026-06-14 02:13:37.860083+02:00,0.0,17956.746208792003,4705.319546756988,7494.750262394727,4323.889584045873,4982.0505538648495,3855.0394234874925,1725.472784420567,28243.0,73286.0,38.5,True
2026-06-14 03:13:37.860083+02:00,0.0,11380.048341286954,6927.850846111141,1516.9723493417587,1997.4409974116998,5241.536077069135,3560.0803469495067,2755.365825769607,24623.0,58002.0,42.5,True
2026-06-14 04:13:37.860083+02:00,0.0,14023.04824411488,5498.901891860144,8594.320047616444,4023.0688025252275,5020.584261784846,4413.887607185959,2132.412121232389,26068.0,69774.0,37.4,True
2026-06-14 05:13:37.860083+02:00,0.0,12740.25314044061,5798.456385878654,7996.342482311799,3547.8071032215103,5861.498978060046,4401.1663889422325,1400.8192265004516,24341.0,66087.0,36.8,True
2026-06-14 06:13:37.860083+02:00,351.0,11053.30747140163,9984.367997201374,8279.964192642707,5926.142946390986,7170.192334070562,4050.3679040606726,2508.5738371896564,27948.0,77272.0,36.2,True
2026-06-14 07:13:37.860083+02:00,4940.0,14964.775072597227,4449.757143489906,8107.794694066412,3989.878640660191,5994.959129776471,5088.777094340387,2615.6521317843426,32059.0,82211.0,39.0,True
2026-06-14 08:13:37.860083+02:00,9312.0,13921.952107159888,4364.478211965208,5347.475676101686,6331.705903368273,5556.781307572304,3781.088938569174,2052.023240519543,33432.0,84100.0,39.8,True
2026-06-14 09:13:37.860083+02:00,13579.0,13140.710588606673,5233.1570240249275,9114.817113702371,7097.725989603982,4474.385069954756,3550.0710141823656,3017.374579076295,38520.0,97727.0,39.4,True
2026-06-14 10:13:37.860083+02:00,16046.0,11357.691891598286,7143.031871162077,9264.4326280637,6171.763004431399,6552.124584729843,4209.045713753301,2410.782062312307,41167.0,104322.0,39.5,True
2026-06-14 11:13:37.860083+02:00,17778.0,16597.623353914776,1986.9319396192018,9364.677564119318,4676.917566709885,5219.5953940713725,3662.5310715432506,2341.326253646294,42366.0,103994.0,40.7,True
2026-06-14 12:13:37.860083+02:00,20171.0,23268.086342461425,1068.8882170469897,9893.154007146773,5211.671745058389,6117.517619158097,4247.758262072448,1598.310646416855,50354.0,121930.0,41.3,True
2026-06-14 13:13:37.860083+02:00,21900.0,15699.436164195637,3825.769458759705,9208.103289843246,2712.5225897839105,5645.78138408336,3583.49587208028,2313.6992428106705,47322.0,112211.0,42.2,True
2026-06-14 14:13:37.860083+02:00,19366.0,19980.591074555647,1732.1540818814256,7179.941176922179,4799.330941218141,6838.177219599438,3799.878858534057,2108.3956388022466,46987.0,112791.0,41.7,True
2026-06-14 15:13:37.860083+02:00,17045.0,8048.890374232687,4150.337304948724,7858.326304167819,3709.3422978997505,5842.7636079714475,4945.420210019583,2259.9145013355133,36450.0,90310.0,40.4,True
2026-06-14 16:13:37.860083+02:00,16744.0,15788.807196468848,6004.99939225858,8182.249734506754,6041.489571723949,5941.0736454769485,3797.2063216261604,1657.7071904293348,43993.0,108151.0,40.7,True
2026-06-14 17:13:37.860083+02:00,12349.0,9513.158405144666,3218.5022728954727,8215.398898213238,8859.12858386671,6485.7471474554595,3600.574227991352,2064.0494421794933,30745.0,85051.0,36.1,True
2026-06-14 18:13:37.860083+02:00,6505.0,7615.375362340493,2146.3468464373154,9996.43531194346,5749.732453960714,8106.940182263186,4585.33939435325,1591.569249892521,22444.0,68741.0,32.7,True
2026-06-14 19:13:37.860083+02:00,5298.0,11303.142962704818,5138.674323430696,9287.337506044982,2013.2897765680004,6888.446930358555,3474.4790248566533,926.433950016984,26141.0,70471.0,37.1,True
2026-06-14 20:13:37.860083+02:00,0.0,20959.496672067864,6725.08696923034,12154.686879139907,4458.154710628441,5911.3938936513905,3653.528384926466,2499.152284289192,33837.0,90198.0,37.5,True
2026-06-14 21:13:37.860083+02:00,0.0,19750.07914334823,1610.053122966775,12412.937959769344,5183.736388061682,6003.197990615288,4288.280560254498,1248.8055091552415,26897.0,77394.0,34.8,True
2026-06-14 22:13:37.860083+02:00,0.0,16215.023610272,6640.464796611968,8159.29916522785,5131.036137890395,5475.140539675565,4469.2057119366455,2053.593232391208,29378.0,77522.0,37.9,True
2026-06-14 23:13:37.860083+02:00,0.0,7336.497200550346,6634.612407476652,326.68890308126083,3903.78031158687,5050.004296480305,4610.238195540537,2166.50106472452,20748.0,50776.0,40.9,True
2026-06-15 00:13:37.860083+02:00,0.0,14018.596743060316,6908.170204313255,10473.664932254533,5367.937613955403,5447.249212933678,3626.389083889758,2163.2815079315274,26716.0,74721.0,35.8,True
2026-06-15 01:13:37.860083+02:00,0.0,16508.500044508677,7436.9604297433725,6919.247322025891,3136.248744620919,5227.851036288057,4298.00433649306,1858.460463200875,30102.0,75487.0,39.9,True
2026-06-15 02:13:37.860083+02:00,0.0,15877.68114789299,9404.02784931923,6397.032156337987,3582.6369159723995,6653.368383795885,3766.94590022791,2135.6057376399867,31184.0,79001.0,39.5,True
2026-06-15 03:13:37.860083+02:00,0.0,5781.032082596272,4287.815902761889,7203.109450021267,5968.696462405567,4928.805142131014,3697.1721832446838,2235.4835348925812,16002.0,50104.0,31.9,True
2026-06-15 04:13:37.860083+02:00,0.0,10548.410759900642,5219.143160155716,7106.713906370787,3476.505153680261,7333.210561380044,4601.606391146142,2367.4824078759925,22737.0,63390.0,35.9,True
2026-06-15 05:13:37.860083+02:00,0.0,14679.611179256417,4167.123133503949,9224.539620210786,5807.317408238386,6752.04638361883,3725.222802070207,2866.720669692131,25439.0,72662.0,35.0,True
2026-06-15 06:13:37.860083+02:00,0.0,17681.45454758595,5003.953689511622,4881.128441747549,2945.804338015913,6020.501729367668,4139.10229801049,2117.0970757491027,28942.0,71731.0,40.3,True
2026-06-15 07:13:37.860083+02:00,5536.0,4019.360894500267,8065.7467112726235,5844.558508416797,7647.238825687604,6000.318611465068,4077.7897346153195,2032.0244225088509,23731.0,66954.0,35.4,True
2026-06-15 08:13:37.860083+02:00,8142.0,14189.380122600707,2309.9710321386624,8686.317108394833,3838.595116393918,5442.718690385446,3464.6228118307486,1546.635517324953,29653.0,77273.0,38.4,True
2026-06-15 09:13:37.860083+02:00,13278.0,15715.243849394761,3277.900655668849,9245.888060826615,4664.5001422948335,6270.084411347764,4483.04642767816,2217.9731619496683,38972.0,98125.0,39.7,True
2026-06-15 10:13:37.860083+02:00,16004.0,19248.059942581065,7754.361873009122,9283.083289872024,5495.919891635609,7088.092463208589,4280.140446839477,2333.6915515702844,49620.0,121107.0,41.0,True
2026-06-15 11:13:37.860083+02:00,19858.0,18464.287921187184,7040.07301380418,6425.927442133402,4151.975071248358,5296.8435377441865,3006.8546940647893,1903.8484078591864,50273.0,116421.0,43.2,True
2026-06-15 12:13:37.860083+02:00,19275.0,17912.856594044024,4273.736706365844,6043.46870146752,5215.108941606956,4466.60791108127,4138.710555618672,2272.3062520920184,47873.0,111471.0,42.9,True
2026-06-15 13:13:37.860083+02:00,19651.0,11000.297466490329,6708.80400224144,6986.730332424161,5863.035086780188,6703.218254856743,3613.5132829166896,1853.7419032253292,42827.0,105207.0,40.7,True
2026-06-15 14:13:37.860083+02:00,19479.0,5459.9893143834615,5682.431684984066,8479.74550456945,6440.919848755228,6324.3659742438,4548.537653206314,2335.496326044462,37505.0,96255.0,39.0,True
2026-06-15 15:13:37.860083+02:00,17716.0,13034.736214692995,8000.5492180019755,10970.954738545099,6187.246153959436,4879.80119855882,3277.300081609621,2456.301157014872,44485.0,111008.0,40.1,True
2026-06-15 16:13:37.860083+02:00,16437.0,20008.1591260428,5149.0191876535455,3905.1256284584992,4742.284304295989,5266.608629085882,3821.761515685228,2449.3139333652425,47865.0,109644.0,43.7,True
2026-06-15 17:13:37.860083+02:00,10853.0,21967.272637622158,7051.264227745165,7558.542486083267,4780.052338934596,5140.895725949859,4181.012275494233,2058.92216307065,46111.0,109702.0,42.0,True
2026-06-15 18:13:37.860083+02:00,7624.0,18552.745511488927,10284.02382098524,5334.643117949592,8523.66283703755,5275.467730965751,4027.1701470709377,1480.0159241914744,41968.0,103070.0,40.7,True
2026-06-15 19:13:37.860083+02:00,3383.0,17146.704114008673,6196.198310094933,4695.51464529302,6424.833602373938,5676.317245958812,4381.479128356986,1694.0434736790896,32801.0,82399.0,39.8,True
2026-06-15 20:13:37.860083+02:00,950.0,16898.19824192983,5098.656331589687,9933.913290689634,3617.2645155196797,5733.452695719253,3240.7890069953555,2297.5786619423643,28485.0,76255.0,37.4,True
2026-06-15 21:13:37.860083+02:00,0.0,12219.406266196098,6444.893970441959,9089.249148998677,5149.982245648328,5349.20634493154,4825.957168433689,3224.4061528701136,26715.0,73018.0,36.6,True
2026-06-15 22:13:37.860083+02:00,0.0,14349.6985322319,4269.43828359223,8898.867031894524,4497.285291832712,5241.836180500071,4262.5723293941355,1829.639614233959,24711.0,68060.0,36.3,True
2026-06-15 23:13:37.860083+02:00,0.0,23345.347629131655,9775.935411049464,9842.051679461987,4796.998649115336,5771.215656080619,4679.8591065004475,2227.91883919407,40029.0,100468.0,39.8,True
2026-06-16 00:13:37.860083+02:00,0.0,10287.209971040618,5360.142075391963,7040.562206467728,3155.757263437868,6167.691534859561,4437.120084616621,1721.9737212602984,21806.0,59976.0,36.4,True
2026-06-16 01:13:37.860083+02:00,0.0,23073.893953549257,4454.133359548974,7134.724967332943,4382.11514842107,5683.7034636351555,3994.194942772478,1513.0164778754497,33035.0,83271.0,39.7,True
2026-06-16 02:13:37.860083+02:00,0.0,13389.859227539708,3328.6219899599273,12371.461233445149,7717.333659790869,7158.6670233413015,3357.9008945444198,1661.8420682113187,21738.0,70724.0,30.7,True
2026-06-16 03:13:37.860083+02:00,0.0,21627.16054547539,7194.440383212877,7506.857891480851,5868.614451313255,6508.087714420786,3718.2234093756497,958.7640116486641,33499.0,86881.0,38.6,True
2026-06-16 04:13:37.860083+02:00,0.0,7965.924952512309,6734.374825655477,9470.264226108182,1263.2578877728097,4409.154143141304,4794.781666431289,2676.7175314538754,22172.0,59486.0,37.3,True
2026-06-16 05:13:37.860083+02:00,0.0,17929.521005823244,4005.2912571718134,8012.76308192663,6825.08523874692,6523.727765413853,4692.718890828191,884.9348735426931,27512.0,76386.0,36.0,True
2026-06-16 06:13:37.860083+02:00,190.0,11316.149320261891,6152.902690244846,4303.48293984317,6634.444284363742,6605.543982585583,3690.200009948155,1868.0858847996835,23217.0,63978.0,36.3,True
2026-06-16 07:13:37.860083+02:00,5451.0,7923.6640403790625,1982.8880635742871,3910.7419923974635,4461.0720435403755,5565.265031875809,2590.8478568989103,1410.936052324973,19359.0,52655.0,36.8,True
2026-06-16 08:13:37.860083+02:00,5974.0,16092.670212054729,5369.941150146313,6842.031560120191,6075.895315674823,4504.802412696845,3893.6551328474407,1557.8098923188977,32888.0,83199.0,39.5,True
2026-06-16 09:13:37.860083+02:00,13148.0,20047.358942979845,5905.512704153389,10112.202503339979,3710.901183774199,6008.066759411136,3856.148555935442,2688.261329869334,45645.0,111121.0,41.1,True
2026-06-16 10:13:37.860083+02:00,14983.0,10775.292807032518,8414.659619118445,9576.583313272007,4294.616425600464,5992.291348517756,3875.1136939798084,2100.533495015696,40149.0,100161.0,40.1,True
2026-06-16 11:13:37.860083+02:00,16189.0,7504.920197707994,3458.362394542621,9828.154328448067,7247.819541004781,4878.3537634668055,4264.269600915701,1517.3019204091497,32934.0,87822.0,37.5,True
2026-06-16 12:13:37.860083+02:00,20010.0,14540.776178325224,2443.2947423953515,6025.907642127369,4592.404940195437,4548.780783740064,4438.106289660832,1705.2414337517446,43137.0,101442.0,42.5,True
2026-06-16 13:13:37.860083+02:00,21374.0,14562.823356114095,3209.144078149917,11231.744980244628,2195.4025070675134,5912.44645354656,4495.149773549762,1617.259389778957,45258.0,109856.0,41.2,True
2026-06-16 14:13:37.860083+02:00,19361.0,17741.598137772493,2326.86299937016,6070.213399627231,4905.045165827994,5766.922807949178,4222.854570067683,1978.2271639605597,45631.0,108004.0,42.2,True
2026-06-16 15:13:37.860083+02:00,18972.0,19747.972856822442,7673.314715517967,8425.648797339938,4882.117410628465,5582.734634677607,3099.614649038682,2086.4458423938463,51579.0,122049.0,42.3,True
2026-06-16 16:13:37.860083+02:00,17249.0,14702.92409363753,8097.278590048073,7979.295420184527,6797.55285406019,5916.5892652534385,3829.400133653352,2947.78738661428,46826.0,114346.0,41.0,True
2026-06-16 17:13:37.860083+02:00,13785.0,24277.516573971316,5640.433155897657,7652.252359370827,5021.50463326364,4897.223626179681,5152.044891774594,1041.8496170011465,49897.0,117365.0,42.5,True
2026-06-16 18:13:37.860083+02:00,10318.0,16121.173722676458,7442.589891370297,10677.184276591213,4367.626532839561,5565.179387133886,4187.108367401239,1982.5938426210237,40051.0,100712.0,39.8,True
2026-06-16 19:13:37.860083+02:00,5193.0,13267.867469965502,5267.916761160471,6589.778959668079,6567.584217846809,6533.325030614347,4183.909784221933,1842.2161537327388,29755.0,79201.0,37.6,True
2026-06-16 20:13:37.860083+02:00,75.0,6942.163204485861,4809.776704598468,5300.789488576143,5181.1853487516655,5650.029919648711,4179.742969886929,2473.2742638583914,18480.0,53092.0,34.8,True
2026-06-16 21:13:37.860083+02:00,0.0,13686.702398419162,4333.924761892476,8039.990972412838,3874.9659776514245,4328.027528207448,4207.689811252995,2177.4090590891965,24406.0,65055.0,37.5,True
2026-06-16 22:13:37.860083+02:00,0.0,13318.065272944319,4379.218017244869,7200.346531426947,6732.496340812427,5527.307722276429,2808.4439094570384,2295.181104057473,22801.0,65062.0,35.0,True
2026-06-16 23:13:37.860083+02:00,0.0,19801.52398140735,1904.3968873819376,14754.765838165291,5290.492646775199,4929.84153649314,3880.2378415444655,2172.5430930075413,27759.0,80493.0,34.5,True
2026-06-17 00:13:37.860083+02:00,0.0,17312.41812033427,5528.509527214678,9353.01495287995,5004.388950019156,6267.136296461731,3981.0535841026553,1534.0044373582302,28356.0,77337.0,36.7,True
2026-06-17 01:13:37.860083+02:00,0.0,9103.154391836913,4919.332179571912,7181.318849562751,5266.862587117482,6318.837403380426,4640.747699626706,2605.6327482465067,21269.0,61305.0,34.7,True
2026-06-17 02:13:37.860083+02:00,0.0,15861.271932055188,6490.721448155751,5887.776861625827,3393.9974428751048,4341.225374913969,4023.836447311148,2399.2524523078346,28775.0,71173.0,40.4,True
2026-06-17 03:13:37.860083+02:00,0.0,18357.655858645267,5187.046992877219,4239.423178862431,4208.519335732494,6759.012970582189,3176.7443066990295,2457.7648958623713,29179.0,73565.0,39.7,True
2026-06-17 04:13:37.860083+02:00,0.0,22640.15679693916,4674.592596861817,5949.561828525134,5005.373902749175,4887.813698721442,4215.044578085876,2632.0250852535823,34162.0,84167.0,40.6,True
2026-06-17 05:13:37.860083+02:00,0.0,19437.519837070296,3257.613939984739,8229.883543518263,4708.00445746298,7559.182290482351,3598.087675878627,2208.83755032598,28502.0,77501.0,36.8,True
2026-06-17 06:13:37.860083+02:00,0.0,18804.23327155739,5144.306473643523,10854.657303189539,6908.642574224893,5951.223735499383,3391.6071794592913,2740.4962020587463,30081.0,83876.0,35.9,True
2026-06-17 07:13:37.860083+02:00,4645.0,15300.429973075818,6476.474461632324,10243.378284775838,5326.108779090505,4753.6065014608375,3582.9204766417097,2188.8197858933204,32194.0,84711.0,38.0,True
2026-06-17 08:13:37.860083+02:00,7935.0,16941.560027117248,2713.3220178322786,8458.189663292758,6282.355883954604,4858.013929307319,4271.252114832258,1890.4707059876957,33752.0,87102.0,38.7,True
2026-06-17 09:13:37.860083+02:00,11150.0,21247.524503530793,5174.9475073614785,7353.664668595031,5014.093031863774,6348.095291787345,4629.380619880034,1996.6980447583176,44199.0,107113.0,41.3,True
2026-06-17 10:13:37.860083+02:00,15025.0,8336.113012601752,5466.085903058968,8537.624712824309,6584.432725619185,5608.700110101622,4241.464972588793,1988.0781159319417,35057.0,90844.0,38.6,True
2026-06-17 11:13:37.860083+02:00,17982.0,13252.80336391522,3563.8704327634714,6962.724005030848,5596.291634859731,5903.3460903818595,4316.011611808511,1740.3043389547286,40855.0,100172.0,40.8,True
2026-06-17 12:13:37.860083+02:00,19069.0,11137.156256218797,3824.2873901839994,11436.72799152775,5020.13072808269,7612.7802326970395,4236.522636419,2815.9444241851106,41083.0,106236.0,38.7,True
2026-06-17 13:13:37.860083+02:00,19308.0,16895.765593630622,5461.221697532429,7621.61963744984,4980.075366561471,5300.755935770925,4050.663588430234,2148.1476827518336,47864.0,113630.0,42.1,True
2026-06-17 14:13:37.860083+02:00,18092.0,21151.110878253938,2733.1579634147542,7827.324283506547,3568.3420605635547,6059.962857695707,4348.465317481378,2047.3692379164534,48372.0,114200.0,42.4,True
2026-06-17 15:13:37.860083+02:00,17936.0,12015.128566394631,5699.847430498785,3568.355149958664,5760.373580204466,7419.844487373053,2790.6122664652894,2194.137127463217,40636.0,98020.0,41.5,True
2026-06-17 16:13:37.860083+02:00,14132.0,3048.4781626528093,3209.2912526816,7609.130306954472,4939.692898195432,6270.5134754664,4055.5441756524165,3489.9272583685733,27935.0,74690.0,37.4,True
2026-06-17 17:13:37.860083+02:00,13230.0,12938.89627487765,7125.707386066433,9672.968275929881,4247.012059728193,4393.397264641994,3477.537482688874,1434.1379057001704,38206.0,94726.0,40.3,True
2026-06-17 18:13:37.860083+02:00,8760.0,19567.36866008703,9675.6554907766,5864.554845922909,6659.692656218107,6505.389011732137,4581.451286272069,1577.4807441418623,44162.0,107354.0,41.1,True
2026-06-17 19:13:37.860083+02:00,2993.0,17688.1495147494,3278.4863965963605,6498.559331014374,3124.675961157798,4836.997142216556,3926.42234739157,1309.7144912765018,29196.0,72852.0,40.1,True
2026-06-17 20:13:37.860083+02:00,0.0,17140.93123905288,6068.4157247493495,9585.422035467329,4366.256156851349,7406.807528732965,4015.474044133915,1883.700380782257,29109.0,79576.0,36.6,True
2026-06-17 21:13:37.860083+02:00,0.0,13600.033490627602,3546.5161902359614,5046.685552963893,6541.5781231693,5177.132395002022,3247.4640628730986,2122.7592216636804,22517.0,61799.0,36.4,True
2026-06-17 22:13:37.860083+02:00,0.0,8604.846318901069,7081.9083475955795,10115.602015083838,5473.28441138038,8969.509507745664,4508.415444506426,1767.3387408294614,21963.0,68484.0,32.1,True
2026-06-17 23:13:37.860083+02:00,0.0,17576.471608122338,2469.4831818295697,6935.712219653796,4928.211608520864,7467.375988327678,4313.6640601369045,1730.136600924115,26090.0,71511.0,36.5,True
2026-06-18 00:13:37.860083+02:00,0.0,10828.590949826877,5961.173516855425,7222.8635590175945,5376.50531472522,5203.387430372021,4278.473941170251,2071.202433314066,23139.0,64081.0,36.1,True
2026-06-18 01:13:37.860083+02:00,0.0,25920.48366690228,3254.0220662212946,5752.243189748811,5269.121256573262,6020.01380500161,3593.488573915589,1748.9460875851512,34517.0,86075.0,40.1,True
2026-06-18 02:13:37.860083+02:00,0.0,17852.53604177258,4586.030821803262,8756.092520855766,2725.006180571118,6753.644281633464,3613.180077530935,2155.0879135914192,28207.0,74649.0,37.8,True
2026-06-18 03:13:37.860083+02:00,0.0,12096.758487230245,2937.949449705386,12919.74397005876,4476.1071719780575,6783.660474226708,4111.799727222952,2557.117173371302,21704.0,67587.0,32.1,True
2026-06-18 04:13:37.860083+02:00,0.0,11943.073763056858,6644.700941791507,9562.994478921264,7424.782481770623,6442.336259976197,3652.7507948759744,2338.5152349004034,24579.0,72588.0,33.9,True
2026-06-18 05:13:37.860083+02:00,0.0,14535.27896693206,3326.0392911208264,6271.4294761189285,4011.0137978342486,7252.15903696611,4217.446481338669,2440.5066735826013,24519.0,66573.0,36.8,True
2026-06-18 06:13:37.860083+02:00,0.0,13802.49038989125,6103.928518663655,10271.241170982952,4522.548478843499,5877.03105336563,2919.5436986166387,2542.95920575336,25369.0,71409.0,35.5,True
2026-06-18 07:13:37.860083+02:00,3654.0,20584.168877649772,4311.803943475334,7366.640908131501,4187.568855036218,5633.282331423967,3756.2277217967035,2141.4140800593514,34448.0,86083.0,40.0,True
2026-06-18 08:13:37.860083+02:00,9754.0,15932.080848720232,4771.055256402274,10748.969962855119,4869.477165022794,5653.13601207539,4898.3767327132455,1920.6794869784494,37276.0,95824.0,38.9,True
2026-06-18 09:13:37.860083+02:00,12491.0,11341.84130545736,5295.511814800257,9613.352804328726,4125.315753013553,6858.3732319721275,4219.742913997882,1613.8734645584022,34962.0,90521.0,38.6,True
2026-06-18 10:13:37.860083+02:00,17538.0,24452.203425778913,3476.3506566823025,2113.716869056533,5730.11225323709,6365.181040302646,4083.3968322654964,1804.4109181821395,51354.0,116917.0,43.9,True
2026-06-18 11:13:37.860083+02:00,17959.0,15246.541657601114,5420.7342270817735,5991.840734089945,5295.9701184354,6291.283665690256,4992.613267835678,1738.1572336615527,45357.0,108293.0,41.9,True
2026-06-18 12:13:37.860083+02:00,18790.0,18844.198379844485,8060.6691287088215,9888.77044567078,6160.321422660527,6795.2342492571825,2832.0231905992823,2365.836163310456,50893.0,124630.0,40.8,True
2026-06-18 13:13:37.860083+02:00,18486.0,11958.867462776205,3443.8104283345715,8303.314544290035,3423.5882507165593,3948.947592146145,3592.3444426059464,2173.391277297098,39654.0,94984.0,41.7,True
2026-06-18 14:13:37.860083+02:00,17695.0,16815.578138722616,7343.62028654769,5952.4881045842985,4489.489275675645,6310.06882387515,3799.4134141263053,2348.3789313571506,48002.0,112756.0,42.6,True
2026-06-18 15:13:37.860083+02:00,16435.0,16555.549955715975,7996.195266975568,6732.820969012375,4661.416052581798,6218.568888873716,4429.175616502695,1419.8315719499242,46836.0,111285.0,42.1,True
2026-06-18 16:13:37.860083+02:00,15904.0,5551.753539519235,3367.690021943912,4187.5267598212395,5683.470365132892,7668.808081300705,4437.828181614118,2715.8747421205394,31977.0,81494.0,39.2,True
2026-06-18 17:13:37.860083+02:00,12979.0,25076.3755523032,2089.890789818896,7823.253424947208,3810.1682041894483,4471.412017736333,3566.996645508687,1786.5098142466188,45499.0,107103.0,42.5,True
2026-06-18 18:13:37.860083+02:00,7096.0,21453.222304612736,5603.921800343529,12421.379452031528,6373.480706387516,7557.186632376758,4498.977161071275,1449.9916789626686,40102.0,106556.0,37.6,True
2026-06-18 19:13:37.860083+02:00,5345.0,13014.023419270063,3905.184954466254,9609.86678146465,6779.623385776413,6075.409128924666,3798.3426163391464,1780.3911175890937,27843.0,78151.0,35.6,True
2026-06-18 20:13:37.860083+02:00,0.0,9488.651297720724,8737.206438326004,12380.834002376847,3516.6914785466242,6488.989530660045,4605.819812824583,3241.8829962937543,26074.0,74534.0,35.0,True
2026-06-18 21:13:37.860083+02:00,0.0,16737.80806901776,5069.615080999664,9764.79417957996,4263.690657659651,7675.9187876093765,3483.6786509389713,1806.1415667542162,27097.0,75899.0,35.7,True
2026-06-18 22:13:37.860083+02:00,0.0,15433.488497071983,3395.6011839296416,10054.958686705384,4202.102737561861,6560.761268005573,3938.3442004669196,1837.4517642645374,24605.0,70028.0,35.1,True
2026-06-18 23:13:37.860083+02:00,0.0,16778.344742816145,2705.680977976577,11948.157375490047,8948.579307016247,6400.368289462561,3754.9163423117197,1903.9476596851619,25143.0,77583.0,32.4,True
2026-06-19 00:13:37.860083+02:00,0.0,15957.886980970448,7179.809918181661,8754.526518684454,4355.14984218817,6242.291185802318,4528.015185782857,1925.6898082842724,29591.0,78534.0,37.7,True
2026-06-19 01:13:37.860083+02:00,0.0,17531.20494652963,3857.632051831627,7625.545356986239,7516.438163234202,5516.521865005623,3738.6093917169146,1609.261967099373,26737.0,74132.0,36.1,True
2026-06-19 02:13:37.860083+02:00,0.0,22236.528496959032,5087.657598920857,10065.315033244024,3100.0520073400858,5971.510875489607,3978.775735494122,2071.606541603065,33375.0,85886.0,38.9,True
2026-06-19 03:13:37.860083+02:00,0.0,17840.516025643232,6911.605490224962,10907.68047424377,3515.523550753455,5284.487233877251,4253.405698831524,2537.7974540991654,31543.0,82794.0,38.1,True
2026-06-19 04:13:37.860083+02:00,0.0,9751.722505450294,4031.4832961383395,7040.070714575582,3970.093202227699,5955.433100574518,4272.62924151306,2157.1446577393535,20213.0,57392.0,35.2,True
2026-06-19 05:13:37.860083+02:00,0.0,21812.81426356226,4908.142342519679,6556.861835319942,3731.466032830216,3664.0693029449035,4443.476303736586,1444.417350550007,32609.0,79170.0,41.2,True
2026-06-19 06:13:37.860083+02:00,0.0,23203.072817441436,4966.86318035496,8277.71206486176,4598.151898762252,6429.039567567548,4105.562388422333,1827.8270475331458,34103.0,87511.0,39.0,True
2026-06-19 07:13:37.860083+02:00,4527.0,30760.283672560425,6366.649023032183,9662.997733863323,3936.832695917753,5878.262746216375,3790.875542360084,1724.2362999491852,47169.0,113816.0,41.4,True
2026-06-19 08:13:37.860083+02:00,8453.0,9382.529833802011,6181.488671020652,9596.182097323122,3770.98761089814,5663.796263333235,3825.1506273206246,2026.4697341174005,29869.0,78769.0,37.9,True
2026-06-19 09:13:37.860083+02:00,11820.0,16214.410065751375,4559.772537490343,5151.664799624801,6737.707994709992,6219.7580839401435,4012.836157603806,2665.2258357811584,39272.0,96653.0,40.6,True
2026-06-19 10:13:37.860083+02:00,15805.0,4589.506484055064,5127.298122993036,11823.212134126643,6835.690433769748,4566.436077034559,4124.796238037192,1925.5586019895586,31572.0,86369.0,36.6,True
2026-06-19 11:13:37.860083+02:00,18461.0,17765.745781896047,4256.441976953023,6717.670141206299,6423.944747562973,7929.269996621282,3926.4141760757816,1955.9225655648047,46366.0,113802.0,40.7,True
2026-06-19 12:13:37.860083+02:00,18408.0,12258.998509166137,2044.7751861611105,7469.870006222841,5785.998433376492,5897.2325385124,4009.601710482774,2888.822409409715,39610.0,98373.0,40.3,True
2026-06-19 13:13:37.860083+02:00,21411.0,24617.228974124766,5515.201714796259,6194.691280024361,5139.114598669328,5854.15556702781,3241.373069713947,2438.1029958358304,57223.0,131634.0,43.5,True
2026-06-19 14:13:37.860083+02:00,19400.0,11126.92514990709,8784.383521666135,13396.657671874174,4254.453964001137,5034.6037898670775,4333.677642227339,2287.040641053268,45932.0,114550.0,40.1,True
2026-06-19 15:13:37.860083+02:00,18038.0,6554.084810163691,3232.5617186178742,8484.141340575934,3570.263742867362,6023.946382449261,4090.556144444715,2979.065807650888,34894.0,87867.0,39.7,True
2026-06-19 16:13:37.860083+02:00,16345.0,12643.6812964874,3453.940580794594,6298.04983863687,5544.493555149031,7386.9598902732805,4500.935206770544,2244.9056273970064,39188.0,97606.0,40.1,True
2026-06-19 17:13:37.860083+02:00,12703.0,5122.561143914312,3258.5444567125173,9727.847099924891,3239.554411179803,7035.9162094320345,4000.0802537035424,1006.7364290112388,26091.0,72185.0,36.1,True
2026-06-19 18:13:37.860083+02:00,9631.0,18755.49727253655,6449.183557446245,9538.271558620067,3509.1186062369097,6854.437751140556,3130.801210739107,2416.3328789401803,40383.0,100668.0,40.1,True
2026-06-19 19:13:37.860083+02:00,4738.0,4674.584768718398,5896.97090839288,7624.5459528402325,6729.369884307214,6546.398951667272,3820.7769053466627,1203.995771440675,20334.0,61569.0,33.0,True
2026-06-19 20:13:37.860083+02:00,0.0,15142.287905915795,4682.924615167087,9681.213425566766,7850.973562583131,5641.457472437391,3900.0350384407916,2226.002684291224,25951.0,75076.0,34.6,True
2026-06-19 21:13:37.860083+02:00,0.0,4610.940900719015,3163.96187672207,6349.416078338271,5589.942707249721,4549.836832963298,4371.4516527168,1143.12821293538,13289.0,43068.0,30.9,True
2026-06-19 22:13:37.860083+02:00,0.0,13398.51097731679,5184.7535832798485,7014.163450101495,6659.685728441967,5798.961228133365,2964.8632277433026,1766.5722948000403,23315.0,66103.0,35.3,True
2026-06-19 23:13:37.860083+02:00,0.0,23216.89077902267,1870.7557453283912,3979.566690867874,4631.227523834025,5764.128535466323,4020.5897584744675,1818.1077351950644,30926.0,76227.0,40.6,True
2026-06-20 00:13:37.860083+02:00,0.0,16803.239457178974,5286.853133714986,5352.0978315608745,2993.488720868474,7048.794439671241,4256.837607896653,1614.9404463841233,27962.0,71318.0,39.2,True
2026-06-20 01:13:37.860083+02:00,0.0,10682.53197517533,6743.048772175868,11615.261611341371,5918.257427927876,6309.39044245982,3669.25605735924,1825.5740014044,22920.0,69683.0,32.9,True
2026-06-20 02:13:37.860083+02:00,0.0,14843.98255530458,2497.6017267326442,11282.85725544463,5853.933984905096,7612.311527903548,4037.3140049084236,2516.2808601802762,23895.0,72539.0,32.9,True
2026-06-20 03:13:37.860083+02:00,0.0,15090.084360222232,1934.9634463406728,8131.577297297925,5107.502830820366,7197.4885400381745,3686.481745425078,1643.0235439202233,22355.0,65146.0,34.3,True
2026-06-20 04:13:37.860083+02:00,0.0,17363.15172921703,8158.875783389719,11325.862894379676,4636.436812842333,5543.504390495904,3635.213533389805,2272.5704397552704,31430.0,84366.0,37.3,True
2026-06-20 05:13:37.860083+02:00,0.0,8165.708183595868,3776.4807209908304,7679.851026783391,6443.315867871646,4204.870803380132,3795.7900749343416,1517.1751801963499,17255.0,52838.0,32.7,True
2026-06-20 06:13:37.860083+02:00,160.0,17962.836369236655,7271.895691887644,7513.179394864184,3521.4004498587883,7385.575233941481,3644.6540037664945,1905.2502118039354,30945.0,80310.0,38.5,True
2026-06-20 07:13:37.860083+02:00,3423.0,1478.0418419861235,4692.004669604336,8113.021296931112,3839.3291316640134,7359.3852232307445,4341.809155968166,2161.919633163725,16097.0,51506.0,31.3,True
2026-06-20 08:13:37.860083+02:00,9943.0,11850.577238180947,4676.090366117345,7750.1568093528695,3487.840239859358,4633.788409097774,3632.5240615823113,1501.7357916907201,31604.0,79080.0,40.0,True
2026-06-20 09:13:37.860083+02:00,11604.0,12558.630787742277,5876.825398993291,7569.607352879639,5127.45944395374,7509.240019827501,3548.5449964760364,1344.139783544655,34932.0,90070.0,38.8,True
2026-06-20 10:13:37.860083+02:00,16606.0,18166.634130356193,3232.0022865071187,10286.796214299105,3368.160481836113,6382.117170592518,4883.964333419766,2245.939075289444,45135.0,110307.0,40.9,True
2026-06-20 11:13:37.860083+02:00,18447.0,15113.154263384346,5264.994286991291,8300.271307912406,3973.6367292271348,6160.685498125653,4480.370005912017,2561.5401996703195,45867.0,110169.0,41.6,True
2026-06-20 12:13:37.860083+02:00,18852.0,7972.184730718567,4237.021170351814,9424.963528867609,3941.366656659203,7614.783254247327,3069.2433196703996,1960.4674902563138,36091.0,93163.0,38.7,True
2026-06-20 13:13:37.860083+02:00,21775.0,10075.034370914924,2359.013113189937,10062.761050554662,4609.0875014990625,7344.685173230615,3617.615855073733,1771.343546721648,39598.0,101213.0,39.1,True
2026-06-20 14:13:37.860083+02:00,18305.0,15993.400047737034,5674.964149452798,8776.371591309467,2768.938330394035,6651.330951995204,4121.231485861355,2077.8376938441934,46172.0,110541.0,41.8,True
2026-06-20 15:13:37.860083+02:00,18939.0,14604.66329067722,4473.384386244168,6059.457348183522,5130.807488055901,6473.217065811983,4161.877533615747,2027.7399593826901,44207.0,106077.0,41.7,True
2026-06-20 16:13:37.860083+02:00,16637.0,12104.379451821267,4685.950343110584,5294.2682220719225,6870.955475997017,6616.394290530359,3254.753567131553,2121.4512703556256,38804.0,96389.0,40.3,True
2026-06-20 17:13:37.860083+02:00,11799.0,12595.831052440102,2579.6781131716843,8297.56126961461,5203.2370584751425,5599.942566117474,4579.282746411161,735.8774498431428,32290.0,83680.0,38.6,True
2026-06-20 18:13:37.860083+02:00,10070.0,18480.839985796447,8182.800735525609,7657.487390350131,7311.981717201981,5944.898550267679,4412.612209590813,1465.4478544170183,42612.0,106138.0,40.1,True
2026-06-20 19:13:37.860083+02:00,4200.0,12411.537135653927,6753.428372772232,8174.782857840243,7000.997278815388,5097.682845405458,4240.950816020169,1577.3849472815732,29183.0,78640.0,37.1,True
2026-06-20 20:13:37.860083+02:00,289.0,14559.543779854634,6928.311768343958,7967.891921502827,6166.602570871782,5666.960224261081,4678.364245356061,2075.4338142557813,28531.0,76863.0,37.1,True
2026-06-20 21:13:37.860083+02:00,0.0,25849.682940402716,4389.110595116636,13167.147320333133,5112.028763955328,5633.366121331067,4226.1449962854595,2092.938941811133,36558.0,97028.0,37.7,True
2026-06-20 22:13:37.860083+02:00,0.0,7881.586815580385,1541.6342209931595,5339.547488717324,5033.7505823681595,5364.694630378335,4224.290439625924,2318.090244342018,15966.0,47670.0,33.5,True
2026-06-20 23:13:37.860083+02:00,0.0,5740.786342126707,8905.834764979021,4020.1074603577504,6145.69965854489,6136.746502648463,4778.839635911121,2128.7908746052185,21554.0,59411.0,36.3,True
2026-06-21 00:13:37.860083+02:00,0.0,18917.948323993034,4877.804983988263,8664.75366703922,4412.4940857439515,5676.019149299423,4550.609790363855,1349.632464806332,29696.0,78145.0,38.0,True
2026-06-21 01:13:37.860083+02:00,0.0,11606.784693529484,3502.4004079598926,7247.154890823609,2176.218872798804,6502.234720351974,3579.2462705442344,2723.50230879253,21412.0,58750.0,36.4,True
2026-06-21 02:13:37.860083+02:00,0.0,13408.812361286899,5833.603148966227,8632.135739459902,5738.00608115444,4377.679386706235,4316.597589335957,2635.959151711183,26195.0,71138.0,36.8,True
2026-06-21 03:13:37.860083+02:00,0.0,11094.218109344429,7334.241576006595,9167.766044568003,3303.397055097543,5886.645205892701,3667.866067520709,1370.9013549865372,23467.0,65292.0,35.9,True
2026-06-21 04:13:37.860083+02:00,0.0,13700.999296162438,4953.8988878290675,10568.209390357795,3556.7881577144226,6131.551640177496,4252.077275475139,2166.3526471870914,25073.0,70403.0,35.6,True
2026-06-21 05:13:37.860083+02:00,0.0,22992.690560481708,7557.150335878749,4985.548359232123,5000.335921993682,5689.3707601631195,4238.306753509907,1702.287807378492,36490.0,88656.0,41.2,True
2026-06-21 06:13:37.860083+02:00,0.0,19010.642293090597,7165.999877033737,6886.564204285674,4857.312683669796,5827.607300190769,3308.266343772007,2069.4319946002743,31554.0,80680.0,39.1,True
2026-06-21 07:13:37.860083+02:00,4040.0,19311.117559434886,2847.237625195883,8857.522517761528,2881.8865905265543,4414.7539892701425,3939.0771943444825,2526.6551398209353,32664.0,81482.0,40.1,True
2026-06-21 08:13:37.860083+02:00,7572.0,7918.864721036773,3652.419788681047,9540.927191374452,5248.23734619971,6356.477104669492,4132.628511790201,3065.0521331604796,26341.0,73828.0,35.7,True
2026-06-21 09:13:37.860083+02:00,12255.0,9244.231317235653,6915.074326559535,12386.899100576771,6449.209491291573,6647.605982567071,3781.8549045029217,2375.638852571305,34572.0,94628.0,36.5,True
2026-06-21 10:13:37.860083+02:00,15329.0,804.6067025728662,0.0,9911.407942227734,3307.487644601326,6493.537294203767,4157.35497119538,2147.467367555068,22438.0,64589.0,34.7,True
2026-06-21 11:13:37.860083+02:00,18799.0,10953.09589458623,4701.088613670023,7886.422808227446,6908.7249962731385,7038.7270594421825,4402.948888500534,1830.0894158458514,40686.0,103206.0,39.4,True
2026-06-21 12:13:37.860083+02:00,20809.0,19783.51593192829,2138.3375967506563,6219.128494114677,2659.743762305084,6201.529605782502,3984.703467884622,2091.067435505588,48807.0,112694.0,43.3,True
2026-06-21 13:13:37.860083+02:00,21396.0,17584.732578741856,4046.8923971329505,6871.420294561962,8175.98621655643,6478.681180650937,4112.29973835413,2679.885946664157,49820.0,121166.0,41.1,True
2026-06-21 14:13:37.860083+02:00,18936.0,13892.43368523938,4402.359821941592,6814.594354085787,4383.109354274775,6156.090738456853,4691.712039277987,1977.6456216202073,43900.0,105154.0,41.7,True
2026-06-21 15:13:37.860083+02:00,17810.0,14888.498581409734,4283.511244184984,9310.467257027522,5218.425495240337,6687.550719592494,4236.598291612613,1556.943674326175,42776.0,106768.0,40.1,True
2026-06-21 16:13:37.860083+02:00,13953.0,11555.572287122972,3895.477495774783,8513.99489117166,2161.949641271495,4422.770363867878,4100.412144837237,1190.1550672416868,34695.0,84488.0,41.1,True
2026-06-21 17:13:37.860083+02:00,11664.0,16023.794412008921,2805.712700742372,5352.700858315642,4906.795900296037,5106.41903202199,3520.9603101793195,2256.5239337051253,36271.0,87908.0,41.3,True
2026-06-21 18:13:37.860083+02:00,9643.0,18829.391397403073,9583.822533637373,7128.197061819134,5342.723266577288,7586.899657033091,4335.5130056944245,2123.64406281387,44515.0,109088.0,40.8,True
2026-06-21 19:13:37.860083+02:00,6066.0,6920.566062947636,8734.924008322701,9755.095106902842,4870.756843850758,3539.5641779037946,4165.074974695969,1677.0459133688516,27564.0,73293.0,37.6,True
2026-06-21 20:13:37.860083+02:00,0.0,16498.23843918674,2675.8683594874337,8703.324709948118,4155.3783844214395,5859.822070174656,4641.869716850704,2513.0070628536487,26329.0,71377.0,36.9,True
2026-06-21 21:13:37.860083+02:00,0.0,19662.174354773335,8164.233502607134,9137.289232025541,3580.153222208278,7172.2749596080685,4023.439271651656,1789.1115678061847,33639.0,87168.0,38.6,True
2026-06-21 22:13:37.860083+02:00,0.0,12924.498555183152,4201.069019054295,8765.843420114526,6695.789929305966,5906.739334458235,3091.866749933002,1932.6779540876023,22150.0,65668.0,33.7,True
2026-06-21 23:13:37.860083+02:00,0.0,18503.503060602918,5258.374946663421,11252.861469217718,5046.2107024969255,5594.988928549303,3149.939565585869,1991.6679333510283,28903.0,79701.0,36.3,True
2026-06-22 00:13:37.860083+02:00,0.0,29073.272222362764,4873.452080206168,8472.08612764874,7311.128564775158,6129.4216768153,4367.840381879867,1824.523628930956,40139.0,102191.0,39.3,True
2026-06-22 01:13:37.860083+02:00,0.0,14478.286035065541,3680.5027174920683,7227.954404258604,4210.2764678076155,5646.879819997554,3714.9032011509235,2117.9325328747855,23992.0,65069.0,36.9,True
2026-06-22 02:13:37.860083+02:00,0.0,16966.535250026616,6967.704687212294,6168.489917732879,4347.807959941674,6030.849492756939,4218.383875555249,2575.7575729665004,30728.0,78004.0,39.4,True
2026-06-22 03:13:37.860083+02:00,0.0,11309.714581693042,5251.773061153315,8499.218916419424,6223.391366894244,5316.61896347987,4057.116322251178,1428.7590509407887,22047.0,64134.0,34.4,True
2026-06-22 04:13:37.860083+02:00,0.0,15906.255813010252,4046.8971535615174,3118.591970449832,2565.537556994654,7108.674419955724,3916.5801661530395,2244.2600692370042,26114.0,65021.0,40.2,True
2026-06-22 05:13:37.860083+02:00,0.0,17301.35812491152,2390.821112399055,7631.421996334576,3179.804959770616,7423.264921065661,3951.8193572058885,2086.0793348032207,25730.0,69695.0,36.9,True
2026-06-22 06:13:37.860083+02:00,0.0,15974.21170135069,3212.8099725617594,7588.3202801573125,6646.227457029745,5866.6096778883775,3567.3052474773867,2076.881914772353,24831.0,69763.0,35.6,True
2026-06-22 07:13:37.860083+02:00,4341.0,9901.523401455717,1717.2397687958064,5271.058292765438,3242.099106165208,4613.510579308757,3992.1111555501648,2435.9222849370453,22388.0,57902.0,38.7,True
2026-06-22 08:13:37.860083+02:00,8589.0,16031.808856627253,5024.4470968303385,6143.468322688008,2271.4234770461785,5476.156829686604,3707.753283602801,2024.6487126085794,35378.0,84647.0,41.8,True
2026-06-22 09:13:37.860083+02:00,12100.0,22310.979693588182,2606.6688154312083,9619.315060296482,7802.790782109636,5816.011339897036,3813.8717399371476,2240.1146309528513,43072.0,109382.0,39.4,True
2026-06-22 10:13:37.860083+02:00,15378.0,17243.178822572638,4468.878974962918,8461.423498149925,2909.2735281886917,6505.538876903208,3838.1754776454195,2357.9323147855735,43286.0,104448.0,41.4,True
2026-06-22 11:13:37.860083+02:00,19618.0,19809.935945359204,7740.203707220742,8203.576667414654,5276.179097492254,4991.9867768293225,3886.6533650506403,1747.8173998096968,52803.0,124077.0,42.6,True
2026-06-22 12:13:37.860083+02:00,20059.0,13814.940149936861,7398.599145843171,8612.695067864046,5103.627789086407,5230.837681357849,4461.086728253543,2149.591730406899,47883.0,114713.0,41.7,True
2026-06-22 13:13:37.860083+02:00,19705.0,18749.501197118552,4935.446211794764,8185.255175897847,784.0575250728743,6510.676137858807,3935.1045853976534,1874.606196394684,49200.0,113880.0,43.2,True
2026-06-22 14:13:37.860083+02:00,20196.0,16396.33919108263,4825.8305477137,10485.725125716628,4599.024465248287,6938.908832039558,4511.851168295049,1933.6591101400522,47864.0,117751.0,40.6,True
2026-06-22 15:13:37.860083+02:00,17686.0,10245.44635156384,8759.749098842016,8246.858363407298,5672.619874218664,5378.405954829316,4768.92747566324,1838.969301760834,43299.0,105896.0,40.9,True
2026-06-22 16:13:37.860083+02:00,16810.0,16592.605023994372,6041.512240717422,5083.573772362499,5531.464072278291,4666.782946049004,4427.472325528075,2235.540202048443,46107.0,107496.0,42.9,True
2026-06-22 17:13:37.860083+02:00,12839.0,10041.516682798447,4344.387080246954,11260.25992974882,6355.281025705252,9284.118201287883,4267.234267534255,2040.8223545091269,33533.0,93966.0,35.7,True
2026-06-22 18:13:37.860083+02:00,8570.0,11835.59862557604,2147.963765759096,8740.680534657691,4418.763027641849,6783.304237088713,4163.41610474176,2197.2720171583373,28914.0,77771.0,37.2,True
2026-06-22 19:13:37.860083+02:00,4898.0,15946.64153646187,5787.746436329487,6821.492538409864,6068.7566631382415,5732.996238232969,4432.679354525035,1991.2413185521257,33056.0,84736.0,39.0,True
2026-06-22 20:13:37.860083+02:00,0.0,16486.22136690062,6658.647545165724,5493.196563409963,3966.006397879892,6869.03127553084,4044.68036929812,1197.9394937648376,28387.0,73103.0,38.8,True
2026-06-22 21:13:37.860083+02:00,0.0,9053.837674614355,3736.6969509727123,8791.82844191609,2884.298875380837,5875.543370285578,4492.284922978599,2015.6842080498543,19299.0,56149.0,34.4,True
2026-06-22 22:13:37.860083+02:00,0.0,20269.928855914382,5582.405510276065,7765.655990051249,3053.407436478151,6867.156889100186,4307.052902644842,2031.7689775784086,32191.0,82068.0,39.2,True
2026-06-22 23:13:37.860083+02:00,0.0,17860.031391502365,4272.8534101699415,11148.293572064817,2806.834317206878,6159.393197776222,3820.079769609806,2121.29796857673,28074.0,76263.0,36.8,True
2026-06-23 00:13:37.860083+02:00,0.0,11476.357821945581,4631.935201601995,7308.185438666344,6514.37895183679,6091.271898167573,4447.925440051403,1703.135403157129,22259.0,64432.0,34.5,True
2026-06-23 01:13:37.860083+02:00,0.0,7312.076017754123,24.355884875337324,6325.238420635066,2728.139736412165,5886.418131769211,4045.7400029887845,1402.265141667244,12784.0,40508.0,31.6,True
2026-06-23 02:13:37.860083+02:00,0.0,14275.477104592843,4556.437192567729,9791.592436471858,5411.058260973955,4552.6186665369105,3946.933996193842,2312.303322447139,25091.0,69937.0,35.9,True
2026-06-23 03:13:37.860083+02:00,0.0,12770.281430694198,6938.738604816109,9850.563785433664,4601.11370889135,7938.09489939314,3761.9004198005064,1863.1967217329156,25334.0,73058.0,34.7,True
2026-06-23 04:13:37.860083+02:00,0.0,15565.702285265113,3737.1948888668835,8337.302735220392,4846.027139824053,5058.466079732257,4083.009423937286,2085.622023842498,25472.0,69185.0,36.8,True
2026-06-23 05:13:37.860083+02:00,0.0,13184.416694222167,5105.052736430633,9352.714095349816,7045.41094279955,4639.976423689405,4498.231307706492,1859.2699600558522,24647.0,70332.0,35.0,True
2026-06-23 06:13:37.860083+02:00,0.0,4962.7156962749505,3488.098586616159,7924.6257585155245,4342.35894917709,5787.140117243633,4444.470002796519,1996.9690871132027,14892.0,47838.0,31.1,True
2026-06-23 07:13:37.860083+02:00,3830.0,13058.265308494209,5720.883352585546,8467.730202018494,5917.402342324525,5038.528186489493,4176.696898729479,1775.357326032096,28561.0,76546.0,37.3,True
2026-06-23 08:13:37.860083+02:00,8510.0,13471.904444658436,4566.953604927653,10329.981765127846,5056.345027071668,5948.287209439729,4299.821820362517,1515.958205423086,32365.0,86064.0,37.6,True
2026-06-23 09:13:37.860083+02:00,11998.0,18168.305123870294,3121.5169186359863,9250.636668043006,4771.971641550953,6687.763848561769,4635.848395761279,2236.8658303843285,40161.0,101032.0,39.8,True
2026-06-23 10:13:37.860083+02:00,13657.0,11509.001626944751,7665.102935330256,7661.45112333475,8449.95368657971,6995.302900529223,3925.0168544145695,1698.43995588694,38455.0,100016.0,38.4,True
2026-06-23 11:13:37.860083+02:00,18767.0,23393.37336686283,6857.86402706443,10704.7250918523,2837.9873814269454,6814.730721621681,3442.2899982348968,2081.9757404474053,54543.0,129443.0,42.1,True
2026-06-23 12:13:37.860083+02:00,18426.0,5441.797246741215,3790.1864721436505,3270.2892544169754,6933.697753156167,5694.36794521432,4650.564926089286,2205.230110951039,34514.0,84926.0,40.6,True
2026-06-23 13:13:37.860083+02:00,20239.0,21555.837489013124,5995.576618835555,12104.14662284387,5984.609848234958,6049.591827661586,3735.110873984641,1706.5936421984593,53232.0,130602.0,40.8,True
2026-06-23 14:13:37.860083+02:00,21573.0,13878.405145609477,6074.824005640761,4588.081810218529,4280.712508052324,6407.879050897491,3654.8309383280475,1398.0571828135076,46579.0,108435.0,43.0,True
2026-06-23 15:13:37.860083+02:00,17100.0,19297.92436171778,6284.602470022352,6745.814350455408,7443.977776162418,4242.212576057927,3101.9011223327243,3213.0428069265263,48997.0,116426.0,42.1,True
2026-06-23 16:13:37.860083+02:00,13106.0,15399.007420293665,1611.4882080098446,7918.164929609862,2227.834831417195,6570.58470011986,4285.641526582148,1736.114062027287,36138.0,88993.0,40.6,True
2026-06-23 17:13:37.860083+02:00,12184.0,20697.777680127347,7013.213082065256,7707.038658543677,4217.3500140513925,4542.700712416168,3189.2736877238895,2311.708579300579,45396.0,107259.0,42.3,True
2026-06-23 18:13:37.860083+02:00,9779.0,13063.190177235943,3860.602074148537,10012.822080053109,3187.2766935963855,8040.34659890649,3624.870596154132,2969.731774785062,33297.0,87835.0,37.9,True
2026-06-23 19:13:37.860083+02:00,6409.0,9506.897874110939,4284.344133117466,5884.326762779531,5618.12519730719,5595.4849153583045,4294.118397257529,2394.9538734269468,26889.0,70876.0,37.9,True
2026-06-23 20:13:37.860083+02:00,0.0,22102.521436355317,10275.7635045204,8521.533634966127,3330.4038482192336,5815.124822805409,4360.960626204186,1849.7785955862241,38589.0,94845.0,40.7,True
2026-06-23 21:13:37.860083+02:00,0.0,14432.596770589294,5603.746761442024,6843.575803560492,5649.595920111979,5230.292900762144,3674.147925890883,1966.4418062324444,25677.0,69077.0,37.2,True
2026-06-23 22:13:37.860083+02:00,0.0,16107.792368121052,4227.3550491056485,8590.281958674834,4720.345376267669,5370.02996814431,3932.923336503797,1583.6963901305758,25852.0,70384.0,36.7,True
2026-06-23 23:13:37.860083+02:00,0.0,21173.759570223978,589.4112544881882,7870.455480404247,4280.9690860158735,8274.093569143239,3563.7027367969235,2440.848213478871,27768.0,75961.0,36.6,True
2026-06-24 00:13:37.860083+02:00,0.0,9840.223789527827,7779.528267892711,8185.871305365956,5582.970869049966,6940.369688623297,3725.8016060944087,2283.135354029344,23629.0,67967.0,34.8,True
2026-06-24 01:13:37.860083+02:00,0.0,17977.454488196287,2309.580658382795,6900.150335071308,4597.067564092904,4450.797554852162,4133.1076300764535,1742.7870908691284,26163.0,68274.0,38.3,True
2026-06-24 02:13:37.860083+02:00,0.0,12050.526217685545,2993.1221930009933,6979.872099807835,3367.047735411442,7504.21290068523,3749.1766606017713,1478.9125964507778,20272.0,58395.0,34.7,True
2026-06-24 03:13:37.860083+02:00,0.0,14339.15322177814,4337.295401824302,8574.545028054854,9202.059484452468,7193.2422751414315,3877.8924799121655,1339.3831311681543,23894.0,72758.0,32.8,True
2026-06-24 04:13:37.860083+02:00,0.0,15361.394826921445,7832.8235834005845,9887.431011512088,4269.249225456283,5718.787537711712,3267.6466591912167,2493.2570019021005,28955.0,77786.0,37.2,True
2026-06-24 05:13:37.860083+02:00,0.0,7498.89069276532,6546.4799733315185,6803.441331604305,1673.586379771978,6306.696942029837,4566.478082403069,2060.1865644777804,20672.0,56128.0,36.8,True
2026-06-24 06:13:37.860083+02:00,308.0,11105.814785897826,4684.32498031948,6262.464910854181,3736.851965417917,5985.055920578926,4255.033296585533,2107.4922681663757,22461.0,60906.0,36.9,True
2026-06-24 07:13:37.860083+02:00,4059.0,21755.364462065696,5616.5841272776415,9226.920331343674,3099.0849674409046,7972.579904446932,4396.452685918601,1588.5256870688213,37416.0,95131.0,39.3,True
2026-06-24 08:13:37.860083+02:00,8947.0,19430.955942923978,3799.2286142577886,7934.992213884621,6239.218424060773,5203.70981100791,4645.212662308431,1268.248448347797,38091.0,95560.0,39.9,True
2026-06-24 09:13:37.860083+02:00,12127.0,14686.802113363825,5279.3073791307015,9660.996267971905,5482.4789893873785,6146.010609775727,3587.393562227142,2481.306787355816,38162.0,97613.0,39.1,True
2026-06-24 10:13:37.860083+02:00,16258.0,16215.617292564466,5146.673489556273,6188.405573257705,5598.069202685516,5571.854669007195,3820.8027584859883,2021.0195184986153,43462.0,104282.0,41.7,True
2026-06-24 11:13:37.860083+02:00,17650.0,13528.787471817712,6937.539791362707,4441.122149153138,4444.966301244133,4566.959595382146,3052.5828162088947,2453.61733002881,43623.0,100699.0,43.3,True
2026-06-24 12:13:37.860083+02:00,19876.0,21782.91692913991,6934.356244877899,6933.991836347332,4580.974629414618,8191.638255054987,5570.211455051119,1807.0334367422179,55971.0,131648.0,42.5,True
2026-06-24 13:13:37.860083+02:00,19971.0,13998.23711102918,5987.95476441129,6467.294781469968,4443.603344588498,4818.433420897588,3925.207342341312,1881.5910784815708,45764.0,107257.0,42.7,True
2026-06-24 14:13:37.860083+02:00,20625.0,16159.21046067424,4275.304884907795,7842.4231998394,4878.210223796796,6220.129187487776,4519.3639499574565,2356.649088310316,47936.0,114812.0,41.8,True
2026-06-24 15:13:37.860083+02:00,17968.0,20730.150720710324,6483.644588780253,6726.309571459221,6253.000153047253,4259.299393619664,3380.9194278322707,2366.1740398252623,50929.0,119096.0,42.8,True
2026-06-24 16:13:37.860083+02:00,13864.0,11113.142575770467,4816.063067593906,9482.033902672898,5504.1131187580195,5600.929460756906,4498.194212821505,2398.782811342977,36690.0,93967.0,39.0,True
2026-06-24 17:13:37.860083+02:00,13732.0,22793.94592248447,2836.171262573734,7423.699475154967,5750.1692444313,6421.968821433457,4928.7954383248325,1852.3993734486519,46143.0,111882.0,41.2,True
2026-06-24 18:13:37.860083+02:00,7772.0,7347.692951283116,4193.424416178123,8300.948997547803,5749.338362373805,5175.266020497637,3969.8596254860095,2307.273618825434,25590.0,70406.0,36.3,True
2026-06-24 19:13:37.860083+02:00,3797.0,23148.21065556399,5169.053967568649,8315.269116881887,6326.6636560726065,6586.8018507356555,3494.559251705199,2554.549732738359,38163.0,97555.0,39.1,True
2026-06-24 20:13:37.860083+02:00,0.0,13136.622080240128,6820.4315673294905,8389.910184824375,5432.225062310382,5730.9589081119175,3930.601799527232,1947.6139941592328,25835.0,71223.0,36.3,True
2026-06-24 21:13:37.860083+02:00,0.0,13786.506260873592,4632.943655685694,7951.741779090054,5538.272109018379,7160.082512398613,2886.619237521387,1743.2558181129732,23049.0,66748.0,34.5,True
2026-06-24 22:13:37.860083+02:00,0.0,5549.949144085285,2581.6025775207877,9021.201380820627,6783.209361789735,7361.760913340224,3981.056649489079,2671.373801658383,14784.0,52734.0,28.0,True
2026-06-24 23:13:37.860083+02:00,0.0,12726.026413111536,5113.4833665936385,6408.6897323483845,4002.431122995332,5413.255239269988,4410.483569656498,1672.7771332243465,23923.0,63670.0,37.6,True
2026-06-25 00:13:37.860083+02:00,0.0,9800.967344865578,5226.912080113105,10798.835853307766,3716.3861300727394,6076.732859392957,3982.121177813243,2314.7382485572384,21325.0,63242.0,33.7,True
2026-06-25 01:13:37.860083+02:00,0.0,11961.768273132637,5371.675257805506,7526.925233262929,3221.117601219716,6183.454226472233,3857.9302226555164,1970.7888447400694,23162.0,63256.0,36.6,True
2026-06-25 02:13:37.860083+02:00,0.0,14313.445171055602,6839.74303190886,5376.901724202637,5274.3718454303835,6619.349295434698,4263.784058056017,1079.2171917577198,26496.0,70263.0,37.7,True
2026-06-25 03:13:37.860083+02:00,0.0,19788.958072364527,7037.846480179796,8376.146713983546,2219.401638171315,6014.381996244266,4302.012423474776,2564.29703373929,33693.0,83996.0,40.1,True
2026-06-25 04:13:37.860083+02:00,0.0,16038.016757003128,3811.578255236667,6297.63903510503,5693.2311440895155,6190.210959342842,3170.047218747409,621.0731852263161,23641.0,65463.0,36.1,True
2026-06-25 05:13:37.860083+02:00,0.0,16538.38326700557,3767.713083902113,9330.66906901775,4836.210358249171,5756.59352520488,4044.4114811393943,1007.9359666211956,25358.0,70640.0,35.9,True
2026-06-25 06:13:37.860083+02:00,556.0,9522.403055772189,2919.6025780890536,12419.211152084756,6701.959549731585,6115.239866972019,5217.992562114621,2263.665039740336,20480.0,66196.0,30.9,True
2026-06-25 07:13:37.860083+02:00,4540.0,10596.22955198635,6397.631340560953,6426.855816884299,3992.1240343025142,7297.9401935351325,3332.491877175988,2263.5355993390576,27130.0,71977.0,37.7,True
2026-06-25 08:13:37.860083+02:00,8480.0,23993.62509175656,7897.640216675431,8664.74466644797,4695.02257187374,6646.083241211854,3957.2905835834667,1681.2100710612322,46010.0,112026.0,41.1,True
2026-06-25 09:13:37.860083+02:00,12319.0,11323.994826183767,4369.8361441821535,4488.988822590745,6683.304999940054,6701.255639443369,4970.873061025852,2073.9110451516226,35058.0,87989.0,39.8,True
2026-06-25 10:13:37.860083+02:00,15442.0,23281.041260286478,4517.138870550014,8907.810458882694,7074.703470167229,6723.070324135579,4552.087578271838,734.2849771109977,48527.0,119759.0,40.5,True
2026-06-25 11:13:37.860083+02:00,19153.0,13784.694005595667,7933.565113797952,6228.572400400621,3979.77145137227,5846.191222118964,3743.301659611969,2353.4877322352995,46968.0,109991.0,42.7,True
2026-06-25 12:13:37.860083+02:00,20092.0,15011.43968071752,6011.115706430015,6750.330763131035,5272.67184888074,6318.82704357953,4103.0676898113015,2124.8627435267986,47342.0,113026.0,41.9,True
2026-06-25 13:13:37.860083+02:00,17060.0,20351.82580114965,5872.47140960211,5797.427020320344,5441.628466526072,4914.826321664255,3998.9441600075884,1977.1785733331023,49260.0,114674.0,43.0,True
2026-06-25 14:13:37.860083+02:00,20154.0,21359.462109693282,2618.1669880525465,9464.30245210947,5560.480108431722,7268.807656316957,3625.9640978391662,2010.420741068886,49768.0,121830.0,40.9,True
2026-06-25 15:13:37.860083+02:00,18214.0,14445.937198604563,6357.456138558838,10014.608714946526,4606.136511026567,3217.0395676567796,3962.8739462534586,2246.6270880965158,45227.0,108292.0,41.8,True
2026-06-25 16:13:37.860083+02:00,15618.0,13058.784732392305,3141.7273189804837,8046.770429317015,6922.075097185452,5912.851607664575,3860.0169335967353,1985.5492382510695,37664.0,96210.0,39.1,True
2026-06-25 17:13:37.860083+02:00,12081.0,14720.397757388935,2731.9596281300837,6271.14658932856,2165.444774567682,7140.895977150274,4056.3744690383746,1062.9722486343899,34653.0,84883.0,40.8,True
2026-06-25 18:13:37.860083+02:00,9802.0,16689.78764116059,4306.456846466575,11179.046072207724,4368.3046477983735,4636.132066370658,3625.8084096544835,3098.166117261261,37522.0,95228.0,39.4,True
2026-06-25 19:13:37.860083+02:00,5398.0,19456.518434348778,3828.4145531026197,6499.179744490688,5671.89609915942,6399.779917616851,3361.6908998776694,2600.4004097142256,34645.0,87861.0,39.4,True
2026-06-25 20:13:37.860083+02:00,0.0,15021.149294970757,4556.800611229922,3675.935400145122,5685.837217924015,5319.233553420973,3979.3596133038145,1357.527669022586,24915.0,64511.0,38.6,True
2026-06-25 21:13:37.860083+02:00,0.0,18094.431490115767,2118.0367309501626,8916.778019914136,7029.138545922145,5631.196734811131,4857.55910908939,1827.4313847617047,26897.0,75372.0,35.7,True
2026-06-25 22:13:37.860083+02:00,0.0,23191.798661354704,6917.632612935345,5790.450652716967,6797.33808980193,6945.940960639437,4041.1014631313983,1881.9829049219795,36033.0,91599.0,39.3,True
2026-06-25 23:13:37.860083+02:00,0.0,16906.548061323923,7255.372589032858,9977.21758699835,4571.687562039165,6198.05692588515,3834.2031105342276,2539.4247832544816,30536.0,81819.0,37.3,True
2026-06-26 00:13:37.860083+02:00,0.0,16558.26428002389,1105.3150517183713,7237.7246066531625,6949.806865295906,3965.644132115637,4377.042902519249,920.365532340116,22961.0,64075.0,35.8,True
2026-06-26 01:13:37.860083+02:00,0.0,7405.445874549661,6956.9156113331,9207.426481088392,3928.9373843338176,5023.574460268402,3920.840193702311,1750.4958677851055,20034.0,58228.0,34.4,True
2026-06-26 02:13:37.860083+02:00,0.0,1846.3493158546826,3378.9427403567474,10803.000693104317,6396.331074187756,6975.335734888759,4934.016462479555,1119.681778331248,11279.0,46733.0,24.1,True
2026-06-26 03:13:37.860083+02:00,0.0,16941.878646150843,6713.9510739655725,5582.2822707585565,7715.78371763149,6448.942718192998,3998.0437453524605,1857.452242085831,29511.0,78769.0,37.5,True
2026-06-26 04:13:37.860083+02:00,0.0,14525.87884359564,4863.107014667169,6868.125738215189,6822.416160282453,7748.135572524285,4350.248531579082,1763.7495534575478,25503.0,72445.0,35.2,True
2026-06-26 05:13:37.860083+02:00,0.0,12426.086625426291,5057.551128161997,7848.657854685873,5158.655575286185,7682.647594013297,3622.6978088033634,2039.847033691356,23146.0,66982.0,34.6,True
2026-06-26 06:13:37.860083+02:00,0.0,16217.651020931724,4629.804701157563,11075.102638068687,4502.331842341817,5657.754869853208,4251.544626668331,1697.5628004954083,26797.0,74829.0,35.8,True
2026-06-26 07:13:37.860083+02:00,4882.0,14697.98135401546,7424.2584084669725,6683.23456411911,2707.1130556110706,8503.237805069488,4137.546738471877,1624.488304304738,32766.0,83426.0,39.3,True
2026-06-26 08:13:37.860083+02:00,9478.0,20638.901253169493,2520.8239749499435,6810.992608101986,5465.809456871306,6024.47966985191,3971.746937670396,2309.828345881574,38919.0,96140.0,40.5,True
2026-06-26 09:13:37.860083+02:00,13224.0,15430.55434129489,6215.680677470017,8956.281151111616,3327.174158043621,5037.331465590974,3749.1211194151397,2227.33637047129,40847.0,99014.0,41.3,True
2026-06-26 10:13:37.860083+02:00,16826.0,11265.383574649162,7202.660329779101,6845.542548578858,3810.2980045790946,5366.360134089423,3680.984917173813,2275.699171389121,41251.0,98524.0,41.9,True
2026-06-26 11:13:37.860083+02:00,18728.0,19950.831194796447,6432.680161080822,8305.051765795233,3213.8812988949926,3743.274894710581,4141.176331989826,1911.5499547545787,51164.0,117590.0,43.5,True
2026-06-26 12:13:37.860083+02:00,19850.0,13914.344625268988,9649.397828646835,4896.9251580637465,4309.411501015017,7607.019008249281,4314.469554848237,1714.1307088874053,49442.0,115698.0,42.7,True
2026-06-26 13:13:37.860083+02:00,21070.0,17632.683418361536,3942.1064745506023,12428.659885113193,4958.045878269527,7594.761989043864,3936.4186018529344,1940.5737589896146,48522.0,122025.0,39.8,True
2026-06-26 14:13:37.860083+02:00,19472.0,12612.946469035998,6914.609645187063,5304.581539381194,5410.421871748557,4984.492561186679,4143.633964560397,2250.5810350342263,45394.0,106487.0,42.6,True
2026-06-26 15:13:37.860083+02:00,17138.0,11750.865572512817,4787.8187293171595,7356.494592019583,4099.240046879055,5772.115711618094,3981.042660933615,911.6101495140758,38569.0,94366.0,40.9,True
2026-06-26 16:13:37.860083+02:00,15474.0,15420.841150928482,7466.812152705339,7935.037928315811,6603.925559592775,6095.607544112578,4049.263012452694,2197.055965185429,44608.0,109851.0,40.6,True
2026-06-26 17:13:37.860083+02:00,11725.0,15064.143217718425,4984.622008557261,11825.376268713591,4687.692113015051,5039.6469478578865,3899.7775086613874,2154.569093667399,37828.0,97209.0,38.9,True
2026-06-26 18:13:37.860083+02:00,8002.0,17399.135176834166,4224.248436275061,5350.30843813452,3818.416350101721,4244.897968728838,4008.986289684154,2031.0754530428635,35665.0,84744.0,42.1,True
2026-06-26 19:13:37.860083+02:00,4306.0,13656.771233451287,7612.144407743258,11967.408270957501,5339.438400865154,5789.642396223088,5349.020228408714,1925.3432890641625,32849.0,88795.0,37.0,True
2026-06-26 20:13:37.860083+02:00,0.0,5818.201081148014,4016.87612196214,9514.353642204045,7945.3292503157245,5678.920570540753,4155.817149403712,716.9403070337933,14708.0,52554.0,28.0,True
2026-06-26 21:13:37.860083+02:00,0.0,12836.130582058056,2174.5484821988875,8834.190648846492,5502.740849802677,5611.588759011225,4322.648479215522,1780.073368449797,21113.0,62175.0,34.0,True
2026-06-26 22:13:37.860083+02:00,0.0,18969.092335719077,3966.3062336523426,6030.7326259640895,4455.716558939589,6222.7160626009645,4219.011802664048,2894.7193555386866,30049.0,76807.0,39.1,True
2026-06-26 23:13:37.860083+02:00,0.0,13513.119603784467,6238.065893177065,9142.282484076148,2708.807965821944,7429.519658525992,3868.5915883514704,2006.4506477841528,25626.0,70533.0,36.3,True
2026-06-27 00:13:37.860083+02:00,0.0,13768.08298742726,7784.077503174183,6553.0267551604,4670.881518541894,5696.907280308274,4646.994606645834,1846.3550806626408,28046.0,73012.0,38.4,True
2026-06-27 01:13:37.860083+02:00,0.0,19931.882529529685,5222.258750593024,10533.322506396824,5352.392187632174,6170.4429987213625,3854.4181147868294,2008.4530977950562,31017.0,84090.0,36.9,True
2026-06-27 02:13:37.860083+02:00,0.0,11440.133863705387,7636.394134468051,6057.875941784534,4418.628663116645,6726.870523744936,4527.527274471276,2177.3864343140044,25781.0,68766.0,37.5,True
2026-06-27 03:13:37.860083+02:00,0.0,7285.983908785502,2283.650157044813,7773.683011087832,2501.9230426385006,6554.142926512749,3832.8965009667754,2329.4101223447324,15732.0,48294.0,32.6,True
2026-06-27 04:13:37.860083+02:00,0.0,14196.844402372528,4113.473070364194,6889.453823973657,3724.1519157448492,5385.576475552158,3520.0137404279794,1885.5599184210291,23716.0,63431.0,37.4,True
2026-06-27 05:13:37.860083+02:00,0.0,12579.130243756315,4422.849765691798,6024.954075146011,7181.807691331636,6096.377123114036,4182.698104118096,2212.459801196842,23397.0,66097.0,35.4,True
2026-06-27 06:13:37.860083+02:00,0.0,10168.76840123373,4770.881145054961,9482.639633815828,7151.001505595692,6547.539820169053,3447.665821948947,2838.32540138068,21226.0,65633.0,32.3,True
2026-06-27 07:13:37.860083+02:00,3511.0,14123.107720506547,5168.188776500393,9070.917494819267,3670.041246193103,4871.648662489222,4267.820112508305,2503.1253997163576,29573.0,76759.0,38.5,True
2026-06-27 08:13:37.860083+02:00,9507.0,17457.528236233917,6381.821914784386,10418.020397801994,6009.135180799133,7263.539010796509,3402.9206719543417,3170.15010792849,39919.0,103529.0,38.6,True
2026-06-27 09:13:37.860083+02:00,12276.0,14953.55719216092,4110.38632365902,4440.249783583666,3232.1408228447394,7431.588905214111,3840.4959847635732,1671.6148208241418,36852.0,88808.0,41.5,True
2026-06-27 10:13:37.860083+02:00,15372.0,16534.90536343119,5278.057373906251,10128.341404682087,7106.474422992429,5277.219744555507,3284.1351517376293,2838.0947537510074,43307.0,109126.0,39.7,True
2026-06-27 11:13:37.860083+02:00,16016.0,24067.038492577114,4909.754219351897,13010.897810713788,5367.8537718413545,6193.670018348169,5412.083504701364,1604.6631800387026,52010.0,128592.0,40.4,True
2026-06-27 12:13:37.860083+02:00,20134.0,13285.605692212179,3148.2201922177,7096.717821646106,6424.462247924801,6642.278256671032,3173.020220191843,2176.7830733702317,41918.0,103999.0,40.3,True
2026-06-27 13:13:37.860083+02:00,18761.0,16391.74317322335,4772.666621837129,11790.297224217938,2427.3599792261916,5454.385843671247,4004.9068701982023,2366.23826461905,46297.0,112266.0,41.2,True
2026-06-27 14:13:37.860083+02:00,19558.0,12453.933187004328,4712.680940205763,7473.677455880346,6016.455652887333,6481.613845688094,4571.652137165007,1744.6114040477637,43041.0,106054.0,40.6,True
2026-06-27 15:13:37.860083+02:00,18297.0,10768.201400565136,4669.838869993908,5255.180524877386,4988.4889044732445,6163.255626292165,4518.192954293512,2043.9821387371378,40297.0,97001.0,41.5,True
2026-06-27 16:13:37.860083+02:00,16997.0,12075.46173291115,5063.518913162901,7388.735115186409,6277.893606186264,4532.081822361199,4425.671061086568,2455.2305512259204,41017.0,100233.0,40.9,True
2026-06-27 17:13:37.860083+02:00,11161.0,12606.207142391557,5151.347081226772,10096.407935350551,6372.301697146775,6459.161315978558,3841.3858058892624,1644.864550844046,34405.0,91738.0,37.5,True
2026-06-27 18:13:37.860083+02:00,5658.0,16797.37898773563,4135.40964178534,6323.647035336937,5098.677034212124,4899.8575837289645,4675.544473168501,2834.6917297738237,34101.0,84524.0,40.3,True
2026-06-27 19:13:37.860083+02:00,4634.0,26745.378933503787,7545.429467942529,6799.322681987026,4098.755541356128,6939.202851662048,4456.695545401091,1307.7016876363255,44689.0,107215.0,41.7,True
2026-06-27 20:13:37.860083+02:00,1801.0,11419.782818620799,2661.0387415939667,9187.078864586381,6169.544273269242,5328.788924866111,4106.149808830239,2969.8457213641923,22958.0,66601.0,34.5,True
2026-06-27 21:13:37.860083+02:00,0.0,12916.873471922687,3558.0597830602073,8006.120233477146,4909.768250892308,5838.714566338855,4120.290378863296,2500.663067399796,23096.0,64946.0,35.6,True
2026-06-27 22:13:37.860083+02:00,0.0,14684.384934443759,10559.927248447111,9169.245904973483,3690.8225697085363,7372.278913446575,3848.0386761923137,1955.1372118361107,31047.0,82327.0,37.7,True
2026-06-27 23:13:37.860083+02:00,0.0,16978.994243548736,2924.0172900215402,8475.659081516671,3619.7716528134715,6496.3816465288455,3545.173987083481,1798.6658943816342,25247.0,69086.0,36.5,True
2026-06-28 00:13:37.860083+02:00,0.0,16317.754059773924,2292.490650580483,8959.250639103146,2784.2533755314275,4920.526080425455,4618.575487739358,1746.4858686044881,24975.0,66614.0,37.5,True
2026-06-28 01:13:37.860083+02:00,0.0,21420.478969740587,6468.9534900024355,7135.397628380918,4234.563260655405,4985.083429200917,4656.103996800766,1932.1021798714926,34478.0,85311.0,40.4,True
2026-06-28 02:13:37.860083+02:00,0.0,2868.039647323958,845.7602924522516,8463.461884060785,6654.038069111568,5400.697211376275,3557.9454294850393,1975.7520692255869,9247.0,39013.0,23.7,True
2026-06-28 03:13:37.860083+02:00,0.0,3065.350649021637,4529.452180055122,6145.253988608132,5266.744699558151,6394.644083356666,3923.1074174269042,2627.613123317291,14146.0,46098.0,30.7,True
2026-06-28 04:13:37.860083+02:00,0.0,12520.609139949254,9291.649850152977,10576.867245006777,4205.348441115439,6358.299814932768,3928.2883917705353,2984.327050192292,28725.0,78590.0,36.6,True
2026-06-28 05:13:37.860083+02:00,0.0,20486.50093771854,1910.128155693199,6731.450566365373,6207.283907270119,5156.897695337131,3983.672048129845,2099.689960327004,28480.0,75056.0,37.9,True
2026-06-28 06:13:37.860083+02:00,392.0,7171.759841972019,1036.0710285225732,10257.694975098779,3751.2850674149167,4832.790514385641,4032.1474392937907,1577.185756005298,14209.0,47260.0,30.1,True
2026-06-28 07:13:37.860083+02:00,3941.0,0.0,2001.6375960846035,7532.786078034269,5143.025411499168,6281.583405085834,4473.43073082309,1727.136979681903,12143.0,43244.0,28.1,True
2026-06-28 08:13:37.860083+02:00,8652.0,17855.897031096043,6796.719136693971,8403.998021514642,4730.554440911727,5818.139934209838,3626.391345756628,1908.4546076943577,38839.0,96631.0,40.2,True
2026-06-28 09:13:37.860083+02:00,10701.0,16218.286118513572,7249.553439971625,7010.070898218599,6168.695938382529,8157.215887447737,3576.82650424367,1484.9389473516121,39231.0,99798.0,39.3,True
2026-06-28 10:13:37.860083+02:00,14942.0,9548.95796600285,3974.8224060429825,5968.009137663942,2634.157443620749,6036.603656563079,4618.309871071488,1410.5292989463105,34495.0,83628.0,41.2,True
2026-06-28 11:13:37.860083+02:00,17610.0,10072.30199639535,6366.424808002138,4510.4792247893965,3724.7033812780164,7814.252827700275,3768.6776290593507,3048.5636061865134,40866.0,97781.0,41.8,True
2026-06-28 12:13:37.860083+02:00,18974.0,10151.281401826629,7780.510655023979,5889.3516828150805,2542.6315113581995,4829.61640189566,3368.482323211467,2151.306762973127,42426.0,98113.0,43.2,True
2026-06-28 13:13:37.860083+02:00,20152.0,15552.6765873697,8574.69282885965,7352.182293568157,4610.604917286095,4426.787060438293,3757.435028950065,1583.4334331598266,49620.0,115630.0,42.9,True
2026-06-28 14:13:37.860083+02:00,18676.0,11868.423619084966,4507.329437640304,8423.758357657769,6817.141255448646,4879.914867474466,3834.973632378,2408.3017851788563,41295.0,102711.0,40.2,True
2026-06-28 15:13:37.860083+02:00,19140.0,17470.319594877597,397.0565646600262,10020.758626566527,4241.829185519709,7189.129781453466,4777.481363862882,1410.8269375965772,43196.0,107843.0,40.1,True
2026-06-28 16:13:37.860083+02:00,15637.0,726.866685478044,3358.2421551806265,7108.485080406303,4233.974092706524,7756.101589693534,4462.413106188369,1451.9939760644734,25637.0,70372.0,36.4,True
2026-06-28 17:13:37.860083+02:00,12460.0,10715.740674361004,4146.391610129484,6236.078471465652,6307.586636276204,5217.8205460473655,4573.760308316121,1598.4787994678775,33494.0,84750.0,39.5,True
2026-06-28 18:13:37.860083+02:00,8350.0,9369.730195444748,4482.122406843218,5114.570427994575,6602.82433768295,5539.433970240442,4409.986821173393,2827.2566404325166,29439.0,76135.0,38.7,True
2026-06-28 19:13:37.860083+02:00,4606.0,13718.29660813754,4624.281197982561,8960.127235808208,4867.143399096815,4831.0190897875,4473.121835807657,1873.559967110813,29295.0,77249.0,37.9,True
2026-06-28 20:13:37.860083+02:00,825.0,12309.761207549307,7237.789195861338,10766.389030658687,6027.072281074838,4188.3601528816125,3655.958936709841,779.1465065487566,24808.0,70597.0,35.1,True
2026-06-28 21:13:37.860083+02:00,0.0,18989.218899478834,7548.856853375162,10532.660535912577,3384.5681886830807,6718.41169777663,3900.6989223232576,2605.0329665877966,33044.0,86723.0,38.1,True
2026-06-28 22:13:37.860083+02:00,0.0,5703.316141699712,4656.652692150434,9419.865496294475,7066.961500888121,6223.020302962163,3505.0423434882255,1846.8093179188213,15712.0,54134.0,29.0,True
2026-06-28 23:13:37.860083+02:00,0.0,15227.45738165376,7196.969752103638,9277.086634535199,8223.059440905578,6010.487982673875,3894.7559847314833,1075.2959970607972,27394.0,78299.0,35.0,True
2026-06-29 00:13:37.860083+02:00,0.0,17791.682116058528,5715.322733262179,11395.247559418682,5781.823686783087,4599.94346283662,4342.05249546737,1841.658256018295,29691.0,81159.0,36.6,True
2026-06-29 01:13:37.860083+02:00,0.0,24283.237182809775,5129.011945725143,8664.16292283362,1873.5025679857995,7639.95668182866,4067.291642406123,2260.5019483024516,35740.0,89658.0,39.9,True
2026-06-29 02:13:37.860083+02:00,0.0,12591.170144532623,6813.088314219927,9292.259352048342,4162.654606403324,5496.643261950527,4655.740409480148,2202.0245832664846,26262.0,71476.0,36.7,True
2026-06-29 03:13:37.860083+02:00,0.0,16622.293021762584,5144.504096475832,7358.432276296002,5919.2379825039825,6533.626424816476,3429.2921038863906,2899.20748958241,28095.0,76002.0,37.0,True
2026-06-29 04:13:37.860083+02:00,0.0,5980.686037188176,9115.622354195524,5275.913258290485,4367.775504250456,4545.4385947552755,4250.11917534912,1573.6160687150348,20920.0,56029.0,37.3,True
2026-06-29 05:13:37.860083+02:00,0.0,3040.218978434881,2123.1776664108816,6632.302199000847,6908.297831375146,5809.474810379963,3375.8485990653407,2023.360060132486,10563.0,40476.0,26.1,True
2026-06-29 06:13:37.860083+02:00,851.0,19223.8718789085,3969.6582018159643,7981.681922930689,5882.235896653798,6291.374456238584,4047.0882345868213,1650.2153607107891,29742.0,79639.0,37.3,True
2026-06-29 07:13:37.860083+02:00,4313.0,14972.198531759646,4746.962206092099,8121.570745002606,3940.286748851305,6327.075218053307,4370.16671127824,1228.9035529063885,29631.0,77651.0,38.2,True
2026-06-29 08:13:37.860083+02:00,9068.0,20892.563448992114,5878.905380915981,11852.571709710786,5048.397216156879,6154.648543236625,3892.74871658789,2442.7636861529772,42175.0,107406.0,39.3,True
2026-06-29 09:13:37.860083+02:00,12367.0,8132.985555151255,7535.920974206178,8162.554335182137,3659.2501690413646,6494.522492048773,4275.563302043478,2231.63478457376,34543.0,87402.0,39.5,True
2026-06-29 10:13:37.860083+02:00,15902.0,17599.510697643764,4951.202865527686,10357.686888051288,4726.122682381338,4869.479543967039,3520.133832583533,2141.8392248494265,44115.0,108183.0,40.8,True
2026-06-29 11:13:37.860083+02:00,17437.0,24344.089202719268,2155.5407009875858,7129.845516847368,4168.110139351173,6197.37260543966,3168.1550109018085,2213.3950966293223,49318.0,116132.0,42.5,True
2026-06-29 12:13:37.860083+02:00,17060.0,17098.52804178633,6685.027792910008,7376.648228469532,6762.142700349557,6113.757683480278,4278.514811243902,1657.26357365579,46779.0,113811.0,41.1,True
2026-06-29 13:13:37.860083+02:00,19866.0,16382.907527955243,6509.917532283929,5341.984725553104,8174.018085246493,6231.672684195061,4872.0051170378665,1497.1524563409034,49128.0,118004.0,41.6,True
2026-06-29 14:13:37.860083+02:00,20921.0,15042.78040412175,1116.2826812411877,6515.343974246856,2853.217500146372,6072.345217319182,3501.9775299150538,2018.82368608468,42601.0,100643.0,42.3,True
2026-06-29 15:13:37.860083+02:00,18946.0,7145.592714370439,4992.391732658401,9053.962782727507,2115.175570685372,4726.7872260866025,4611.097090053398,2580.6057012058072,38276.0,92448.0,41.4,True
2026-06-29 16:13:37.860083+02:00,16602.0,21777.86467855174,1819.716338639404,8015.120360788266,4632.241367222921,4682.200247891026,4021.7117044082056,2804.0385677267736,47025.0,111380.0,42.2,True
2026-06-29 17:13:37.860083+02:00,13706.0,11945.71180097467,3670.6978049958752,9885.877239794467,2722.376451756976,3785.7318141154487,3332.154239153462,2397.7163534037163,35052.0,86498.0,40.5,True
2026-06-29 18:13:37.860083+02:00,8766.0,17522.416281915084,3194.3821460744,8362.5078966901,5069.3174055063755,6817.534509845298,3434.2473493239186,2014.587213384048,34932.0,90113.0,38.8,True
2026-06-29 19:13:37.860083+02:00,4648.0,7184.828467143732,6618.529396483971,7295.092536724516,6123.40417070889,6827.657509735199,4007.892386680325,2134.891964699968,24594.0,69434.0,35.4,True
2026-06-29 20:13:37.860083+02:00,0.0,9102.701677461098,5233.660348344368,12296.593727573918,7241.212845900238,6843.55029122212,3797.7688560379484,2005.7969296626857,20140.0,66661.0,30.2,True
2026-06-29 21:13:37.860083+02:00,0.0,22175.436996111177,2428.817998487945,7812.192862573906,5302.091838072922,6306.789962461452,3343.5435116208805,1487.028330150286,29435.0,78291.0,37.6,True
2026-06-29 22:13:37.860083+02:00,0.0,13263.488555210784,6760.131925914685,10326.001939410608,4710.267162725631,3866.880782281889,3152.9803593872975,2012.3236891052716,25189.0,69281.0,36.4,True
2026-06-29 23:13:37.860083+02:00,0.0,22266.37738021272,2132.3883521431712,7197.581586910645,2032.4226251403738,4973.289508214733,3576.640336036747,1332.5865912057534,29308.0,72819.0,40.2,True
2026-06-30 00:13:37.860083+02:00,0.0,14608.846704707412,5660.227580941887,9419.198958767132,5039.277723778698,6170.415417593112,4096.904504165559,1937.9613869484801,26304.0,73237.0,35.9,True
2026-06-30 01:13:37.860083+02:00,0.0,5790.511135210712,3371.978661416889,9856.031318303374,5106.930890824193,6135.518002791796,3996.799623698431,2818.0525552981594,15977.0,53053.0,30.1,True
2026-06-30 02:13:37.860083+02:00,0.0,19460.3379986586,4268.64583493896,8416.983941151162,5958.435221319118,5777.251786847979,3749.3810212499607,2411.4296113916757,29890.0,79932.0,37.4,True
2026-06-30 03:13:37.860083+02:00,0.0,12050.538411221962,6008.541496076768,3291.0341546067957,3937.267847706363,6368.9172029082465,4100.9435971457415,1538.4404078817352,23698.0,60994.0,38.9,True
2026-06-30 04:13:37.860083+02:00,0.0,18493.444067585217,6042.8987981190585,8036.504921712226,4347.421099646211,6011.651707685245,4520.013359931344,1963.7854651788584,31020.0,80436.0,38.6,True
2026-06-30 05:13:37.860083+02:00,0.0,15126.05433770041,7673.93814711192,10460.92009551995,2782.9966170437237,6120.770465551362,4197.063255217074,1582.811844122631,28580.0,76525.0,37.3,True
2026-06-30 06:13:37.860083+02:00,0.0,7284.408860285648,4835.492600657094,9054.96166605546,1563.060789673902,5360.934667167984,3939.3456643052095,1968.743115911395,18028.0,52035.0,34.6,True
2026-06-30 07:13:37.860083+02:00,3230.0,15821.473826852845,5612.901725926681,8891.677750458493,3337.254363804825,6982.010986121591,4464.036003330344,2520.5539082622818,31649.0,82509.0,38.4,True
2026-06-30 08:13:37.860083+02:00,8170.0,25981.115710763996,4124.525355191351,4555.486132084961,2644.511278620475,5569.228391319616,3520.0748488918525,2326.503969154952,44122.0,101013.0,43.7,True
2026-06-30 09:13:37.860083+02:00,12322.0,17464.932292572295,5363.979765245595,6559.089858649882,5505.068443130916,4669.350916979373,3887.540230222324,3242.072040372668,42281.0,101295.0,41.7,True
2026-06-30 10:13:37.860083+02:00,15183.0,14712.411234972684,5878.972096017023,8822.715262302878,4222.798914999714,5229.000987181272,3899.456032199816,2596.2387012537856,42270.0,102815.0,41.1,True
2026-06-30 11:13:37.860083+02:00,19472.0,20376.717009784486,4803.380305091248,8820.766553573783,4192.644304887816,5651.53380863802,3381.5233707785774,2102.000190538846,50136.0,118937.0,42.2,True
2026-06-30 12:13:37.860083+02:00,19825.0,16053.342326015554,1392.4990318150076,10429.333560265804,3523.380430737182,6994.002788368847,3790.062918857821,2338.574987066647,43399.0,107745.0,40.3,True
2026-06-30 13:13:37.860083+02:00,20300.0,16047.67115131397,5662.941792661791,7710.266489707811,151.1518512313496,5957.732001565207,2962.5201595523486,1898.778412908332,46872.0,107563.0,43.6,True
2026-06-30 14:13:37.860083+02:00,20121.0,9541.874139204487,5729.122954710914,8811.648173347628,7262.466123121326,5813.851781034351,4956.089023831477,1436.2478764567518,41784.0,105456.0,39.6,True
2026-06-30 15:13:37.860083+02:00,16881.0,16169.240128947991,3639.6530473040984,8032.748483862588,3499.5942158348175,4751.336575237373,3531.2931057818437,2652.88828914376,42874.0,102032.0,42.0,True
2026-06-30 16:13:37.860083+02:00,16676.0,20177.217082084724,2431.2259278549714,6026.1145269968865,4381.36989522514,6785.482589829577,4793.057065710656,2504.4957384658237,46582.0,110357.0,42.2,True
2026-06-30 17:13:37.860083+02:00,12394.0,10819.689239499876,7951.758301007931,3488.417337810505,2817.6617520660343,5348.047845976615,4019.0422528597464,1879.4728927030178,37064.0,85782.0,43.2,True
2026-06-30 18:13:37.860083+02:00,9348.0,22122.47910623474,5982.891021788804,8862.019384260153,6457.895515160951,5899.972141058664,4282.4320660779795,2136.967868465669,43873.0,108966.0,40.3,True
2026-06-30 19:13:37.860083+02:00,3379.0,14541.46987927437,4541.837938156581,8347.894416825622,5215.143405555987,7480.1830768818645,3755.6001008245344,2620.469593692403,28838.0,78720.0,36.6,True
2026-06-30 20:13:37.860083+02:00,0.0,10561.152442307297,2725.9342337050252,6763.649915799662,3760.452072101197,6508.763331049305,4103.964845980837,2423.17571310301,19814.0,56661.0,35.0,True
2026-06-30 21:13:37.860083+02:00,0.0,19988.160384601222,3356.3703431573085,4761.65388696827,4411.655582983964,4371.745952284826,4325.244819994218,1268.4493743751505,28938.0,71421.0,40.5,True
2026-06-30 22:13:37.860083+02:00,0.0,13566.028821308653,7605.180793572463,9259.479028817475,7517.269883187306,4230.489763647528,4332.276207197091,2121.8100107449122,27625.0,76258.0,36.2,True
2026-06-30 23:13:37.860083+02:00,0.0,18797.57443743054,5275.3238817360925,7468.159851608896,4890.545852178083,5935.689549880754,4387.3866950371785,1916.184237255818,30376.0,79047.0,38.4,True
2026-07-01 00:13:37.860083+02:00,0.0,13541.206838707314,3898.825865998587,9113.749444736291,4727.3996935761415,4787.259385125195,3815.833644980412,2556.5003495693404,23812.0,66253.0,35.9,True
2026-07-01 01:13:37.860083+02:00,0.0,14700.86928235048,6019.378462449313,11728.097060823517,3587.9277707911024,6648.546747632998,3759.8201637543225,2515.5213693913306,26996.0,75956.0,35.5,True
2026-07-01 02:13:37.860083+02:00,0.0,17467.801021671457,3371.2036251073523,3717.13823936059,2158.1282742915455,6042.263064964979,3202.911837366198,2659.3039140890223,26701.0,65320.0,40.9,True
2026-07-01 03:13:37.860083+02:00,0.0,16454.48528795003,8001.686060560756,6600.798382595272,4759.941989630984,6165.384769023863,4261.609505588468,1441.0528306398962,30159.0,77844.0,38.7,True
2026-07-01 04:13:37.860083+02:00,0.0,5022.341097741308,7705.601069793451,7581.248773376174,5488.227668486927,5293.256818357647,4541.1893556617215,1607.9442329718806,18877.0,56117.0,33.6,True
2026-07-01 05:13:37.860083+02:00,0.0,9393.78129952804,4066.8518575944468,10909.6523482933,6649.376696491505,7741.383655286706,4807.990839958965,2557.0412180677195,20826.0,66952.0,31.1,True
2026-07-01 06:13:37.860083+02:00,0.0,19647.049923954077,3742.659505938279,4727.193961587031,1627.255198250517,8842.593728010459,4152.586317290254,1704.1770923287772,29246.0,73690.0,39.7,True
2026-07-01 07:13:37.860083+02:00,5054.0,14339.317055492264,0.0,11871.722051361208,3312.3555094654566,5721.415276243285,3616.7601135457153,1239.2835095428463,24249.0,69404.0,34.9,True
2026-07-01 08:13:37.860083+02:00,8134.0,12381.34348614289,2036.8384568972638,8271.71180313258,4128.888364165325,6353.039248415001,3151.4519283552722,2266.2982438070326,27970.0,74694.0,37.4,True
2026-07-01 09:13:37.860083+02:00,12307.0,8207.12992371263,2321.0604500844875,7807.998676532284,4994.778727140198,6097.417343064312,4520.833366541675,1726.3907798670136,29082.0,77065.0,37.7,True
2026-07-01 10:13:37.860083+02:00,15678.0,9601.318393620757,5270.3806819747715,7603.880473562187,4782.449462707366,5740.313136558932,3101.861716611232,2894.8953851542,36546.0,91219.0,40.1,True
2026-07-01 11:13:37.860083+02:00,17017.0,4891.006800190264,4347.53259111728,7127.473935639942,4817.466971469095,5167.929532267203,3829.6979611281167,2148.0922769942317,32233.0,81579.0,39.5,True
2026-07-01 12:13:37.860083+02:00,20239.0,14493.596406492336,2309.329025169517,10096.233518538309,5612.1440878549165,4915.032012519523,3887.846586028177,2080.1296433208327,43010.0,106643.0,40.3,True
2026-07-01 13:13:37.860083+02:00,19487.0,12007.812097094766,4437.671915070885,5862.958491835123,3645.0603338313363,4864.402734474475,3965.27243107449,1815.3780541921215,41713.0,97799.0,42.7,True
2026-07-01 14:13:37.860083+02:00,19270.0,10167.060545073424,6010.674295294697,8690.828363287706,6401.212163350542,6405.240025549146,4017.90130001792,2795.4176669634858,42261.0,106019.0,39.9,True
2026-07-01 15:13:37.860083+02:00,17025.0,14659.382874160234,6055.6786998311745,7231.6366685860485,5650.178662549221,5480.325521796365,4069.0737781837875,2179.2772299449107,43988.0,106339.0,41.4,True
2026-07-01 16:13:37.860083+02:00,13074.0,16819.853154263692,1200.6594382822377,6475.733102971804,4520.251603807881,3421.7071498594696,2792.318368960735,1795.7502409218969,35683.0,85783.0,41.6,True
2026-07-01 17:13:37.860083+02:00,12279.0,25465.989661049724,4743.473039032338,13171.950351367792,7401.361987833373,6444.858220598322,4007.327954935063,1602.9581466972766,48099.0,123216.0,39.0,True
2026-07-01 18:13:37.860083+02:00,11090.0,7440.582902183932,2233.318446056779,8838.10146950692,7334.62405335765,5961.738717535844,2885.2122129440613,1963.263472717891,25612.0,73359.0,34.9,True
2026-07-01 19:13:37.860083+02:00,5235.0,20796.90521650261,6803.457394280547,9226.531089322289,6399.343032790713,7346.673001401146,4366.1090365454975,1511.1765814225973,38713.0,100398.0,38.6,True
2026-07-01 20:13:37.860083+02:00,0.0,19865.50780507536,6568.292832706997,10275.553561337325,472.1648441483112,6373.12239709101,3722.437422098194,2514.438720839472,32671.0,82463.0,39.6,True
2026-07-01 21:13:37.860083+02:00,0.0,11104.536303116498,3203.9455473510834,5157.3001093629055,7368.417639076963,4521.326403689703,2921.481637388325,1095.828972987883,18326.0,53699.0,34.1,True
2026-07-01 22:13:37.860083+02:00,0.0,16016.179772930154,3467.9095951992003,11504.583818244064,6192.137783707902,3770.323359270019,3592.897661307312,1930.2429858334647,25007.0,71481.0,35.0,True
2026-07-01 23:13:37.860083+02:00,0.0,12711.833753311923,4077.4658990033854,2982.0856430098484,8009.612956569405,5280.527615662063,3714.962330407673,2305.066772543967,22809.0,61891.0,36.9,True
2026-07-02 00:13:37.860083+02:00,0.0,15928.442902093695,494.4132105373219,6462.467179922959,6856.1968876003075,5374.892579306347,4595.349808777502,2171.0597100548284,23189.0,65072.0,35.6,True
2026-07-02 01:13:37.860083+02:00,0.0,22545.65506702275,5671.936346881153,7081.936653642199,7367.514016245928,6943.159201000167,4098.318870875122,1641.3585134921655,33957.0,89307.0,38.0,True
2026-07-02 02:13:37.860083+02:00,0.0,18028.031163156564,4454.310907319738,9163.446729941012,6317.982275270569,5991.129067710426,4172.22247217529,2330.1293533532744,28985.0,79442.0,36.5,True
2026-07-02 03:13:37.860083+02:00,0.0,17543.04186616721,6940.350165135718,8437.436532282976,7023.039797968268,7133.688498098509,4590.610817110301,1556.980305807046,30631.0,83856.0,36.5,True
2026-07-02 04:13:37.860083+02:00,0.0,12848.453400226788,2803.1815640748946,7666.370518603214,7991.1856111016605,4675.166944297365,3951.927856037755,1988.8076717515949,21592.0,63517.0,34.0,True
2026-07-02 05:13:37.860083+02:00,0.0,7579.716675378324,3761.754103500137,7976.005310744552,5324.832107567308,6965.264384380448,4377.093980516202,2325.920785990178,18044.0,56355.0,32.0,True
2026-07-02 06:13:37.860083+02:00,673.0,13957.658947297961,1986.9494839217696,6043.953952954864,2641.6541838828057,6720.989153430919,4341.9305569659955,2231.4563897465564,23191.0,61789.0,37.5,True
2026-07-02 07:13:37.860083+02:00,5042.0,21033.040774319576,2991.418873011494,5005.5352110316535,4538.808649977287,3981.7658885688033,3356.765253215294,1662.480494290266,34086.0,81698.0,41.7,True
2026-07-02 08:13:37.860083+02:00,8324.0,7364.160717051762,2636.036007863562,9453.02324467212,5584.918399075155,7322.617841260772,4736.491788814915,2598.7472582821815,25659.0,73679.0,34.8,True
2026-07-02 09:13:37.860083+02:00,11896.0,9724.553159116524,6991.947357692891,9387.41222507237,5112.331376557337,6093.458491766352,3289.8491099646526,2043.347285742767,33946.0,88485.0,38.4,True
2026-07-02 10:13:37.860083+02:00,15738.0,15631.33868117034,3603.4763024972153,11168.988750314118,3130.1570507608603,6392.044503868506,4458.683324738924,2371.4977054695755,41803.0,104297.0,40.1,True
2026-07-02 11:13:37.860083+02:00,19568.0,10076.726075763687,5248.351369489227,6419.965806369584,2553.3985622075315,5135.103887571578,3241.4634815471836,2764.5505033366235,40899.0,95907.0,42.6,True
2026-07-02 12:13:37.860083+02:00,18259.0,11037.382764423937,4238.473192276391,9385.630420601845,3888.255997047756,7275.247012921973,4300.6183940758365,2558.7602743873035,40394.0,101337.0,39.9,True
2026-07-02 13:13:37.860083+02:00,18532.0,12882.007091359115,2461.069467974374,7432.586543270537,6211.6093339762265,4814.14767076113,4930.957439075086,2560.0647031655217,41366.0,101190.0,40.9,True
2026-07-02 14:13:37.860083+02:00,19663.0,8171.9129790492525,4663.399153656715,10380.949970386964,7370.509656234454,6832.092018373946,3893.5106717248946,2096.3399649247363,38488.0,101560.0,37.9,True
2026-07-02 15:13:37.860083+02:00,18070.0,10129.390768918158,6198.206663727189,10043.925553356283,6374.851420666551,6820.607475908671,3871.8221785734268,2396.967560455255,40666.0,104572.0,38.9,True
2026-07-02 16:13:37.860083+02:00,15810.0,18517.139583936543,2584.4812149132954,8422.418798448913,6586.140930671204,5025.832571827777,4305.219999658425,2106.798287282158,43324.0,106682.0,40.6,True
2026-07-02 17:13:37.860083+02:00,12714.0,8463.151088845181,6618.225581462757,7320.939686668027,4878.776640254663,7983.3735994225735,3835.3017720187286,1395.3377661107934,33026.0,86235.0,38.3,True
2026-07-02 18:13:37.860083+02:00,8454.0,7010.6393275258115,3300.5581570446075,9921.864357216524,2386.876313441054,6231.528480217519,4909.13935187141,2151.3718962525213,25826.0,70192.0,36.8,True
2026-07-02 19:13:37.860083+02:00,5940.0,11849.875102330529,4034.0321478543183,9293.809046513132,4317.1691286759415,6653.892610271024,4096.096124729348,2128.180491869233,28048.0,76361.0,36.7,True
2026-07-02 20:13:37.860083+02:00,0.0,18659.77751254923,6061.366246020096,6631.119195827635,4611.853382191432,4472.879204664245,3839.915245889637,2291.86468076091,30853.0,77422.0,39.9,True
2026-07-02 21:13:37.860083+02:00,0.0,14015.390960015553,3673.127685561024,5344.402653041138,4254.421269746476,8117.730003008564,3729.8572360521584,1936.0015123933024,23354.0,64425.0,36.2,True
2026-07-02 22:13:37.860083+02:00,0.0,12677.094609421909,5075.1497186717315,7422.934198636408,5082.04229806194,4775.443059774911,3533.5257649134896,1619.2722216180746,22905.0,63090.0,36.3,True
2026-07-02 23:13:37.860083+02:00,0.0,15221.793987578036,4370.618342423815,11030.827630696418,5662.129639839426,7024.88643276593,3686.122506621255,2328.2530415876136,25607.0,74932.0,34.2,True
2026-07-03 00:13:37.860083+02:00,0.0,6271.462835701739,5258.736013407637,10292.974317466076,6279.522782365246,5005.228282068305,3824.663303170702,1343.363856373876,16698.0,54974.0,30.4,True
2026-07-03 01:13:37.860083+02:00,0.0,17473.52826887516,238.52178895300585,5775.3450606588385,4582.820203450499,5381.011197152317,3756.18046325071,2729.4095679282345,24198.0,64135.0,37.7,True
2026-07-03 02:13:37.860083+02:00,0.0,16917.17515701822,1340.636369583834,5664.485168200157,2144.3608915331097,6788.754043885447,3670.912362931448,1884.2909693975039,23813.0,62224.0,38.3,True
2026-07-03 03:13:37.860083+02:00,0.0,12953.457629521394,6231.934012093676,10549.367699358972,4275.683421063298,7027.552713675157,5049.42061517622,2122.764086028084,26358.0,74568.0,35.3,True
2026-07-03 04:13:37.860083+02:00,0.0,20029.622558982082,7074.3628112981005,5728.728190484342,5065.565595487976,4728.715750885898,3484.952461755255,2279.279076640786,32868.0,81259.0,40.4,True
2026-07-03 05:13:37.860083+02:00,0.0,9362.519505234806,3179.0265929369575,9018.590647284016,6834.211883200112,7090.472169056994,4073.3162938230876,2295.3440224220953,18910.0,60763.0,31.1,True
2026-07-03 06:13:37.860083+02:00,0.0,20639.544966267844,4511.943295657731,6767.857569327352,4148.288236723842,7044.9804951331935,4296.260504880436,1295.5078500241325,30743.0,79447.0,38.7,True
2026-07-03 07:13:37.860083+02:00,4133.0,15772.468327976256,5589.438505804603,11234.089849043365,5768.815442599102,5062.046591155107,4315.053997791866,2412.043290272132,32222.0,86509.0,37.2,True
2026-07-03 08:13:37.860083+02:00,9959.0,13317.237050609134,6386.435203317408,6459.150401724242,5435.131849453149,7598.64759359111,3970.696462108764,2151.5769141881365,35785.0,91063.0,39.3,True
2026-07-03 09:13:37.860083+02:00,13027.0,14900.631823158443,944.6454566583025,10286.723060411656,5065.850799685083,4543.142371751962,3879.648714076345,1682.3693077206956,34434.0,88764.0,38.8,True
2026-07-03 10:13:37.860083+02:00,14525.0,14463.676170945291,3227.9195060432457,8369.71730812073,6395.799978986887,5375.227417222384,4225.773745619753,1625.166524527043,38068.0,96276.0,39.5,True
