date,hour,BE,DE,FR,NL,max_price,min_price,price_spread,cheapest,most_expensive
2026-02-05,23,94.3575,100.02625,77.1225,96.5475,100.02625,77.1225,22.9,FR,DE
2026-02-06,0,91.9425,98.62625,66.7825,95.2425,98.62625,66.7825,31.84,FR,DE
2026-02-06,1,86.2,97.94375,45.355,91.6225,97.94375,45.355,52.59,FR,DE
2026-02-06,2,81.62,97.22749999999999,25.125,88.94,97.22749999999999,25.125,72.1,FR,DE
2026-02-06,3,79.4075,98.94,13.555,88.315,98.94,13.555,85.38,FR,DE
2026-02-06,4,89.0075,102.30625,42.67,95.015,102.30625,42.67,59.64,FR,DE
2026-02-06,5,105.89,117.09375,66.57,104.435,117.09375,66.57,50.52,FR,DE
2026-02-06,6,133.325,140.56125,101.2225,131.66500000000002,140.56125,101.2225,39.34,FR,DE
2026-02-06,7,126.2175,148.84625,110.005,140.66,148.84625,110.005,38.84,FR,DE
2026-02-06,8,133.47500000000002,144.68375,96.9975,138.89249999999998,144.68375,96.9975,47.69,FR,DE
2026-02-06,9,128.775,140.06625,81.9975,135.1725,140.06625,81.9975,58.07,FR,DE
2026-02-06,10,121.6775,137.815,60.2025,129.58499999999998,137.815,60.2025,77.61,FR,DE
2026-02-06,11,119.9675,135.7175,54.980000000000004,123.0975,135.7175,54.980000000000004,80.74,FR,DE
2026-02-06,12,113.4575,133.81,34.725,122.87,133.81,34.725,99.08,FR,DE
2026-02-06,13,112.5,134.91625,31.695,122.58,134.91625,31.695,103.22,FR,DE
2026-02-06,14,116.345,137.18375,41.370000000000005,127.4425,137.18375,41.370000000000005,95.81,FR,DE
2026-02-06,15,115.9125,137.78125,52.567499999999995,125.685,137.78125,52.567499999999995,85.21,FR,DE
2026-02-06,16,126.2575,142.925,90.825,132.575,142.925,90.825,52.1,FR,DE
2026-02-06,17,127.77250000000001,138.75625,110.8,130.6775,138.75625,110.8,27.96,FR,DE
2026-02-06,18,124.4075,130.01749999999998,113.3775,125.5975,130.01749999999998,113.3775,16.64,FR,DE
2026-02-06,19,107.6,116.1425,91.0,110.1,116.1425,91.0,25.14,FR,DE
2026-02-06,20,101.5925,110.91125,81.06,105.1075,110.91125,81.06,29.85,FR,DE
2026-02-06,21,100.555,107.53375,84.74,103.33,107.53375,84.74,22.79,FR,DE
2026-02-06,22,98.97,101.87125,89.64,100.4125,101.87125,89.64,12.23,FR,DE
2026-02-06,23,96.345,101.76625,83.1225,98.61500000000001,101.76625,83.1225,18.64,FR,DE
2026-02-07,0,92.85,99.39875,74.435,96.545,99.39875,74.435,24.96,FR,DE
2026-02-07,1,87.4075,98.38625,59.56,92.985,98.38625,59.56,38.83,FR,DE
2026-02-07,2,82.4375,97.34,44.800000000000004,90.015,97.34,44.800000000000004,52.54,FR,DE
2026-02-07,3,79.32249999999999,97.615,35.21,88.3025,97.615,35.21,62.4,FR,DE
2026-02-07,4,82.4075,97.5175,45.25,89.6525,97.5175,45.25,52.27,FR,DE
2026-02-07,5,87.1525,99.495,61.120000000000005,91.6725,99.495,61.120000000000005,38.38,FR,DE
2026-02-07,6,97.4525,106.25625,76.1925,101.0825,106.25625,76.1925,30.06,FR,DE
2026-02-07,7,103.64,114.265,76.565,108.83,114.265,76.565,37.7,FR,DE
2026-02-07,8,105.7475,118.6525,74.0075,111.595,118.6525,74.0075,44.65,FR,DE
2026-02-07,9,94.9325,115.52625,55.379999999999995,101.935,115.52625,55.379999999999995,60.15,FR,DE
2026-02-07,10,85.2,107.46625,34.2575,96.1325,107.46625,34.2575,73.21,FR,DE
2026-02-07,11,81.3875,104.51625,31.7725,91.795,104.51625,31.7725,72.74,FR,DE
2026-02-07,12,74.9525,101.24125,14.7725,89.1275,101.24125,14.7725,86.47,FR,DE
2026-02-07,13,76.4075,103.62125,13.485,88.72749999999999,103.62125,13.485,90.14,FR,DE
2026-02-07,14,83.9175,111.27125,24.39,95.0,111.27125,24.39,86.88,FR,DE
2026-02-07,15,99.41499999999999,122.235,44.57,109.59,122.235,44.57,77.66,FR,DE
2026-02-07,16,119.3075,134.9625,80.97749999999999,126.7525,134.9625,80.97749999999999,53.99,FR,DE
2026-02-07,17,127.1425,135.215,105.5975,131.3125,135.215,105.5975,29.62,FR,DE
2026-02-07,18,121.0125,127.62125,104.1375,123.84,127.62125,104.1375,23.48,FR,DE
2026-02-07,19,106.0575,113.65625,86.8825,109.3725,113.65625,86.8825,26.77,FR,DE
2026-02-07,20,99.20750000000001,104.795,85.16,101.6525,104.795,85.16,19.64,FR,DE
2026-02-07,21,102.6075,103.335,98.5875,103.295,103.335,98.5875,4.75,FR,DE
2026-02-07,22,97.275,99.35374999999999,93.41,97.9975,99.35374999999999,93.41,5.94,FR,DE
2026-02-07,23,98.61500000000001,101.145,89.52,100.2225,101.145,89.52,11.62,FR,DE
2026-02-08,0,95.6125,96.855,86.4675,97.19,97.19,86.4675,10.72,FR,NL
2026-02-08,1,91.0975,95.66375,73.07000000000001,94.4,95.66375,73.07000000000001,22.59,FR,DE
2026-02-08,2,87.88,95.16125,64.2675,92.12,95.16125,64.2675,30.89,FR,DE
2026-02-08,3,85.93,94.09625,61.4375,90.46000000000001,94.09625,61.4375,32.66,FR,DE
2026-02-08,4,86.93,94.375,62.565000000000005,91.3825,94.375,62.565000000000005,31.81,FR,DE
2026-02-08,5,85.57,94.00125,59.035,89.85249999999999,94.00125,59.035,34.97,FR,DE
2026-02-08,6,91.275,95.1025,78.5025,93.33,95.1025,78.5025,16.6,FR,DE
2026-02-08,7,96.6375,99.515,86.4025,98.3175,99.515,86.4025,13.11,FR,DE
2026-02-08,8,95.295,101.85375,77.06,98.325,101.85375,77.06,24.79,FR,DE
2026-02-08,9,90.4175,101.06125,56.58,96.72,101.06125,56.58,44.48,FR,DE
2026-02-08,10,85.89750000000001,99.86625,48.275,93.4625,99.86625,48.275,51.59,FR,DE
2026-02-08,11,84.435,97.03125,51.05,91.17,97.03125,51.05,45.98,FR,DE
2026-02-08,12,83.05250000000001,95.32625,49.1025,89.955,95.32625,49.1025,46.22,FR,DE
2026-02-08,13,83.685,95.895,45.6475,90.92,95.895,45.6475,50.25,FR,DE
2026-02-08,14,92.8575,101.69125,63.6125,98.4825,101.69125,63.6125,38.08,FR,DE
2026-02-08,15,98.655,111.32124999999999,61.5825,104.78999999999999,111.32124999999999,61.5825,49.74,FR,DE
2026-02-08,16,116.515,125.9175,86.36,121.67750000000001,125.9175,86.36,39.56,FR,DE
2026-02-08,17,128.6025,130.49,121.6175,129.8075,130.49,121.6175,8.87,FR,DE
2026-02-08,18,126.905,125.955,126.905,126.9,126.905,125.955,0.95,DE,FR
2026-02-08,19,111.675,114.64,107.6875,112.2725,114.64,107.6875,6.95,FR,DE
2026-02-08,20,102.85,108.2625,90.2,105.3625,108.2625,90.2,18.06,FR,DE
2026-02-08,21,102.41,104.5825,95.27,103.8075,104.5825,95.27,9.31,FR,DE
2026-02-08,22,99.005,99.4125,96.4575,99.495,99.495,96.4575,3.04,FR,NL
2026-02-08,23,92.82,98.6225,81.46,94.74,98.6225,81.46,17.16,FR,DE
2026-02-09,0,90.98,98.225,78.0825,93.14750000000001,98.225,78.0825,20.14,FR,DE
2026-02-09,1,88.4,96.96571428571428,66.48,91.9975,96.96571428571428,66.48,30.49,FR,DE
2026-02-09,2,85.0125,97.1675,53.315,90.2475,97.1675,53.315,43.85,FR,DE
2026-02-09,3,85.02250000000001,99.435,50.0025,90.58500000000001,99.435,50.0025,49.43,FR,DE
2026-02-09,4,96.63,105.81875,71.9,99.905,105.81875,71.9,33.92,FR,DE
2026-02-09,5,121.5025,130.13625,90.005,126.69,130.13625,90.005,40.13,FR,DE
2026-02-09,6,145.5725,157.79874999999998,105.805,151.4975,157.79874999999998,105.805,51.99,FR,DE
2026-02-09,7,157.77249999999998,173.33,140.06,176.01,176.01,140.06,35.95,FR,NL
2026-02-09,8,158.2975,164.60500000000002,124.9975,163.4075,164.60500000000002,124.9975,39.61,FR,DE
2026-02-09,9,142.125,152.7475,94.5625,149.055,152.7475,94.5625,58.18,FR,DE
2026-02-09,10,130.915,142.94875000000002,88.785,137.0425,142.94875000000002,88.785,54.16,FR,DE
2026-02-09,11,125.44500000000001,136.58625,89.085,130.4375,136.58625,89.085,47.5,FR,DE
2026-02-09,12,119.4625,135.80375,68.8175,125.8075,135.80375,68.8175,66.99,FR,DE
2026-02-09,13,121.64,138.8375,70.115,128.595,138.8375,70.115,68.72,FR,DE
2026-02-09,14,129.4375,149.9525,68.0,138.3025,149.9525,68.0,81.95,FR,DE
2026-02-09,15,143.73999999999998,167.77625,65.41,155.1225,167.77625,65.41,102.37,FR,DE
2026-02-09,16,147.81,218.15333333333334,82.8575,202.9475,218.15333333333334,82.8575,135.3,FR,DE
2026-02-09,17,165.84,184.10500000000002,118.34,173.45,184.10500000000002,118.34,65.77,FR,DE
2026-02-09,18,153.3025,165.825,116.7475,159.14249999999998,165.825,116.7475,49.08,FR,DE
2026-02-09,19,130.7175,151.79125,91.395,137.0825,151.79125,91.395,60.4,FR,DE
2026-02-09,20,118.095,135.83125,68.6025,125.8725,135.83125,68.6025,67.23,FR,DE
2026-02-09,21,108.825,125.15125,67.07,115.605,125.15125,67.07,58.08,FR,DE
2026-02-09,22,95.335,111.60375,54.6025,101.655,111.60375,54.6025,57.0,FR,DE
2026-02-09,23,88.2675,105.27,38.9025,95.3375,105.27,38.9025,66.37,FR,DE
2026-02-10,0,86.74249999999999,103.51625,35.3525,94.58,103.51625,35.3525,68.16,FR,DE
2026-02-10,1,85.89,101.91625,33.1575,91.20750000000001,101.91625,33.1575,68.76,FR,DE
2026-02-10,2,82.5025,100.49875,14.4575,84.0,100.49875,14.4575,86.04,FR,DE
2026-02-10,3,82.295,100.49125,12.245000000000001,82.8075,100.49125,12.245000000000001,88.25,FR,DE
2026-02-10,4,92.26,103.86625000000001,37.36,85.0,103.86625000000001,37.36,66.51,FR,DE
2026-02-10,5,107.68,124.0025,67.84,110.3075,124.0025,67.84,56.16,FR,DE
2026-02-10,6,124.185,139.79125,90.17,127.72999999999999,139.79125,90.17,49.62,FR,DE
2026-02-10,7,133.81,148.25875,100.25999999999999,138.1175,148.25875,100.25999999999999,48.0,FR,DE
2026-02-10,8,126.5475,134.245,106.8625,128.785,134.245,106.8625,27.38,FR,DE
2026-02-10,9,118.525,130.50625,83.3425,123.4675,130.50625,83.3425,47.16,FR,DE
2026-02-10,10,109.8225,120.07875,76.8675,114.285,120.07875,76.8675,43.21,FR,DE
2026-02-10,11,100.89750000000001,110.90625,71.005,104.43,110.90625,71.005,39.9,FR,DE
2026-02-10,12,96.9325,111.11285714285714,53.3,102.75,111.11285714285714,53.3,57.81,FR,DE
2026-02-10,13,103.1875,118.7075,57.269999999999996,109.1175,118.7075,57.269999999999996,61.44,FR,DE
2026-02-10,14,112.55250000000001,130.40625,58.6425,119.64,130.40625,58.6425,71.76,FR,DE
2026-02-10,15,110.5025,135.425,49.7875,118.4225,135.425,49.7875,85.64,FR,DE
2026-02-10,16,119.2575,141.51375,66.0925,126.715,141.51375,66.0925,75.42,FR,DE
2026-02-10,17,121.8,138.1575,88.59,126.35249999999999,138.1575,88.59,49.57,FR,DE
2026-02-10,18,112.47749999999999,125.2825,83.995,116.0325,125.2825,83.995,41.29,FR,DE
2026-02-10,19,96.685,113.33624999999999,48.44,103.8,113.33624999999999,48.44,64.9,FR,DE
2026-02-10,20,86.4375,108.4325,19.43,96.5275,108.4325,19.43,89.0,FR,DE
2026-02-10,21,86.9625,106.76125,23.4125,96.61749999999999,106.76125,23.4125,83.35,FR,DE
2026-02-10,22,80.4925,100.1875,16.5375,90.285,100.1875,16.5375,83.65,FR,DE
2026-02-10,23,79.14750000000001,96.885,13.5425,87.17,96.885,13.5425,83.34,FR,DE
2026-02-11,0,79.15,97.80875,14.7325,87.2525,97.80875,14.7325,83.08,FR,DE
2026-02-11,1,76.6925,96.7,4.319999999999999,85.8,96.7,4.319999999999999,92.38,FR,DE
2026-02-11,2,72.08000000000001,95.37,-0.005,82.71000000000001,95.37,-0.005,95.38,FR,DE
2026-02-11,3,72.32333333333332,96.24571428571429,,83.0,96.24571428571429,72.32333333333332,23.92,BE,DE
2026-02-11,4,75.9725,99.33857142857143,0.0,87.31,99.33857142857143,0.0,99.34,FR,DE
2026-02-11,5,86.8075,109.75125,10.585,98.205,109.75125,10.585,99.17,FR,DE
2026-02-11,6,101.165,127.71125,16.6025,113.9025,127.71125,16.6025,111.11,FR,DE
2026-02-11,7,109.125,137.4825,25.8,121.65,137.4825,25.8,111.68,FR,DE
2026-02-11,8,113.2,134.51875,27.215,120.2625,134.51875,27.215,107.3,FR,DE
2026-02-11,9,103.0225,131.2275,13.1975,113.1325,131.2275,13.1975,118.03,FR,DE
2026-02-11,10,95.5025,126.42875000000001,0.985,109.50999999999999,126.42875000000001,0.985,125.44,FR,DE
2026-02-11,11,87.925,118.6375,0.01,100.7825,118.6375,0.01,118.63,FR,DE
2026-02-11,12,88.8475,115.50625,0.0,101.82,115.50625,0.0,115.51,FR,DE
2026-02-11,13,88.825,115.3175,0.02,101.78,115.3175,0.02,115.3,FR,DE
2026-02-11,14,91.39,116.80625,4.915,103.835,116.80625,4.915,111.89,FR,DE
2026-02-11,15,97.73750000000001,121.49375,18.5,109.1225,121.49375,18.5,102.99,FR,DE
2026-02-11,16,101.53999999999999,128.80124999999998,17.5975,113.9825,128.80124999999998,17.5975,111.2,FR,DE
2026-02-11,17,106.20750000000001,124.79875,45.1025,115.32249999999999,124.79875,45.1025,79.7,FR,DE
2026-02-11,18,98.85,111.54125,54.582499999999996,104.78,111.54125,54.582499999999996,56.96,FR,DE
2026-02-11,19,87.70750000000001,104.6625,26.25,96.12,104.6625,26.25,78.41,FR,DE
2026-02-11,20,81.8025,101.92125,8.605,93.1125,101.92125,8.605,93.32,FR,DE
2026-02-11,21,80.6525,98.83624999999999,11.9025,90.815,98.83624999999999,11.9025,86.93,FR,DE
2026-02-11,22,78.275,93.175,7.845,93.98,93.98,7.845,86.14,FR,NL
2026-02-11,23,75.1225,90.295,18.5225,88.07000000000001,90.295,18.5225,71.77,FR,DE
2026-02-12,0,73.295,88.565,11.815,87.5625,88.565,11.815,76.75,FR,DE
2026-02-12,1,71.5475,87.09875,8.942499999999999,86.3125,87.09875,8.942499999999999,78.16,FR,DE
2026-02-12,2,68.8425,86.30125,0.0,84.82,86.30125,0.0,86.3,FR,DE
2026-02-12,3,70.0575,87.025,0.0,85.92999999999999,87.025,0.0,87.02,FR,DE
2026-02-12,4,71.78999999999999,89.7625,0.0,89.3875,89.7625,0.0,89.76,FR,DE
2026-02-12,5,83.21000000000001,99.1025,10.7275,94.1575,99.1025,10.7275,88.38,FR,DE
2026-02-12,6,98.54249999999999,114.2275,29.06,106.3325,114.2275,29.06,85.17,FR,DE
2026-02-12,7,105.02,124.3025,48.3525,113.62,124.3025,48.3525,75.95,FR,DE
2026-02-12,8,107.1425,123.08125,41.265,112.41499999999999,123.08125,41.265,81.82,FR,DE
2026-02-12,9,103.95,118.75875,24.994999999999997,109.0025,118.75875,24.994999999999997,93.76,FR,DE
2026-02-12,10,95.6575,107.97625,20.72,101.61,107.97625,20.72,87.26,FR,DE
2026-02-12,11,88.91749999999999,102.60875,7.095,95.2175,102.60875,7.095,95.51,FR,DE
2026-02-12,12,85.9675,100.81375,0.013333333333333334,92.7175,100.81375,0.013333333333333334,100.8,FR,DE
2026-02-12,13,86.6825,102.19142857142857,0.0,94.0125,102.19142857142857,0.0,102.19,FR,DE
2026-02-12,14,86.92,107.0375,1.0433333333333332,95.05499999999999,107.0375,1.0433333333333332,105.99,FR,DE
2026-02-12,15,94.155,114.56875,4.905,100.685,114.56875,4.905,109.66,FR,DE
2026-02-12,16,102.5125,121.99375,20.1,111.74,121.99375,20.1,101.89,FR,DE
2026-02-12,17,107.6975,124.12375,27.61,115.64750000000001,124.12375,27.61,96.51,FR,DE
2026-02-12,18,101.48,116.24375,34.61,113.34,116.24375,34.61,81.63,FR,DE
2026-02-12,19,91.6325,106.915,35.00333333333333,100.17999999999999,106.915,35.00333333333333,71.91,FR,DE
2026-02-12,20,84.2475,99.3675,29.15,94.645,99.3675,29.15,70.22,FR,DE
2026-02-12,21,81.41,96.18875,21.666666666666668,94.3125,96.18875,21.666666666666668,74.52,FR,DE
2026-02-12,22,71.8575,90.02625,8.4925,85.0,90.02625,8.4925,81.53,FR,DE
2026-02-12,23,71.82249999999999,83.46,20.2225,87.3625,87.3625,20.2225,67.14,FR,NL
2026-02-13,0,68.315,83.19142857142857,12.4025,83.8075,83.8075,12.4025,71.4,FR,NL
2026-02-13,1,67.385,81.82000000000001,9.19,85.0275,85.0275,9.19,75.84,FR,NL
2026-02-13,2,66.2125,81.4525,6.1274999999999995,83.75999999999999,83.75999999999999,6.1274999999999995,77.63,FR,NL
2026-02-13,3,67.295,83.32625,7.375,83.515,83.515,7.375,76.14,FR,NL
2026-02-13,4,73.155,88.225,18.5275,87.325,88.225,18.5275,69.7,FR,DE
2026-02-13,5,86.33500000000001,98.3625,48.9925,91.81,98.3625,48.9925,49.37,FR,DE
2026-02-13,6,106.50999999999999,117.365,73.305,111.825,117.365,73.305,44.06,FR,DE
2026-02-13,7,116.2025,124.47625,93.3,119.845,124.47625,93.3,31.18,FR,DE
2026-02-13,8,114.36500000000001,119.64750000000001,99.8975,116.5475,119.64750000000001,99.8975,19.75,FR,DE
2026-02-13,9,101.49249999999999,109.2825,86.67999999999999,103.795,109.2825,86.67999999999999,22.6,FR,DE
2026-02-13,10,96.3475,103.83250000000001,78.7875,98.29249999999999,103.83250000000001,78.7875,25.05,FR,DE
2026-02-13,11,92.63250000000001,98.6275,78.4675,94.48666666666668,98.6275,78.4675,20.16,FR,DE
2026-02-13,12,90.3575,99.1425,68.4675,93.9225,99.1425,68.4675,30.67,FR,DE
2026-02-13,13,95.3125,102.62875,74.41749999999999,98.8825,102.62875,74.41749999999999,28.21,FR,DE
2026-02-13,14,107.4425,116.5975,69.9075,107.5375,116.5975,69.9075,46.69,FR,DE
2026-02-13,15,109.9325,127.4,62.47,117.8825,127.4,62.47,64.93,FR,DE
2026-02-13,16,116.195,137.3475,71.22749999999999,123.975,137.3475,71.22749999999999,66.12,FR,DE
2026-02-13,17,130.315,138.5525,113.1375,133.2725,138.5525,113.1375,25.42,FR,DE
2026-02-13,18,128.5025,130.39875,118.5675,130.2775,130.39875,118.5675,11.83,FR,DE
2026-02-13,19,114.05,123.33875,73.7275,117.395,123.33875,73.7275,49.61,FR,DE
2026-02-13,20,99.675,114.6675,31.02,98.9925,114.6675,31.02,83.65,FR,DE
2026-02-13,21,94.64500000000001,107.965,40.5425,96.7075,107.965,40.5425,67.42,FR,DE
2026-02-13,22,85.1325,100.0975,38.1375,93.0675,100.0975,38.1375,61.96,FR,DE
2026-02-13,23,80.765,97.76,34.3975,89.3925,97.76,34.3975,63.36,FR,DE
2026-02-14,0,72.9,93.6675,18.95,83.2575,93.6675,18.95,74.72,FR,DE
2026-02-14,1,68.38499999999999,90.43375,9.557500000000001,80.0,90.43375,9.557500000000001,80.88,FR,DE
2026-02-14,2,67.125,89.71875,6.26,79.39750000000001,89.71875,6.26,83.46,FR,DE
2026-02-14,3,64.9975,88.6525,1.4875,77.64,88.6525,1.4875,87.16,FR,DE
2026-02-14,4,66.17750000000001,89.75625,0.765,78.78,89.75625,0.765,88.99,FR,DE
2026-02-14,5,67.8225,91.5425,3.19,80.33500000000001,91.5425,3.19,88.35,FR,DE
2026-02-14,6,71.45,94.40875,9.155000000000001,81.9075,94.40875,9.155000000000001,85.25,FR,DE
2026-02-14,7,78.73,100.94,14.307500000000001,90.0425,100.94,14.307500000000001,86.63,FR,DE
2026-02-14,8,85.11500000000001,104.9875,23.365000000000002,96.31,104.9875,23.365000000000002,81.62,FR,DE
2026-02-14,9,79.725,103.56,12.2175,93.1575,103.56,12.2175,91.34,FR,DE
2026-02-14,10,75.27250000000001,97.96625,11.955,88.3325,97.96625,11.955,86.01,FR,DE
2026-02-14,11,74.025,95.93,15.2825,85.2475,95.93,15.2825,80.65,FR,DE
2026-02-14,12,71.58,95.34625,7.9275,84.21,95.34625,7.9275,87.42,FR,DE
2026-02-14,13,74.17750000000001,97.27125000000001,8.9775,87.28999999999999,97.27125000000001,8.9775,88.29,FR,DE
2026-02-14,14,80.79249999999999,104.57625,11.7175,93.2325,104.57625,11.7175,92.86,FR,DE
2026-02-14,15,89.11,115.4475,13.9625,102.505,115.4475,13.9625,101.48,FR,DE
2026-02-14,16,100.2525,127.10875,29.6725,112.9425,127.10875,29.6725,97.44,FR,DE
2026-02-14,17,122.55000000000001,133.61142857142858,98.1275,127.11749999999999,133.61142857142858,98.1275,35.48,FR,DE
2026-02-14,18,127.7675,129.86,125.63499999999999,128.215,129.86,125.63499999999999,4.23,FR,DE
2026-02-14,19,117.5325,121.90125,101.5675,120.275,121.90125,101.5675,20.33,FR,DE
2026-02-14,20,107.5675,114.78375,81.28,112.22749999999999,114.78375,81.28,33.5,FR,DE
2026-02-14,21,105.88499999999999,109.18375,91.0425,108.0875,109.18375,91.0425,18.14,FR,DE
2026-02-14,22,97.615,101.5475,88.0575,99.1075,101.5475,88.0575,13.49,FR,DE
2026-02-14,23,93.58,103.67625000000001,68.0,97.785,103.67625000000001,68.0,35.68,FR,DE
2026-02-15,0,89.3875,100.12125,55.82,94.8,100.12125,55.82,44.3,FR,DE
2026-02-15,1,81.675,99.26875,21.285,91.485,99.26875,21.285,77.98,FR,DE
2026-02-15,2,75.3025,96.96625,3.995,86.9975,96.96625,3.995,92.97,FR,DE
2026-02-15,3,76.275,95.64375,16.38,86.65,95.64375,16.38,79.26,FR,DE
2026-02-15,4,76.0075,94.73125,17.9825,85.91,94.73125,17.9825,76.75,FR,DE
2026-02-15,5,74.5125,94.3925,12.1725,84.6675,94.3925,12.1725,82.22,FR,DE
2026-02-15,6,74.8075,94.675,8.3925,85.815,94.675,8.3925,86.28,FR,DE
2026-02-15,7,77.355,94.86875,14.695,87.42750000000001,94.86875,14.695,80.17,FR,DE
2026-02-15,8,73.435,88.22125,14.29,82.845,88.22125,14.29,73.93,FR,DE
2026-02-15,9,65.54,80.53375,6.405,77.1725,80.53375,6.405,74.13,FR,DE
2026-02-15,10,56.815,71.41375,0.05,66.825,71.41375,0.05,71.36,FR,DE
2026-02-15,11,58.79,64.84875,31.957500000000003,63.61,64.84875,31.957500000000003,32.89,FR,DE
2026-02-15,12,53.1225,60.84625,17.73,59.57,60.84625,17.73,43.12,FR,DE
2026-02-15,13,54.0325,67.305,15.555,64.865,67.305,15.555,51.75,FR,DE
2026-02-15,14,57.33,79.945,0.43,71.9525,79.945,0.43,79.51,FR,DE
2026-02-15,15,68.14750000000001,88.3625,0.015,84.205,88.3625,0.015,88.35,FR,DE
2026-02-15,16,82.2025,101.0975,17.2,98.2975,101.0975,17.2,83.9,FR,DE
2026-02-15,17,81.87,102.65,11.5,102.265,102.65,11.5,91.15,FR,DE
2026-02-15,18,74.845,91.70625,11.0,100.1525,100.1525,11.0,89.15,FR,NL
2026-02-15,19,68.755,80.255,11.453333333333333,97.85,97.85,11.453333333333333,86.4,FR,NL
2026-02-15,20,66.7075,74.875,11.7575,98.3175,98.3175,11.7575,86.56,FR,NL
2026-02-15,21,62.7325,72.98,6.305,89.9,89.9,6.305,83.6,FR,NL
2026-02-15,22,55.6425,66.065,1.3,82.1725,82.1725,1.3,80.87,FR,NL
2026-02-15,23,65.75,70.50875,0.01,97.9,97.9,0.01,97.89,FR,NL
2026-02-16,0,60.17,67.35625,,91.07,91.07,60.17,30.9,BE,NL
2026-02-16,1,59.8825,64.9375,-0.0025,90.8525,90.8525,-0.0025,90.86,FR,NL
2026-02-16,2,56.5,64.375,-0.015,80.0,80.0,-0.015,80.02,FR,NL
2026-02-16,3,55.6325,66.01625,-0.005,75.0875,75.0875,-0.005,75.09,FR,NL
2026-02-16,4,57.325,71.2775,0.0,71.30499999999999,71.30499999999999,0.0,71.3,FR,NL
2026-02-16,5,68.0925,83.6925,14.0,79.655,83.6925,14.0,69.69,FR,DE
2026-02-16,6,78.85499999999999,97.3875,20.5875,86.6,97.3875,20.5875,76.8,FR,DE
2026-02-16,7,87.4775,102.45375,22.0,103.8475,103.8475,22.0,81.85,FR,NL
2026-02-16,8,93.185,105.435,40.4675,108.8,108.8,40.4675,68.33,FR,NL
2026-02-16,9,85.7175,100.67,23.965,103.89,103.89,23.965,79.92,FR,NL
2026-02-16,10,77.08500000000001,95.63125,8.2625,94.7625,95.63125,8.2625,87.37,FR,DE
2026-02-16,11,70.9625,91.60875,1.9175,83.595,91.60875,1.9175,89.69,FR,DE
2026-02-16,12,71.7325,92.73875,-0.005,82.59,92.73875,-0.005,92.74,FR,DE
2026-02-16,13,73.0675,95.5375,0.0,84.0325,95.5375,0.0,95.54,FR,DE
2026-02-16,14,79.2775,104.0025,,91.2925,104.0025,79.2775,24.72,BE,DE
2026-02-16,15,87.11,112.85,0.03,101.345,112.85,0.03,112.82,FR,DE
2026-02-16,16,100.61,127.775,12.725,113.9125,127.775,12.725,115.05,FR,DE
2026-02-16,17,104.5725,128.20875,33.0175,115.6375,128.20875,33.0175,95.19,FR,DE
2026-02-16,18,109.285,124.70375,59.7975,117.445,124.70375,59.7975,64.91,FR,DE
2026-02-16,19,93.2775,116.66625,24.993333333333336,103.625,116.66625,24.993333333333336,91.67,FR,DE
2026-02-16,20,81.82499999999999,106.37125,13.783333333333333,91.5875,106.37125,13.783333333333333,92.59,FR,DE
2026-02-16,21,79.435,100.9,10.16,89.78,100.9,10.16,90.74,FR,DE
2026-02-16,22,71.71000000000001,93.3125,5.694999999999999,82.0275,93.3125,5.694999999999999,87.62,FR,DE
2026-02-16,23,68.48,91.49125000000001,10.6375,77.445,91.49125000000001,10.6375,80.85,FR,DE
2026-02-17,0,65.0425,87.70125,2.6675,74.52250000000001,87.70125,2.6675,85.03,FR,DE
2026-02-17,1,64.3675,86.42875000000001,0.8766666666666666,74.3025,86.42875000000001,0.8766666666666666,85.55,FR,DE
2026-02-17,2,64.9825,86.54875,0.19666666666666666,74.375,86.54875,0.19666666666666666,86.35,FR,DE
2026-02-17,3,64.515,86.81375,0.13,73.36,86.81375,0.13,86.68,FR,DE
2026-02-17,4,68.67750000000001,91.1425,5.0225,77.86500000000001,91.1425,5.0225,86.12,FR,DE
2026-02-17,5,83.7825,102.095,24.712500000000002,92.8425,102.095,24.712500000000002,77.38,FR,DE
2026-02-17,6,101.485,116.56625,59.2225,107.6175,116.56625,59.2225,57.34,FR,DE
2026-02-17,7,104.60249999999999,120.035,71.1925,109.35249999999999,120.035,71.1925,48.84,FR,DE
2026-02-17,8,96.005,115.68375,49.995,102.685,115.68375,49.995,65.69,FR,DE
2026-02-17,9,77.95,104.45125,1.06,90.92,104.45125,1.06,103.39,FR,DE
2026-02-17,10,71.2875,95.70375,1.6425,82.63,95.70375,1.6425,94.06,FR,DE
2026-02-17,11,68.56,86.02,17.892500000000002,76.94,86.02,17.892500000000002,68.13,FR,DE
2026-02-17,12,66.22999999999999,84.80999999999999,13.732500000000002,74.6,84.80999999999999,13.732500000000002,71.08,FR,DE
2026-02-17,13,69.7625,85.71000000000001,26.195,76.4125,85.71000000000001,26.195,59.52,FR,DE
2026-02-17,14,77.8475,91.5525,43.94,82.1225,91.5525,43.94,47.61,FR,DE
2026-02-17,15,86.655,101.365,55.457499999999996,90.0,101.365,55.457499999999996,45.91,FR,DE
2026-02-17,16,105.47,115.74875,86.8375,107.4775,115.74875,86.8375,28.91,FR,DE
2026-02-17,17,127.6775,125.835,127.9425,127.02,127.9425,125.835,2.11,DE,FR
2026-02-17,18,129.5,123.185,129.8675,124.66,129.8675,123.185,6.68,DE,FR
2026-02-17,19,113.2525,109.1225,114.4625,111.49000000000001,114.4625,109.1225,5.34,DE,FR
2026-02-17,20,100.7975,100.77625,101.1925,99.9525,101.1925,99.9525,1.24,NL,FR
2026-02-17,21,91.0775,95.31375,83.535,92.14750000000001,95.31375,83.535,11.78,FR,DE
2026-02-17,22,84.60499999999999,89.87,68.3975,87.19749999999999,89.87,68.3975,21.47,FR,DE
2026-02-17,23,83.8275,90.84,47.7575,89.565,90.84,47.7575,43.08,FR,DE
2026-02-18,0,78.71000000000001,89.62,34.597500000000004,86.29,89.62,34.597500000000004,55.02,FR,DE
2026-02-18,1,79.8375,90.38,40.692499999999995,86.4,90.38,40.692499999999995,49.69,FR,DE
2026-02-18,2,75.735,91.6125,26.450000000000003,83.945,91.6125,26.450000000000003,65.16,FR,DE
2026-02-18,3,76.66,93.40375,27.7575,85.1875,93.40375,27.7575,65.65,FR,DE
2026-02-18,4,82.945,100.39875,28.8875,91.2975,100.39875,28.8875,71.51,FR,DE
2026-02-18,5,99.495,121.26625,31.1,111.0175,121.26625,31.1,90.17,FR,DE
2026-02-18,6,111.945,170.69875,59.6725,162.32,170.69875,59.6725,111.03,FR,DE
2026-02-18,7,119.9975,179.1725,72.0475,170.8425,179.1725,72.0475,107.13,FR,DE
2026-02-18,8,99.73,136.22125,50.795,124.31,136.22125,50.795,85.43,FR,DE
2026-02-18,9,95.7475,116.425,33.985,104.95750000000001,116.425,33.985,82.44,FR,DE
2026-02-18,10,82.55,105.01125,18.865000000000002,89.9,105.01125,18.865000000000002,86.15,FR,DE
2026-02-18,11,77.28,98.17,16.9875,83.8175,98.17,16.9875,81.18,FR,DE
2026-02-18,12,70.2775,97.30375,2.7675,77.07,97.30375,2.7675,94.54,FR,DE
2026-02-18,13,71.2775,101.545,0.12333333333333334,78.0,101.545,0.12333333333333334,101.42,FR,DE
2026-02-18,14,80.88,111.0925,16.6,84.565,111.0925,16.6,94.49,FR,DE
2026-02-18,15,90.0575,119.60625,23.0,84.9325,119.60625,23.0,96.61,FR,DE
2026-02-18,16,93.2075,133.65,24.072499999999998,86.4075,133.65,24.072499999999998,109.58,FR,DE
2026-02-18,17,105.1125,134.48125,30.1075,92.69,134.48125,30.1075,104.37,FR,DE
2026-02-18,18,100.7175,116.07249999999999,42.24,109.4425,116.07249999999999,42.24,73.83,FR,DE
2026-02-18,19,83.6575,100.61375,25.54,88.0975,100.61375,25.54,75.07,FR,DE
2026-02-18,20,77.7175,95.495,18.69,87.8125,95.495,18.69,76.81,FR,DE
2026-02-18,21,76.7775,93.2975,20.997500000000002,85.60249999999999,93.2975,20.997500000000002,72.3,FR,DE
2026-02-18,22,71.2225,86.00875,15.2925,80.3125,86.00875,15.2925,70.72,FR,DE
2026-02-18,23,65.58,81.08285714285715,10.0,73.8975,81.08285714285715,10.0,71.08,FR,DE
2026-02-19,0,63.9275,79.94,8.854999999999999,72.1675,79.94,8.854999999999999,71.08,FR,DE
2026-02-19,1,61.885000000000005,79.445,1.7275,70.9875,79.445,1.7275,77.72,FR,DE
2026-02-19,2,61.0875,78.525,0.0,70.23,78.525,0.0,78.53,FR,DE
2026-02-19,3,58.667500000000004,75.20125,0.01,67.8275,75.20125,0.01,75.19,FR,DE
2026-02-19,4,64.29750000000001,81.17375,5.07,74.9725,81.17375,5.07,76.1,FR,DE
2026-02-19,5,69.495,85.78,11.7725,79.4675,85.78,11.7725,74.01,FR,DE
2026-02-19,6,79.7425,90.64875,37.3875,82.855,90.64875,37.3875,53.26,FR,DE
2026-02-19,7,84.1325,96.1725,41.135,91.17,96.1725,41.135,55.04,FR,DE
2026-02-19,8,92.66,100.18125,50.307500000000005,94.05,100.18125,50.307500000000005,49.87,FR,DE
2026-02-19,9,92.8075,97.09875,37.1,83.0,97.09875,37.1,60.0,FR,DE
2026-02-19,10,83.55,92.9075,46.9975,89.00999999999999,92.9075,46.9975,45.91,FR,DE
2026-02-19,11,82.92,89.01,44.555,80.69,89.01,44.555,44.46,FR,DE
2026-02-19,12,78.61,88.42999999999999,33.9975,80.0,88.42999999999999,33.9975,54.43,FR,DE
2026-02-19,13,81.3025,87.9025,35.74,77.5975,87.9025,35.74,52.16,FR,DE
2026-02-19,14,79.525,91.66125,32.910000000000004,85.435,91.66125,32.910000000000004,58.75,FR,DE
2026-02-19,15,86.805,95.14625,27.9775,89.20750000000001,95.14625,27.9775,67.17,FR,DE
2026-02-19,16,96.525,104.7925,38.442499999999995,98.84,104.7925,38.442499999999995,66.35,FR,DE
2026-02-19,17,111.0775,112.08125,92.255,109.80250000000001,112.08125,92.255,19.83,FR,DE
2026-02-19,18,116.3575,109.3725,112.6375,106.0,116.3575,106.0,10.36,NL,BE
2026-02-19,19,96.625,100.60625,81.2975,98.6625,100.60625,81.2975,19.31,FR,DE
2026-02-19,20,94.6425,97.6575,63.525,84.1825,97.6575,63.525,34.13,FR,DE
2026-02-19,21,81.42,92.25125,47.345,85.3975,92.25125,47.345,44.91,FR,DE
2026-02-19,22,77.2675,86.88625,37.707499999999996,79.65,86.88625,37.707499999999996,49.18,FR,DE
2026-02-19,23,72.845,87.1725,26.91,84.455,87.1725,26.91,60.26,FR,DE
2026-02-20,0,74.7,86.97625,33.6025,86.05250000000001,86.97625,33.6025,53.37,FR,DE
2026-02-20,1,73.71000000000001,87.87,31.88,85.2075,87.87,31.88,55.99,FR,DE
2026-02-20,2,70.4625,85.19857142857143,18.9525,84.92666666666666,85.19857142857143,18.9525,66.25,FR,DE
2026-02-20,3,68.99000000000001,87.90875,14.822500000000002,83.35,87.90875,14.822500000000002,73.09,FR,DE
2026-02-20,4,76.6725,90.565,35.4075,83.9425,90.565,35.4075,55.16,FR,DE
2026-02-20,5,92.27250000000001,103.6425,53.487500000000004,98.0525,103.6425,53.487500000000004,50.15,FR,DE
2026-02-20,6,110.53,120.1525,98.4675,112.3325,120.1525,98.4675,21.68,FR,DE
2026-02-20,7,116.74,120.38875,117.0175,116.5775,120.38875,116.5775,3.81,NL,DE
2026-02-20,8,107.9575,108.575,104.0325,108.5025,108.575,104.0325,4.54,FR,DE
2026-02-20,9,92.7175,95.1,64.8625,100.86,100.86,64.8625,36.0,FR,NL
2026-02-20,10,78.2475,85.8875,33.2125,98.28,98.28,33.2125,65.07,FR,NL
2026-02-20,11,69.72749999999999,81.59125,24.7625,85.9,85.9,24.7625,61.14,FR,NL
2026-02-20,12,66.8575,81.12375,15.785,84.9975,84.9975,15.785,69.21,FR,NL
2026-02-20,13,68.2375,80.62875,26.990000000000002,80.0025,80.62875,26.990000000000002,53.64,FR,DE
2026-02-20,14,71.225,84.8475,25.855,84.0825,84.8475,25.855,58.99,FR,DE
2026-02-20,15,78.1525,92.0525,31.6725,88.5775,92.0525,31.6725,60.38,FR,DE
2026-02-20,16,82.985,98.61875,32.935,96.8,98.61875,32.935,65.68,FR,DE
2026-02-20,17,85.24,92.61625,59.0975,90.4425,92.61625,59.0975,33.52,FR,DE
2026-02-20,18,85.095,83.94375,85.5325,84.32249999999999,85.5325,83.94375,1.59,DE,FR
2026-02-20,19,75.5875,80.15625,59.255,82.22,82.22,59.255,22.96,FR,NL
2026-02-20,20,66.19,70.33250000000001,49.22,75.8375,75.8375,49.22,26.62,FR,NL
2026-02-20,21,60.655,64.30375,47.73,65.0,65.0,47.73,17.27,FR,NL
2026-02-20,22,46.7825,48.40375,38.68,52.7575,52.7575,38.68,14.08,FR,NL
2026-02-20,23,47.615,49.31875,24.286666666666665,55.1,55.1,24.286666666666665,30.81,FR,NL
2026-02-21,0,41.1975,40.1225,22.9575,46.645,46.645,22.9575,23.69,FR,NL
2026-02-21,1,36.6775,36.9825,11.2375,43.4575,43.4575,11.2375,32.22,FR,NL
2026-02-21,2,34.7025,33.28875,8.5725,42.3625,42.3625,8.5725,33.79,FR,NL
2026-02-21,3,34.315,31.1075,8.3475,42.0,42.0,8.3475,33.65,FR,NL
2026-02-21,4,35.4525,33.56375,13.845,41.625,41.625,13.845,27.78,FR,NL
2026-02-21,5,35.5725,35.61,19.9275,46.0025,46.0025,19.9275,26.08,FR,NL
2026-02-21,6,45.6675,49.5525,20.4075,64.6525,64.6525,20.4075,44.24,FR,NL
2026-02-21,7,58.1575,53.19375,27.9825,80.16499999999999,80.16499999999999,27.9825,52.18,FR,NL
2026-02-21,8,53.985,59.615,10.17,83.585,83.585,10.17,73.41,FR,NL
2026-02-21,9,50.2175,58.613749999999996,2.9025,72.425,72.425,2.9025,69.52,FR,NL
2026-02-21,10,45.97,59.847500000000004,0.02,61.8575,61.8575,0.02,61.84,FR,NL
2026-02-21,11,44.0875,54.427499999999995,0.0,60.0,60.0,0.0,60.0,FR,NL
2026-02-21,12,43.115,50.295,0.0,65.74,65.74,0.0,65.74,FR,NL
2026-02-21,13,51.052499999999995,56.676249999999996,,79.795,79.795,51.052499999999995,28.74,BE,NL
2026-02-21,14,57.9625,70.46000000000001,0.005,86.18,86.18,0.005,86.18,FR,NL
2026-02-21,15,67.055,81.5475,0.0,95.5,95.5,0.0,95.5,FR,NL
2026-02-21,16,80.8175,101.9175,10.37,108.1,108.1,10.37,97.73,FR,NL
2026-02-21,17,94.0325,109.5875,46.2825,108.22,109.5875,46.2825,63.31,FR,DE
2026-02-21,18,97.74000000000001,103.3675,82.66666666666667,101.345,103.3675,82.66666666666667,20.7,FR,DE
2026-02-21,19,77.39500000000001,90.54875,34.1575,90.3925,90.54875,34.1575,56.39,FR,DE
2026-02-21,20,68.395,85.78375,16.815,84.48,85.78375,16.815,68.97,FR,DE
2026-02-21,21,65.075,81.44625,26.18,76.5925,81.44625,26.18,55.27,FR,DE
2026-02-21,22,52.885000000000005,67.33375,12.2225,62.087500000000006,67.33375,12.2225,55.11,FR,DE
2026-02-21,23,43.9525,59.18,5.01,53.6775,59.18,5.01,54.17,FR,DE
2026-02-22,0,41.535,52.545,11.065000000000001,47.2275,52.545,11.065000000000001,41.48,FR,DE
2026-02-22,1,37.5175,45.6675,18.103333333333335,41.0025,45.6675,18.103333333333335,27.56,FR,DE
2026-02-22,2,32.265,41.2225,8.8375,36.832499999999996,41.2225,8.8375,32.38,FR,DE
2026-02-22,3,30.3525,33.10125,6.3725000000000005,34.7175,34.7175,6.3725000000000005,28.34,FR,NL
2026-02-22,4,30.0625,32.95625,7.2875,34.21,34.21,7.2875,26.92,FR,NL
2026-02-22,5,28.1,25.59875,10.0,30.995,30.995,10.0,21.0,FR,NL
2026-02-22,6,31.955,26.87625,7.6075,37.0275,37.0275,7.6075,29.42,FR,NL
2026-02-22,7,36.0075,33.22625,5.9675,42.3125,42.3125,5.9675,36.34,FR,NL
2026-02-22,8,40.8475,35.36,0.975,50.82,50.82,0.975,49.84,FR,NL
2026-02-22,9,42.0075,42.1725,-0.0049999999999999975,54.6,54.6,-0.0049999999999999975,54.6,FR,NL
2026-02-22,10,39.6325,46.0575,-0.005,47.576666666666675,47.576666666666675,-0.005,47.58,FR,NL
2026-02-22,11,36.879999999999995,43.65375,,45.0,45.0,36.879999999999995,8.12,BE,NL
2026-02-22,12,33.7775,36.36375,-0.0175,43.0,43.0,-0.0175,43.02,FR,NL
2026-02-22,13,32.6275,34.655,-0.01,40.0,40.0,-0.01,40.01,FR,NL
2026-02-22,14,36.0825,38.72,-0.01,42.9475,42.9475,-0.01,42.96,FR,NL
2026-02-22,15,46.63,46.73125,-0.0075,65.73,65.73,-0.0075,65.74,FR,NL
2026-02-22,16,64.0075,68.24,5.425000000000001,90.4,90.4,5.425000000000001,84.98,FR,NL
2026-02-22,17,72.8575,75.6225,20.5575,100.0025,100.0025,20.5575,79.44,FR,NL
2026-02-22,18,77.4225,72.66,56.3875,94.1925,94.1925,56.3875,37.8,FR,NL
2026-02-22,19,65.0875,61.583749999999995,28.7025,82.845,82.845,28.7025,54.14,FR,NL
2026-02-22,20,55.4075,60.14,2.1950000000000003,75.2375,75.2375,2.1950000000000003,73.04,FR,NL
2026-02-22,21,56.535,62.505,16.6925,65.9675,65.9675,16.6925,49.28,FR,NL
2026-02-22,22,42.47,46.823750000000004,16.71,47.8575,47.8575,16.71,31.15,FR,NL
2026-02-22,23,37.3575,44.542500000000004,14.507499999999999,41.5375,44.542500000000004,14.507499999999999,30.04,FR,DE
2026-02-23,0,37.28,42.6475,13.94,41.715,42.6475,13.94,28.71,FR,DE
2026-02-23,1,37.075,40.3025,17.1225,40.81,40.81,17.1225,23.69,FR,NL
2026-02-23,2,36.0025,41.16571428571428,9.945,40.84,41.16571428571428,9.945,31.22,FR,DE
2026-02-23,3,36.165,46.83375,9.8125,41.055,46.83375,9.8125,37.02,FR,DE
2026-02-23,4,45.832499999999996,59.644999999999996,15.85,51.3575,59.644999999999996,15.85,43.79,FR,DE
2026-02-23,5,64.4225,79.1325,24.633333333333336,71.7175,79.1325,24.633333333333336,54.5,FR,DE
2026-02-23,6,86.875,99.47875,60.072500000000005,91.4875,99.47875,60.072500000000005,39.41,FR,DE
2026-02-23,7,89.275,101.38625,60.6925,94.505,101.38625,60.6925,40.69,FR,DE
2026-02-23,8,71.4825,90.1825,15.1875,88.395,90.1825,15.1875,75.0,FR,DE
2026-02-23,9,50.895,75.27374999999999,5.335,59.9975,75.27374999999999,5.335,69.94,FR,DE
2026-02-23,10,36.4775,61.37625,0.030000000000000002,43.1025,61.37625,0.030000000000000002,61.35,FR,DE
2026-02-23,11,8.675,27.145,0.005000000000000001,8.7,27.145,0.005000000000000001,27.14,FR,DE
2026-02-23,12,5.3125,19.17125,0.0033333333333333335,4.6675,19.17125,0.0033333333333333335,19.17,FR,DE
2026-02-23,13,26.895,39.011250000000004,0.005,31.8425,39.011250000000004,0.005,39.01,FR,DE
2026-02-23,14,43.870000000000005,63.24875,0.003333333333333332,52.205,63.24875,0.003333333333333332,63.25,FR,DE
2026-02-23,15,63.0575,80.8125,4.75,80.1575,80.8125,4.75,76.06,FR,DE
2026-02-23,16,77.495,97.645,21.255,87.055,97.645,21.255,76.39,FR,DE
2026-02-23,17,100.0825,105.01,75.38,103.8125,105.01,75.38,29.63,FR,DE
2026-02-23,18,112.7425,106.0475,113.8325,112.1375,113.8325,106.0475,7.78,DE,FR
2026-02-23,19,97.315,100.56,90.275,98.0175,100.56,90.275,10.28,FR,DE
2026-02-23,20,82.5475,96.4125,39.995000000000005,90.1375,96.4125,39.995000000000005,56.42,FR,DE
2026-02-23,21,81.4025,91.9025,40.465,89.0725,91.9025,40.465,51.44,FR,DE
2026-02-23,22,72.6725,84.74375,31.555,81.1675,84.74375,31.555,53.19,FR,DE
2026-02-23,23,70.57000000000001,81.13,29.73,83.9,83.9,29.73,54.17,FR,NL
2026-02-24,0,70.1325,83.06125,23.395,83.7325,83.7325,23.395,60.34,FR,NL
2026-02-24,1,74.0625,85.26,21.3,80.10249999999999,85.26,21.3,63.96,FR,DE
2026-02-24,2,68.645,85.09625,20.69333333333333,77.145,85.09625,20.69333333333333,64.4,FR,DE
2026-02-24,3,69.635,87.12125,19.03,78.19749999999999,87.12125,19.03,68.09,FR,DE
2026-02-24,4,74.9425,92.43,22.3675,83.63499999999999,92.43,22.3675,70.06,FR,DE
2026-02-24,5,91.1325,112.83875,36.2375,99.5225,112.83875,36.2375,76.6,FR,DE
2026-02-24,6,104.18,131.79625,85.7225,124.7725,131.79625,85.7225,46.07,FR,DE
2026-02-24,7,120.4325,145.85625,66.3025,141.285,145.85625,66.3025,79.55,FR,DE
2026-02-24,8,102.495,138.83875,28.325,132.905,138.83875,28.325,110.51,FR,DE
2026-02-24,9,101.44999999999999,123.69749999999999,8.700000000000001,115.045,123.69749999999999,8.700000000000001,115.0,FR,DE
2026-02-24,10,88.8875,110.51125,13.4875,101.0,110.51125,13.4875,97.02,FR,DE
2026-02-24,11,80.5975,101.745,15.2425,91.195,101.745,15.2425,86.5,FR,DE
2026-02-24,12,77.39750000000001,100.96625,7.650000000000001,88.665,100.96625,7.650000000000001,93.32,FR,DE
2026-02-24,13,73.58500000000001,100.75375,5.995,85.16499999999999,100.75375,5.995,94.76,FR,DE
2026-02-24,14,83.535,109.38625,9.3975,96.28,109.38625,9.3975,99.99,FR,DE
2026-02-24,15,88.6225,128.9575,11.084999999999999,109.3725,128.9575,11.084999999999999,117.87,FR,DE
2026-02-24,16,120.43,170.985,13.6275,167.9375,170.985,13.6275,157.36,FR,DE
2026-02-24,17,122.0025,184.4925,47.9775,168.9725,184.4925,47.9775,136.52,FR,DE
2026-02-24,18,113.935,145.1575,98.1525,135.77,145.1575,98.1525,47.0,FR,DE
2026-02-24,19,107.735,120.0875,74.98,112.8825,120.0875,74.98,45.11,FR,DE
2026-02-24,20,90.2975,109.14,29.236666666666668,98.58,109.14,29.236666666666668,79.9,FR,DE
2026-02-24,21,85.22,102.2975,34.126666666666665,93.3425,102.2975,34.126666666666665,68.17,FR,DE
2026-02-24,22,78.8825,95.2775,31.055,86.445,95.2775,31.055,64.22,FR,DE
2026-02-24,23,74.51,95.34625,19.015,84.3,95.34625,19.015,76.33,FR,DE
2026-02-25,0,69.7425,90.25375,14.5525,79.145,90.25375,14.5525,75.7,FR,DE
2026-02-25,1,66.825,90.13875,11.3025,76.38250000000001,90.13875,11.3025,78.84,FR,DE
2026-02-25,2,68.37,89.8475,7.6,78.985,89.8475,7.6,82.25,FR,DE
2026-02-25,3,68.7,90.35375,7.67,79.555,90.35375,7.67,82.68,FR,DE
2026-02-25,4,72.95,96.26875,10.735,83.3,96.26875,10.735,85.53,FR,DE
2026-02-25,5,92.3725,116.32124999999999,24.939999999999998,102.22999999999999,116.32124999999999,24.939999999999998,91.38,FR,DE
2026-02-25,6,109.5025,134.6875,62.53,124.3075,134.6875,62.53,72.16,FR,DE
2026-02-25,7,112.125,123.16125,66.7,115.41499999999999,123.16125,66.7,56.46,FR,DE
2026-02-25,8,90.69749999999999,103.53625,22.36,98.035,103.53625,22.36,81.18,FR,DE
2026-02-25,9,72.3825,87.65375,15.057500000000001,82.03,87.65375,15.057500000000001,72.6,FR,DE
2026-02-25,10,60.5475,74.5575,0.53,70.8075,74.5575,0.53,74.03,FR,DE
2026-02-25,11,49.9675,59.105000000000004,0.0,59.1125,59.1125,0.0,59.11,FR,NL
2026-02-25,12,45.555,53.97125,0.0033333333333333335,53.9775,53.9775,0.0033333333333333335,53.97,FR,NL
2026-02-25,13,51.2325,63.85625,0.02,60.0625,63.85625,0.02,63.84,FR,DE
2026-02-25,14,61.3025,80.62875,0.06999999999999999,71.5325,80.62875,0.06999999999999999,80.56,FR,DE
2026-02-25,15,83.42750000000001,100.33375000000001,5.035,91.0025,100.33375000000001,5.035,95.3,FR,DE
2026-02-25,16,108.1525,121.6525,25.5925,115.0675,121.6525,25.5925,96.06,FR,DE
2026-02-25,17,115.185,123.60375,67.08,118.1125,123.60375,67.08,56.52,FR,DE
2026-02-25,18,108.4175,106.99,104.44,108.315,108.4175,104.44,3.98,FR,BE
2026-02-25,19,96.17,93.85,74.0975,95.28,96.17,74.0975,22.07,FR,BE
2026-02-25,20,81.92750000000001,88.9025,37.135,85.5175,88.9025,37.135,51.77,FR,DE
2026-02-25,21,76.6675,87.995,36.5175,85.175,87.995,36.5175,51.48,FR,DE
2026-02-25,22,69.1925,81.36625,29.972500000000004,79.12,81.36625,29.972500000000004,51.39,FR,DE
2026-02-25,23,67.61500000000001,76.61,28.7575,81.1075,81.1075,28.7575,52.35,FR,NL
2026-02-26,0,62.4925,74.09625,23.045,75.725,75.725,23.045,52.68,FR,NL
2026-02-26,1,58.4275,70.94125,17.3,71.8325,71.8325,17.3,54.53,FR,NL
2026-02-26,2,56.985,70.84125,11.7425,72.67,72.67,11.7425,60.93,FR,NL
2026-02-26,3,56.3825,71.45125,12.54,70.9,71.45125,12.54,58.91,FR,DE
2026-02-26,4,63.4,76.5275,19.9525,73.36,76.5275,19.9525,56.58,FR,DE
2026-02-26,5,83.16,96.79375,28.252499999999998,91.6925,96.79375,28.252499999999998,68.54,FR,DE
2026-02-26,6,100.945,109.22625,70.985,105.80250000000001,109.22625,70.985,38.24,FR,DE
2026-02-26,7,94.4825,96.60249999999999,44.946666666666665,108.5225,108.5225,44.946666666666665,63.58,FR,NL
2026-02-26,8,71.015,78.88250000000001,14.635,101.4825,101.4825,14.635,86.85,FR,NL
2026-02-26,9,63.285000000000004,67.52374999999999,17.34,88.4625,88.4625,17.34,71.12,FR,NL
2026-02-26,10,43.714999999999996,49.585,0.01,56.9475,56.9475,0.01,56.94,FR,NL
2026-02-26,11,15.3825,18.32125,0.02,18.815,18.815,0.02,18.8,FR,NL
2026-02-26,12,10.5775,14.4625,0.0,12.3,14.4625,0.0,14.46,FR,DE
2026-02-26,13,33.6025,38.62375,0.0,39.09,39.09,0.0,39.09,FR,NL
2026-02-26,14,54.1675,71.35375,0.005,63.067499999999995,71.35375,0.005,71.35,FR,DE
2026-02-26,15,71.92,91.9975,0.02,86.5675,91.9975,0.02,91.98,FR,DE
2026-02-26,16,88.4375,110.8225,11.86,98.69,110.8225,11.86,98.96,FR,DE
2026-02-26,17,94.13749999999999,112.0975,38.995,102.99249999999999,112.0975,38.995,73.1,FR,DE
2026-02-26,18,102.0425,103.96625,84.52,104.66,104.66,84.52,20.14,FR,NL
2026-02-26,19,83.175,92.9575,50.895,88.9025,92.9575,50.895,42.06,FR,DE
2026-02-26,20,76.9625,85.0725,28.8475,83.14,85.0725,28.8475,56.23,FR,DE
2026-02-26,21,67.0925,81.40125,21.2275,78.22,81.40125,21.2275,60.17,FR,DE
2026-02-26,22,58.567499999999995,73.435,11.2925,71.9825,73.435,11.2925,62.14,FR,DE
2026-02-26,23,43.875,57.12375,9.1,53.599999999999994,57.12375,9.1,48.02,FR,DE
2026-02-27,0,44.75,58.15375,10.6525,54.3125,58.15375,10.6525,47.5,FR,DE
2026-02-27,1,45.8825,57.72625,11.316666666666668,56.515,57.72625,11.316666666666668,46.41,FR,DE
2026-02-27,2,46.2175,59.30875,7.609999999999999,54.457499999999996,59.30875,7.609999999999999,51.7,FR,DE
2026-02-27,3,47.7325,59.8,2.9025,61.795,61.795,2.9025,58.89,FR,NL
2026-02-27,4,52.805,65.745,8.665,65.9875,65.9875,8.665,57.32,FR,NL
2026-02-27,5,64.1425,80.655,21.886666666666667,71.715,80.655,21.886666666666667,58.77,FR,DE
2026-02-27,6,74.1125,91.845,18.04,86.10249999999999,91.845,18.04,73.81,FR,DE
2026-02-27,7,65.49249999999999,84.8175,19.3725,79.33,84.8175,19.3725,65.44,FR,DE
2026-02-27,8,53.2825,63.85625,12.5725,69.05,69.05,12.5725,56.48,FR,NL
2026-02-27,9,29.8625,32.1125,2.9,52.65,52.65,2.9,49.75,FR,NL
2026-02-27,10,9.9725,5.5,0.0,28.465,28.465,0.0,28.46,FR,NL
2026-02-27,11,9.085,1.8242857142857143,-0.005,27.88,27.88,-0.005,27.88,FR,NL
2026-02-27,12,17.2525,3.086,-0.005,51.91,51.91,-0.005,51.92,FR,NL
2026-02-27,13,28.435,11.167142857142858,0.0,70.0,70.0,0.0,70.0,FR,NL
2026-02-27,14,54.55,62.99625,0.47000000000000003,88.1875,88.1875,0.47000000000000003,87.72,FR,NL
2026-02-27,15,72.7375,90.0625,5.904999999999999,90.2925,90.2925,5.904999999999999,84.39,FR,NL
2026-02-27,16,88.35,113.625,16.285,99.6675,113.625,16.285,97.34,FR,DE
2026-02-27,17,94.5475,118.24875,34.49333333333333,104.89,118.24875,34.49333333333333,83.76,FR,DE
2026-02-27,18,94.64750000000001,105.5875,55.65,101.12,105.5875,55.65,49.94,FR,DE
2026-02-27,19,79.4,97.615,16.425,92.0075,97.615,16.425,81.19,FR,DE
2026-02-27,20,70.135,87.43125,2.875,85.12,87.43125,2.875,84.56,FR,DE
2026-02-27,21,72.8675,84.85,24.2725,85.05,85.05,24.2725,60.78,FR,NL
2026-02-27,22,67.8825,79.35125,25.98,80.0025,80.0025,25.98,54.02,FR,NL
2026-02-27,23,63.965,81.76375,16.4725,80.02,81.76375,16.4725,65.29,FR,DE
2026-02-28,0,58.067499999999995,77.8675,6.79,73.5925,77.8675,6.79,71.08,FR,DE
2026-02-28,1,56.025000000000006,76.015,8.7475,65.8475,76.015,8.7475,67.27,FR,DE
2026-02-28,2,52.745,73.42857142857143,4.15,62.71,73.42857142857143,4.15,69.28,FR,DE
2026-02-28,3,52.81,73.35125,3.525,62.75,73.35125,3.525,69.83,FR,DE
2026-02-28,4,53.0725,74.1375,3.87,64.05,74.1375,3.87,70.27,FR,DE
2026-02-28,5,55.7725,76.21,4.48,71.38,76.21,4.48,71.73,FR,DE
2026-02-28,6,56.82,77.25125,3.9125,69.4925,77.25125,3.9125,73.34,FR,DE
2026-02-28,7,42.285,61.40625,3.6125,49.625,61.40625,3.6125,57.79,FR,DE
2026-02-28,8,16.1675,28.86375,1.7725,26.9975,28.86375,1.7725,27.09,FR,DE
2026-02-28,9,0.4466666666666666,4.346666666666667,0.0,1.3333333333333333,4.346666666666667,0.0,4.35,FR,DE
2026-02-28,10,-0.02,0.68625,-0.02333333333333333,0.0,0.68625,-0.02333333333333333,0.71,FR,DE
2026-02-28,11,0.0975,-0.04571428571428571,-0.01,0.6325,0.6325,-0.04571428571428571,0.68,DE,NL
2026-02-28,12,0.0875,-0.3657142857142857,-0.015,0.5425,0.5425,-0.3657142857142857,0.91,DE,NL
2026-02-28,13,-0.0025000000000000005,1.03625,-0.005,0.004999999999999999,1.03625,-0.005,1.04,FR,DE
2026-02-28,14,11.387500000000001,13.8675,2.5175,13.2575,13.8675,2.5175,11.35,FR,DE
2026-02-28,15,50.185,68.47375,4.875,62.807500000000005,68.47375,4.875,63.6,FR,DE
2026-02-28,16,71.9175,91.78625,16.9675,89.97,91.78625,16.9675,74.82,FR,DE
2026-02-28,17,82.7175,95.9542857142857,37.305,101.745,101.745,37.305,64.44,FR,NL
2026-02-28,18,89.975,86.645,80.0,106.2475,106.2475,80.0,26.25,FR,NL
2026-02-28,19,74.835,75.7875,63.8925,92.5625,92.5625,63.8925,28.67,FR,NL
2026-02-28,20,71.045,69.975,51.725,97.52250000000001,97.52250000000001,51.725,45.8,FR,NL
2026-02-28,21,72.58,66.38125,50.667500000000004,101.4,101.4,50.667500000000004,50.73,FR,NL
2026-02-28,22,66.41,62.73375,43.5175,98.5575,98.5575,43.5175,55.04,FR,NL
2026-02-28,23,73.42750000000001,52.67875,31.616666666666664,113.9975,113.9975,31.616666666666664,82.38,FR,NL
2026-03-01,0,70.45,53.405,34.18,108.0475,108.0475,34.18,73.87,FR,NL
2026-03-01,1,64.03,55.34375,24.55666666666667,100.0025,100.0025,24.55666666666667,75.45,FR,NL
2026-03-01,2,58.730000000000004,58.8475,,88.07,88.07,58.730000000000004,29.34,BE,NL
2026-03-01,3,57.065,70.0425,,81.015,81.015,57.065,23.95,BE,NL
2026-03-01,4,55.412499999999994,71.08875,,68.7025,71.08875,55.412499999999994,15.68,BE,DE
2026-03-01,5,55.4425,72.32875,23.9225,67.67,72.32875,23.9225,48.41,FR,DE
2026-03-01,6,54.0325,66.66875,23.875,64.9975,66.66875,23.875,42.79,FR,DE
2026-03-01,7,43.004999999999995,59.61,15.26,50.6425,59.61,15.26,44.35,FR,DE
2026-03-01,8,15.424999999999999,37.56,5.386666666666667,17.8425,37.56,5.386666666666667,32.17,FR,DE
2026-03-01,9,0.0,12.723749999999999,0.0,0.0,12.723749999999999,0.0,12.72,FR,DE
2026-03-01,10,-0.025,6.8862499999999995,-0.025,-0.025,6.8862499999999995,-0.025,6.91,FR,DE
2026-03-01,11,-0.4533333333333333,4.148571428571429,-0.4533333333333333,-0.4533333333333333,4.148571428571429,-0.4533333333333333,4.6,FR,DE
2026-03-01,12,-0.7875,1.7687499999999998,-0.7875,-0.7875,1.7687499999999998,-0.7875,2.56,FR,DE
2026-03-01,13,-0.0050000000000000044,8.1475,-0.007500000000000007,-0.0050000000000000044,8.1475,-0.007500000000000007,8.16,FR,DE
2026-03-01,14,18.66,38.25625,0.0,22.5225,38.25625,0.0,38.26,FR,DE
2026-03-01,15,55.905,77.77125,6.109999999999999,68.6,77.77125,6.109999999999999,71.66,FR,DE
2026-03-01,16,80.935,104.9075,18.0,101.0025,104.9075,18.0,86.91,FR,DE
2026-03-01,17,87.405,112.265,29.744999999999997,100.8825,112.265,29.744999999999997,82.52,FR,DE
2026-03-01,18,87.8175,101.83875,51.31,97.4375,101.83875,51.31,50.53,FR,DE
2026-03-01,19,77.0875,92.1975,35.01,90.16250000000001,92.1975,35.01,57.19,FR,DE
2026-03-01,20,69.2675,84.6675,26.796666666666667,81.315,84.6675,26.796666666666667,57.87,FR,DE
2026-03-01,21,63.245000000000005,78.71125,26.5375,74.5775,78.71125,26.5375,52.17,FR,DE
2026-03-01,22,54.44,72.66375,15.829999999999998,63.0,72.66375,15.829999999999998,56.83,FR,DE
2026-03-01,23,53.4875,71.41375,15.877500000000001,59.9975,71.41375,15.877500000000001,55.54,FR,DE
2026-03-02,0,52.205,71.1975,8.875,60.0,71.1975,8.875,62.32,FR,DE
2026-03-02,1,54.9,72.30375,9.82,65.72999999999999,72.30375,9.82,62.48,FR,DE
2026-03-02,2,54.004999999999995,72.66,7.1,62.875,72.66,7.1,65.56,FR,DE
2026-03-02,3,57.2075,77.12,6.535,66.475,77.12,6.535,70.59,FR,DE
2026-03-02,4,66.55250000000001,87.25125,9.495000000000001,77.2125,87.25125,9.495000000000001,77.76,FR,DE
2026-03-02,5,81.9375,105.255,21.995,92.195,105.255,21.995,83.26,FR,DE
2026-03-02,6,111.9675,136.92000000000002,33.8225,126.105,136.92000000000002,33.8225,103.1,FR,DE
2026-03-02,7,103.595,118.3325,42.0,115.10000000000001,118.3325,42.0,76.33,FR,DE
2026-03-02,8,72.63,91.955,25.0,82.205,91.955,25.0,66.96,FR,DE
2026-03-02,9,53.89,73.64375,7.8725000000000005,62.585,73.64375,7.8725000000000005,65.77,FR,DE
2026-03-02,10,41.2725,61.17625,8.373333333333333,47.5075,61.17625,8.373333333333333,52.8,FR,DE
2026-03-02,11,22.794999999999998,43.6175,6.3999999999999995,26.325,43.6175,6.3999999999999995,37.22,FR,DE
2026-03-02,12,29.814999999999998,46.676249999999996,0.0,35.0,46.676249999999996,0.0,46.68,FR,DE
2026-03-02,13,48.607499999999995,64.265,8.85,57.415000000000006,64.265,8.85,55.42,FR,DE
2026-03-02,14,63.72,83.94375,2.1525,75.4975,83.94375,2.1525,81.79,FR,DE
2026-03-02,15,87.77,104.77875,22.0,99.7,104.77875,22.0,82.78,FR,DE
2026-03-02,16,132.8375,151.74875,38.715,158.0275,158.0275,38.715,119.31,FR,NL
2026-03-02,17,165.4375,166.10125,91.5575,176.9175,176.9175,91.5575,85.36,FR,NL
2026-03-02,18,139.0,132.79625,118.9125,142.08249999999998,142.08249999999998,118.9125,23.17,FR,NL
2026-03-02,19,104.28,112.99375,79.975,106.58500000000001,112.99375,79.975,33.02,FR,DE
2026-03-02,20,86.7875,101.3475,50.9525,96.4675,101.3475,50.9525,50.4,FR,DE
2026-03-02,21,85.06,98.45,47.305,96.8,98.45,47.305,51.14,FR,DE
2026-03-02,22,79.46000000000001,90.27625,47.667500000000004,92.235,92.235,47.667500000000004,44.57,FR,NL
2026-03-02,23,78.625,90.49625,45.16,90.35249999999999,90.49625,45.16,45.34,FR,DE
2026-03-03,0,82.1175,95.46124999999999,52.19,94.51333333333334,95.46124999999999,52.19,43.27,FR,DE
2026-03-03,1,81.2375,89.3125,43.9675,100.0,100.0,43.9675,56.03,FR,NL
2026-03-03,2,78.92999999999999,91.35625,29.375,97.69999999999999,97.69999999999999,29.375,68.32,FR,NL
2026-03-03,3,82.2125,95.91125,32.94,101.9825,101.9825,32.94,69.04,FR,NL
2026-03-03,4,89.64,102.03125,44.99,105.78999999999999,105.78999999999999,44.99,60.8,FR,NL
2026-03-03,5,124.425,124.62125,93.7275,130.29,130.29,93.7275,36.56,FR,NL
2026-03-03,6,153.485,149.85,145.76,154.81,154.81,145.76,9.05,FR,NL
2026-03-03,7,138.66,128.24,136.0075,142.54250000000002,142.54250000000002,128.24,14.3,DE,NL
2026-03-03,8,97.0625,99.52125,83.05,98.405,99.52125,83.05,16.47,FR,DE
2026-03-03,9,68.155,78.605,33.705,80.0,80.0,33.705,46.3,FR,NL
2026-03-03,10,46.1625,58.261250000000004,19.8775,51.4625,58.261250000000004,19.8775,38.38,FR,DE
2026-03-03,11,29.9175,36.91625,23.43,31.2625,36.91625,23.43,13.49,FR,DE
2026-03-03,12,26.96,35.13125,4.78,31.665,35.13125,4.78,30.35,FR,DE
2026-03-03,13,49.2725,60.89375,10.0075,57.4675,60.89375,10.0075,50.89,FR,DE
2026-03-03,14,70.635,85.87,27.0475,80.2825,85.87,27.0475,58.82,FR,DE
2026-03-03,15,97.075,100.9125,36.9,105.4125,105.4125,36.9,68.51,FR,NL
2026-03-03,16,137.3025,167.385,50.0075,161.8675,167.385,50.0075,117.38,FR,DE
2026-03-03,17,174.3975,213.29125,94.6375,204.37,213.29125,94.6375,118.65,FR,DE
2026-03-03,18,164.4975,167.63375,158.625,171.4425,171.4425,158.625,12.82,FR,NL
2026-03-03,19,108.6875,136.35375,93.3475,126.245,136.35375,93.3475,43.01,FR,DE
2026-03-03,20,101.185,117.18875,62.33,108.2025,117.18875,62.33,54.86,FR,DE
2026-03-03,21,95.58500000000001,107.81125,55.99250000000001,102.87,107.81125,55.99250000000001,51.82,FR,DE
2026-03-03,22,88.5025,101.575,46.7575,96.33,101.575,46.7575,54.82,FR,DE
2026-03-03,23,117.78,126.94375,64.075,124.0475,126.94375,64.075,62.87,FR,DE
2026-03-04,0,116.825,122.52000000000001,51.275,122.8,122.8,51.275,71.53,FR,NL
2026-03-04,1,114.6825,117.61125,52.22,120.4225,120.4225,52.22,68.2,FR,NL
2026-03-04,2,112.53,118.2325,41.2525,119.025,119.025,41.2525,77.77,FR,NL
2026-03-04,3,115.235,121.50125,40.6775,121.9225,121.9225,40.6775,81.24,FR,NL
2026-03-04,4,115.965,136.4675,49.26,128.2525,136.4675,49.26,87.21,FR,DE
2026-03-04,5,165.1325,183.18875,74.8275,181.3375,183.18875,74.8275,108.36,FR,DE
2026-03-04,6,226.23,232.14125,199.1725,257.71,257.71,199.1725,58.54,FR,NL
2026-03-04,7,197.1275,180.5875,199.29250000000002,195.5675,199.29250000000002,180.5875,18.71,DE,FR
2026-03-04,8,137.84,141.18,81.705,145.36,145.36,81.705,63.66,FR,NL
2026-03-04,9,109.265,111.20875000000001,65.6775,111.2125,111.2125,65.6775,45.54,FR,NL
2026-03-04,10,76.98,75.89750000000001,48.64,79.0675,79.0675,48.64,30.43,FR,NL
2026-03-04,11,40.247499999999995,44.8975,25.11,42.0,44.8975,25.11,19.79,FR,DE
2026-03-04,12,26.0875,40.5375,6.326666666666667,29.599999999999998,40.5375,6.326666666666667,34.21,FR,DE
2026-03-04,13,50.5,66.785,9.93,58.1875,66.785,9.93,56.86,FR,DE
2026-03-04,14,79.2225,99.52875,21.6225,90.89,99.52875,21.6225,77.91,FR,DE
2026-03-04,15,121.935,140.62125,36.519999999999996,128.915,140.62125,36.519999999999996,104.1,FR,DE
2026-03-04,16,223.0525,223.87875000000003,53.8675,252.0025,252.0025,53.8675,198.14,FR,NL
2026-03-04,17,260.2,292.795,93.9675,309.58,309.58,93.9675,215.61,FR,NL
2026-03-04,18,213.3,219.94,176.985,233.5675,233.5675,176.985,56.58,FR,NL
2026-03-04,19,166.3,164.67000000000002,163.655,168.6275,168.6275,163.655,4.97,FR,NL
2026-03-04,20,134.20000000000002,144.515,87.5175,142.245,144.515,87.5175,57.0,FR,DE
2026-03-04,21,126.02250000000001,136.7875,82.95750000000001,133.5675,136.7875,82.95750000000001,53.83,FR,DE
2026-03-04,22,111.5675,122.3275,75.24,119.0025,122.3275,75.24,47.09,FR,DE
2026-03-04,23,110.585,119.48625,94.83250000000001,113.7825,119.48625,94.83250000000001,24.65,FR,DE
2026-03-05,0,104.025,113.48,85.57000000000001,109.9325,113.48,85.57000000000001,27.91,FR,DE
2026-03-05,1,103.19,111.28125,84.2975,109.2625,111.28125,84.2975,26.98,FR,DE
2026-03-05,2,100.1,111.24375,74.0175,107.8625,111.24375,74.0175,37.23,FR,DE
2026-03-05,3,102.59,112.44375,76.21,110.8875,112.44375,76.21,36.23,FR,DE
2026-03-05,4,115.7525,125.89750000000001,86.42,121.25999999999999,125.89750000000001,86.42,39.48,FR,DE
2026-03-05,5,142.45,154.3825,111.515,147.66750000000002,154.3825,111.515,42.87,FR,DE
2026-03-05,6,156.355,179.40625,145.13,169.505,179.40625,145.13,34.28,FR,DE
2026-03-05,7,139.43,147.87375,139.4725,139.4025,147.87375,139.4025,8.47,NL,DE
2026-03-05,8,97.2475,105.3975,97.31,97.195,105.3975,97.195,8.2,NL,DE
2026-03-05,9,65.0575,69.725,62.602500000000006,64.86749999999999,69.725,62.602500000000006,7.12,FR,DE
2026-03-05,10,25.5625,31.302500000000002,26.7,24.53,31.302500000000002,24.53,6.77,NL,DE
2026-03-05,11,3.6566666666666667,10.201666666666666,4.01,3.3666666666666667,10.201666666666666,3.3666666666666667,6.83,NL,DE
2026-03-05,12,2.9,12.048333333333334,2.93,2.8725,12.048333333333334,2.8725,9.18,NL,DE
2026-03-05,13,37.3125,42.31125,33.0325,38.09,42.31125,33.0325,9.28,FR,DE
2026-03-05,14,79.08500000000001,93.985,47.565,85.2625,93.985,47.565,46.42,FR,DE
2026-03-05,15,122.2,137.12125,68.83,130.10750000000002,137.12125,68.83,68.29,FR,DE
2026-03-05,16,164.8,181.79625,95.6125,182.2225,182.2225,95.6125,86.61,FR,NL
2026-03-05,17,184.08,198.10285714285715,124.2525,194.375,198.10285714285715,124.2525,73.85,FR,DE
2026-03-05,18,166.7275,164.95375,158.4925,167.6025,167.6025,158.4925,9.11,FR,NL
2026-03-05,19,134.575,142.01375,125.91,135.03,142.01375,125.91,16.1,FR,DE
2026-03-05,20,123.28,131.745,95.8075,130.59,131.745,95.8075,35.94,FR,DE
2026-03-05,21,121.245,127.89125,85.995,130.1425,130.1425,85.995,44.15,FR,NL
2026-03-05,22,112.94,116.7825,69.12,123.10499999999999,123.10499999999999,69.12,53.98,FR,NL
2026-03-05,23,93.92750000000001,106.85,62.057500000000005,102.1925,106.85,62.057500000000005,44.79,FR,DE
2026-03-06,0,96.185,106.8775,63.5125,106.39,106.8775,63.5125,43.36,FR,DE
2026-03-06,1,96.425,108.735,57.362500000000004,108.5225,108.735,57.362500000000004,51.37,FR,DE
2026-03-06,2,100.66499999999999,110.52125,44.177499999999995,109.525,110.52125,44.177499999999995,66.34,FR,DE
2026-03-06,3,105.83,114.635,40.285,115.5,115.5,40.285,75.22,FR,NL
2026-03-06,4,109.5325,126.56125,56.135,120.32,126.56125,56.135,70.43,FR,DE
2026-03-06,5,132.7375,155.5925,66.4975,147.8075,155.5925,66.4975,89.1,FR,DE
2026-03-06,6,155.3,179.61624999999998,81.3975,175.4,179.61624999999998,81.3975,98.22,FR,DE
2026-03-06,7,135.5575,137.78125,113.87,136.93,137.78125,113.87,23.91,FR,DE
2026-03-06,8,112.5875,109.2025,71.85249999999999,112.3875,112.5875,71.85249999999999,40.74,FR,BE
2026-03-06,9,92.9,84.14875,66.4975,96.5,96.5,66.4975,30.0,FR,NL
2026-03-06,10,72.945,54.905,69.45,71.43,72.945,54.905,18.04,DE,BE
2026-03-06,11,59.0175,36.69,61.705,56.955,61.705,36.69,25.02,DE,FR
2026-03-06,12,52.0925,32.3775,53.485,51.082499999999996,53.485,32.3775,21.11,DE,FR
2026-03-06,13,74.155,64.54625,53.302499999999995,74.6925,74.6925,53.302499999999995,21.39,FR,NL
2026-03-06,14,98.375,100.33500000000001,55.487500000000004,103.3075,103.3075,55.487500000000004,47.82,FR,NL
2026-03-06,15,120.935,131.29874999999998,64.7575,124.92750000000001,131.29874999999998,64.7575,66.54,FR,DE
2026-03-06,16,159.5,185.0975,66.93,176.4975,185.0975,66.93,118.17,FR,DE
2026-03-06,17,195.1975,242.5525,88.705,224.48,242.5525,88.705,153.85,FR,DE
2026-03-06,18,173.9725,198.35875,127.245,186.63,198.35875,127.245,71.11,FR,DE
2026-03-06,19,120.0475,157.9475,102.305,146.79500000000002,157.9475,102.305,55.64,FR,DE
2026-03-06,20,127.22749999999999,138.41625,97.32,130.4525,138.41625,97.32,41.1,FR,DE
2026-03-06,21,117.985,131.71,90.7575,122.37,131.71,90.7575,40.95,FR,DE
2026-03-06,22,113.79,124.50375,83.2975,120.0,124.50375,83.2975,41.21,FR,DE
2026-03-06,23,118.57,129.46,75.0775,128.6875,129.46,75.0775,54.38,FR,DE
2026-03-07,0,114.29249999999999,125.98625,72.16,123.2925,125.98625,72.16,53.83,FR,DE
2026-03-07,1,108.665,121.97125,64.45,118.04249999999999,121.97125,64.45,57.52,FR,DE
2026-03-07,2,105.3275,121.2675,53.745000000000005,115.5775,121.2675,53.745000000000005,67.52,FR,DE
2026-03-07,3,104.765,120.94571428571429,50.620000000000005,115.53,120.94571428571429,50.620000000000005,70.33,FR,DE
2026-03-07,4,109.125,124.445,54.343333333333334,120.03750000000001,124.445,54.343333333333334,70.1,FR,DE
2026-03-07,5,114.2075,130.2325,60.0,126.08,130.2325,60.0,70.23,FR,DE
2026-03-07,6,118.63,127.09,61.08,123.39,127.09,61.08,66.01,FR,DE
2026-03-07,7,109.0625,112.35,63.675,112.1275,112.35,63.675,48.68,FR,DE
2026-03-07,8,104.185,95.99375,54.0075,104.09,104.185,54.0075,50.18,FR,BE
2026-03-07,9,76.85,66.32,45.285000000000004,76.66,76.85,45.285000000000004,31.56,FR,BE
2026-03-07,10,34.3,27.17,27.25,32.9,34.3,27.17,7.13,DE,BE
2026-03-07,11,15.615,12.72875,14.326666666666668,14.59,15.615,12.72875,2.89,DE,BE
2026-03-07,12,1.7,5.73,1.8,1.58,5.73,1.58,4.15,NL,DE
2026-03-07,13,18.7125,19.95125,18.8575,18.5025,19.95125,18.5025,1.45,NL,DE
2026-03-07,14,69.46000000000001,76.43625,,76.88749999999999,76.88749999999999,69.46000000000001,7.43,BE,NL
2026-03-07,15,102.61,117.13625,41.76,116.1375,117.13625,41.76,75.38,FR,DE
2026-03-07,16,110.74000000000001,147.9225,59.2975,138.17000000000002,147.9225,59.2975,88.63,FR,DE
2026-03-07,17,160.0,184.50625,97.3925,179.2025,184.50625,97.3925,87.11,FR,DE
2026-03-07,18,166.0525,168.93125,132.50333333333333,168.2025,168.93125,132.50333333333333,36.43,FR,DE
2026-03-07,19,144.5375,141.97,126.93,146.1775,146.1775,126.93,19.25,FR,NL
2026-03-07,20,123.77499999999999,133.59375,88.05,131.3775,133.59375,88.05,45.54,FR,DE
2026-03-07,21,124.0,129.58,97.4975,129.335,129.58,97.4975,32.08,FR,DE
2026-03-07,22,119.805,125.82375,91.58,125.7425,125.82375,91.58,34.24,FR,DE
2026-03-07,23,127.3775,125.965,106.65,132.2975,132.2975,106.65,25.65,FR,NL
2026-03-08,0,122.47999999999999,122.1975,97.70750000000001,128.3525,128.3525,97.70750000000001,30.64,FR,NL
2026-03-08,1,120.05499999999999,120.9975,92.08666666666666,126.24,126.24,92.08666666666666,34.15,FR,NL
2026-03-08,2,117.4275,119.49125000000001,85.995,124.525,124.525,85.995,38.53,FR,NL
2026-03-08,3,115.995,118.42750000000001,82.92750000000001,123.2325,123.2325,82.92750000000001,40.3,FR,NL
2026-03-08,4,116.7,119.225,84.705,123.9125,123.9125,84.705,39.21,FR,NL
2026-03-08,5,121.13,121.09,83.80666666666667,126.46000000000001,126.46000000000001,83.80666666666667,42.65,FR,NL
2026-03-08,6,113.19749999999999,113.77375,86.9775,115.155,115.155,86.9775,28.18,FR,NL
2026-03-08,7,113.7175,104.1825,81.3325,114.89750000000001,114.89750000000001,81.3325,33.57,FR,NL
2026-03-08,8,105.0925,84.2725,65.8425,110.8275,110.8275,65.8425,44.98,FR,NL
2026-03-08,9,74.9975,57.0025,37.5675,94.84,94.84,37.5675,57.27,FR,NL
2026-03-08,10,21.665,20.177500000000002,21.6475,21.509999999999998,21.665,20.177500000000002,1.49,DE,BE
2026-03-08,11,10.21,8.29625,10.525,9.780000000000001,10.525,8.29625,2.23,DE,FR
2026-03-08,12,0.0175,3.7542857142857144,0.02,0.01,3.7542857142857144,0.01,3.74,NL,DE
2026-03-08,13,13.165000000000001,13.926666666666668,13.23,13.08,13.926666666666668,13.08,0.85,NL,DE
2026-03-08,14,51.78,53.88375,21.98,58.45,58.45,21.98,36.47,FR,NL
2026-03-08,15,92.91499999999999,105.6125,32.36,107.055,107.055,32.36,74.7,FR,NL
2026-03-08,16,158.7,140.8375,62.322500000000005,147.8625,158.7,62.322500000000005,96.38,FR,BE
2026-03-08,17,185.2275,160.47625,133.21333333333334,167.875,185.2275,133.21333333333334,52.01,FR,BE
2026-03-08,18,154.0525,152.99375,154.0525,154.0525,154.0525,152.99375,1.06,DE,FR
2026-03-08,19,141.4975,134.63375,140.505,150.005,150.005,134.63375,15.37,DE,NL
2026-03-08,20,128.5525,123.42,129.0125,128.125,129.0125,123.42,5.59,DE,FR
2026-03-08,21,123.855,120.00750000000001,124.08250000000001,126.245,126.245,120.00750000000001,6.24,DE,NL
2026-03-08,22,119.5525,110.87375,118.3,131.005,131.005,110.87375,20.13,DE,NL
2026-03-08,23,115.07249999999999,113.09875,115.495,114.745,115.495,113.09875,2.4,DE,FR
2026-03-09,0,109.96000000000001,109.81125,110.075,109.86,110.075,109.81125,0.26,DE,FR
2026-03-09,1,106.92,109.53,97.10249999999999,109.35499999999999,109.53,97.10249999999999,12.43,FR,DE
2026-03-09,2,105.24000000000001,110.24,80.3425,110.49000000000001,110.49000000000001,80.3425,30.15,FR,NL
2026-03-09,3,109.50999999999999,114.69375,83.29333333333334,115.715,115.715,83.29333333333334,32.42,FR,NL
2026-03-09,4,129.38,129.58125,106.32000000000001,133.3475,133.3475,106.32000000000001,27.03,FR,NL
2026-03-09,5,153.79749999999999,161.96125,121.79499999999999,158.725,161.96125,121.79499999999999,40.17,FR,DE
2026-03-09,6,191.4925,211.06833333333336,157.615,193.6925,211.06833333333336,157.615,53.45,FR,DE
2026-03-09,7,179.78,152.6525,158.495,171.3775,179.78,152.6525,27.13,DE,BE
2026-03-09,8,136.515,119.28625,122.1875,137.7075,137.7075,119.28625,18.42,DE,NL
2026-03-09,9,113.065,90.78375,109.19,114.6775,114.6775,90.78375,23.89,DE,NL
2026-03-09,10,92.64750000000001,68.5,93.505,91.9375,93.505,68.5,25.0,DE,FR
2026-03-09,11,79.285,50.61,84.1275,74.1075,84.1275,50.61,33.52,DE,FR
2026-03-09,12,76.405,46.946250000000006,80.275,72.47749999999999,80.275,46.946250000000006,33.33,DE,FR
2026-03-09,13,83.3475,68.50125,82.3025,83.75750000000001,83.75750000000001,68.50125,15.26,DE,NL
2026-03-09,14,108.6425,100.91,93.2875,111.0925,111.0925,93.2875,17.81,FR,NL
2026-03-09,15,132.115,133.75875,98.1,138.20250000000001,138.20250000000001,98.1,40.1,FR,NL
2026-03-09,16,174.51,190.0125,114.0475,187.025,190.0125,114.0475,75.96,FR,DE
2026-03-09,17,228.04000000000002,258.04375,171.8175,240.04666666666665,258.04375,171.8175,86.23,FR,DE
2026-03-09,18,221.4775,227.1142857142857,218.15666666666667,222.35000000000002,227.1142857142857,218.15666666666667,8.96,FR,DE
2026-03-09,19,176.9675,186.44375,174.595,180.0,186.44375,174.595,11.85,FR,DE
2026-03-09,20,151.7825,149.31625,148.845,152.01999999999998,152.01999999999998,148.845,3.17,FR,NL
2026-03-09,21,144.265,137.61,144.0225,144.085,144.265,137.61,6.65,DE,BE
2026-03-09,22,134.085,125.07000000000001,133.7625,133.8075,134.085,125.07000000000001,9.02,DE,BE
2026-03-09,23,140.24,138.09,140.0275,139.915,140.24,138.09,2.15,DE,BE
2026-03-10,0,131.14499999999998,132.5525,129.04666666666665,130.93,132.5525,129.04666666666665,3.51,FR,DE
2026-03-10,1,127.405,130.29375,121.5775,127.865,130.29375,121.5775,8.72,FR,DE
2026-03-10,2,123.17999999999999,129.4,108.1375,125.645,129.4,108.1375,21.26,FR,DE
2026-03-10,3,124.1525,131.32125,108.08250000000001,126.92500000000001,131.32125,108.08250000000001,23.24,FR,DE
2026-03-10,4,135.7075,143.00375,118.41000000000001,138.5475,143.00375,118.41000000000001,24.59,FR,DE
2026-03-10,5,153.7375,171.42625,137.75,165.26500000000001,171.42625,137.75,33.68,FR,DE
2026-03-10,6,175.8625,201.45,158.33499999999998,179.6625,201.45,158.33499999999998,43.12,FR,DE
2026-03-10,7,180.6225,172.35875,170.115,178.2925,180.6225,170.115,10.51,FR,BE
2026-03-10,8,162.685,136.9725,139.94,151.25,162.685,136.9725,25.71,DE,BE
2026-03-10,9,158.3775,115.4,113.3375,134.98250000000002,158.3775,113.3375,45.04,FR,BE
2026-03-10,10,148.2,99.4525,100.6925,124.3175,148.2,99.4525,48.75,DE,BE
2026-03-10,11,138.0875,87.9375,98.03,117.71000000000001,138.0875,87.9375,50.15,DE,BE
2026-03-10,12,126.9575,90.56875,95.18,112.9025,126.9575,90.56875,36.39,DE,BE
2026-03-10,13,129.58249999999998,99.98125,95.7775,117.47999999999999,129.58249999999998,95.7775,33.8,FR,BE
2026-03-10,14,128.2075,117.9975,99.27,124.4725,128.2075,99.27,28.94,FR,BE
2026-03-10,15,144.09,142.85875000000001,109.33000000000001,145.79,145.79,109.33000000000001,36.46,FR,NL
2026-03-10,16,181.2275,185.18125,108.8,183.715,185.18125,108.8,76.38,FR,DE
2026-03-10,17,184.73250000000002,226.93875,150.3625,207.0,226.93875,150.3625,76.58,FR,DE
2026-03-10,18,197.6175,206.84375,194.6725,199.91,206.84375,194.6725,12.17,FR,DE
2026-03-10,19,155.355,162.20375,151.875,158.035,162.20375,151.875,10.33,FR,DE
2026-03-10,20,140.68,139.06875,140.28750000000002,140.31,140.68,139.06875,1.61,DE,BE
2026-03-10,21,124.4575,127.52374999999999,124.86500000000001,124.0,127.52374999999999,124.0,3.52,NL,DE
2026-03-10,22,97.0025,106.27,90.995,97.925,106.27,90.995,15.27,FR,DE
2026-03-10,23,63.94,85.315,14.934999999999999,75.0975,85.315,14.934999999999999,70.38,FR,DE
2026-03-11,0,60.78,74.18625,33.975,66.5475,74.18625,33.975,40.21,FR,DE
2026-03-11,1,52.5475,66.9125,18.7375,59.98,66.9125,18.7375,48.18,FR,DE
2026-03-11,2,47.44,63.50625,5.6499999999999995,56.65,63.50625,5.6499999999999995,57.86,FR,DE
2026-03-11,3,41.285,59.73625,0.0,49.155,59.73625,0.0,59.74,FR,DE
2026-03-11,4,48.0,67.595,2.105,57.7025,67.595,2.105,65.49,FR,DE
2026-03-11,5,65.045,79.3425,30.2025,69.5,79.3425,30.2025,49.14,FR,DE
2026-03-11,6,74.91499999999999,90.83500000000001,58.0925,77.95,90.83500000000001,58.0925,32.74,FR,DE
2026-03-11,7,74.78999999999999,82.285,72.6825,75.735,82.285,72.6825,9.6,FR,DE
2026-03-11,8,62.955,56.79375,61.2225,73.9175,73.9175,56.79375,17.12,DE,NL
2026-03-11,9,34.99,24.42142857142857,32.3025,52.1,52.1,24.42142857142857,27.68,DE,NL
2026-03-11,10,23.2975,10.2575,19.822499999999998,45.71,45.71,10.2575,35.45,DE,NL
2026-03-11,11,17.64,7.72,15.175,36.015,36.015,7.72,28.3,DE,NL
2026-03-11,12,25.78,10.807142857142859,22.822499999999998,39.379999999999995,39.379999999999995,10.807142857142859,28.57,DE,NL
2026-03-11,13,43.5475,34.50875,33.125,45.545,45.545,33.125,12.42,FR,NL
2026-03-11,14,69.515,79.16625,39.69,77.685,79.16625,39.69,39.48,FR,DE
2026-03-11,15,93.2325,104.55250000000001,53.715,99.2,104.55250000000001,53.715,50.84,FR,DE
2026-03-11,16,121.405,129.93875,89.42,125.39999999999999,129.93875,89.42,40.52,FR,DE
2026-03-11,17,147.37,153.485,129.08499999999998,149.95000000000002,153.485,129.08499999999998,24.4,FR,DE
2026-03-11,18,157.745,158.21375,158.55,157.305,158.55,157.305,1.25,NL,FR
2026-03-11,19,134.155,131.89124999999999,134.9925,133.2525,134.9925,131.89124999999999,3.1,DE,FR
2026-03-11,20,115.2325,121.11375,90.625,119.0,121.11375,90.625,30.49,FR,DE
2026-03-11,21,113.57,117.0625,95.7475,116.315,117.0625,95.7475,21.32,FR,DE
2026-03-11,22,101.945,103.18125,92.85,104.1425,104.1425,92.85,11.29,FR,NL
2026-03-11,23,96.7,97.225,79.5175,99.92,99.92,79.5175,20.4,FR,NL
2026-03-12,0,92.05250000000001,90.02125,84.53,92.525,92.525,84.53,8.0,FR,NL
2026-03-12,1,87.12,86.305,75.905,88.45,88.45,75.905,12.55,FR,NL
2026-03-12,2,83.64,85.66,63.925000000000004,86.71,86.71,63.925000000000004,22.78,FR,NL
2026-03-12,3,85.455,87.55375000000001,65.6425,88.35,88.35,65.6425,22.71,FR,NL
2026-03-12,4,93.435,96.72625,66.73750000000001,97.4725,97.4725,66.73750000000001,30.73,FR,NL
2026-03-12,5,121.0975,125.7325,91.22749999999999,126.325,126.325,91.22749999999999,35.1,FR,NL
2026-03-12,6,128.65,137.01375,111.30000000000001,132.335,137.01375,111.30000000000001,25.71,FR,DE
2026-03-12,7,103.6175,104.62,99.88,104.225,104.62,99.88,4.74,FR,DE
2026-03-12,8,72.8775,77.785,52.1525,76.4875,77.785,52.1525,25.63,FR,DE
2026-03-12,9,23.5225,28.04,8.872499999999999,25.5225,28.04,8.872499999999999,19.17,FR,DE
2026-03-12,10,0.9675,1.99125,-0.005,0.7625,1.99125,-0.005,2.0,FR,DE
2026-03-12,11,0.21,0.4525,-0.005,-0.265,0.4525,-0.265,0.72,NL,DE
2026-03-12,12,1.0274999999999999,-0.13500000000000006,,-0.013333333333333336,1.0274999999999999,-0.13500000000000006,1.16,DE,BE
2026-03-12,13,2.3075,0.2512500000000001,-0.005,0.8975,2.3075,-0.005,2.31,FR,BE
2026-03-12,14,5.4825,6.9,0.0,4.217499999999999,6.9,0.0,6.9,FR,DE
2026-03-12,15,42.82,56.72375,0.0,50.0,56.72375,0.0,56.72,FR,DE
2026-03-12,16,87.8725,104.4425,13.0225,98.5025,104.4425,13.0225,91.42,FR,DE
2026-03-12,17,109.2575,116.56875,78.875,113.37,116.56875,78.875,37.69,FR,DE
2026-03-12,18,111.97749999999999,106.545,111.11666666666667,110.0,111.97749999999999,106.545,5.43,DE,BE
2026-03-12,19,90.6225,82.7975,86.2975,89.575,90.6225,82.7975,7.83,DE,BE
2026-03-12,20,71.03750000000001,66.22,54.265,74.125,74.125,54.265,19.86,FR,NL
2026-03-12,21,63.1175,59.39,50.2675,63.6725,63.6725,50.2675,13.4,FR,NL
2026-03-12,22,23.25,22.195714285714285,25.8,20.045,25.8,20.045,5.75,NL,FR
2026-03-12,23,10.407499999999999,8.9625,9.6025,7.3549999999999995,10.407499999999999,7.3549999999999995,3.05,NL,BE
2026-03-13,0,7.8525,5.52125,9.73,4.9375,9.73,4.9375,4.79,NL,FR
2026-03-13,1,5.87,3.4625,5.7325,3.34,5.87,3.34,2.53,NL,BE
2026-03-13,2,3.5875,1.835,1.1400000000000001,1.2925,3.5875,1.1400000000000001,2.45,FR,BE
2026-03-13,3,4.3950000000000005,2.8,0.6375000000000001,1.9675,4.3950000000000005,0.6375000000000001,3.76,FR,BE
2026-03-13,4,5.2475000000000005,4.84375,2.8925,2.9074999999999998,5.2475000000000005,2.8925,2.36,FR,BE
2026-03-13,5,17.9625,16.3,14.6775,13.175,17.9625,13.175,4.79,NL,BE
2026-03-13,6,33.4875,29.91875,31.5075,41.0,41.0,29.91875,11.08,DE,NL
2026-03-13,7,38.7775,13.33625,35.2475,95.555,95.555,13.33625,82.22,DE,NL
2026-03-13,8,30.1675,3.7287500000000002,14.875,93.9,93.9,3.7287500000000002,90.17,DE,NL
2026-03-13,9,27.572499999999998,-3.66625,4.445,89.0275,89.0275,-3.66625,92.69,DE,NL
2026-03-13,10,47.0375,-5.94,5.035,75.3,75.3,-5.94,81.24,DE,NL
2026-03-13,11,55.945,-8.3475,17.935,67.0025,67.0025,-8.3475,75.35,DE,NL
2026-03-13,12,13.3,-1.6885714285714286,5.5575,55.0,55.0,-1.6885714285714286,56.69,DE,NL
2026-03-13,13,19.115000000000002,5.528333333333333,11.86,64.4,64.4,5.528333333333333,58.87,DE,NL
2026-03-13,14,51.31,46.68375,23.7725,81.865,81.865,23.7725,58.09,FR,NL
2026-03-13,15,87.245,100.05375000000001,30.567500000000003,109.83,109.83,30.567500000000003,79.26,FR,NL
2026-03-13,16,122.965,138.5925,77.0925,134.01,138.5925,77.0925,61.5,FR,DE
2026-03-13,17,141.48,159.84125,96.8625,152.0925,159.84125,96.8625,62.98,FR,DE
2026-03-13,18,163.32999999999998,159.80375,157.85750000000002,164.60250000000002,164.60250000000002,157.85750000000002,6.75,FR,NL
2026-03-13,19,138.4225,144.62375,121.39750000000001,142.2775,144.62375,121.39750000000001,23.23,FR,DE
2026-03-13,20,119.91499999999999,132.2175,93.3875,127.4325,132.2175,93.3875,38.83,FR,DE
2026-03-13,21,120.0375,126.61749999999999,109.82,124.16499999999999,126.61749999999999,109.82,16.8,FR,DE
2026-03-13,22,115.91499999999999,119.90625,115.9125,115.8775,119.90625,115.8775,4.03,NL,DE
2026-03-13,23,117.8775,112.16875,116.325,130.70250000000001,130.70250000000001,112.16875,18.53,DE,NL
2026-03-14,0,115.0175,109.185,113.1775,127.5,127.5,109.185,18.31,DE,NL
2026-03-14,1,108.1,105.79875,106.655,117.14,117.14,105.79875,11.34,DE,NL
2026-03-14,2,99.0075,104.315,77.2175,122.00999999999999,122.00999999999999,77.2175,44.79,FR,NL
2026-03-14,3,101.22999999999999,105.75625,86.2925,116.11500000000001,116.11500000000001,86.2925,29.82,FR,NL
2026-03-14,4,108.3575,109.395,104.6375,112.7,112.7,104.6375,8.06,FR,NL
2026-03-14,5,111.0375,110.9725,109.78,111.685,111.685,109.78,1.91,FR,NL
2026-03-14,6,118.91,115.65,115.985,119.605,119.605,115.65,3.95,DE,NL
2026-03-14,7,135.125,118.64625,129.42,135.06,135.125,118.64625,16.48,DE,BE
2026-03-14,8,123.1675,115.5525,123.71249999999999,120.89750000000001,123.71249999999999,115.5525,8.16,DE,FR
2026-03-14,9,111.215,106.34375,105.0025,111.10499999999999,111.215,105.0025,6.21,FR,BE
2026-03-14,10,100.94,99.85375,79.32249999999999,104.605,104.605,79.32249999999999,25.28,FR,NL
2026-03-14,11,105.25,99.095,91.2,106.95,106.95,91.2,15.75,FR,NL
2026-03-14,12,97.4075,98.51625,71.4075,102.8125,102.8125,71.4075,31.4,FR,NL
2026-03-14,13,100.41499999999999,101.815,72.3575,105.3725,105.3725,72.3575,33.02,FR,NL
2026-03-14,14,102.71,112.62375,64.5875,109.9225,112.62375,64.5875,48.04,FR,DE
2026-03-14,15,112.685,126.55625,78.78,121.8475,126.55625,78.78,47.78,FR,DE
2026-03-14,16,130.5025,142.3075,100.03999999999999,134.2425,142.3075,100.03999999999999,42.27,FR,DE
2026-03-14,17,161.1,165.91625,161.1,161.1,165.91625,161.1,4.82,FR,DE
2026-03-14,18,169.83499999999998,172.26874999999998,169.83499999999998,169.83499999999998,172.26874999999998,169.83499999999998,2.43,FR,DE
2026-03-14,19,150.265,148.1275,150.265,150.265,150.265,148.1275,2.14,DE,FR
2026-03-14,20,137.4525,135.8175,137.4525,137.4525,137.4525,135.8175,1.63,DE,FR
2026-03-14,21,135.2375,133.3725,135.2375,135.2375,135.2375,133.3725,1.87,DE,FR
2026-03-14,22,128.04500000000002,126.67125,128.04500000000002,128.04500000000002,128.04500000000002,126.67125,1.37,DE,FR
2026-03-14,23,139.4975,133.62625,138.57500000000002,140.42,140.42,133.62625,6.79,DE,NL
2026-03-15,0,135.98000000000002,129.71,135.185,136.6975,136.6975,129.71,6.99,DE,NL
2026-03-15,1,125.0325,123.34,122.35,125.9475,125.9475,122.35,3.6,FR,NL
2026-03-15,2,118.2525,121.76428571428572,102.6275,122.56,122.56,102.6275,19.93,FR,NL
2026-03-15,3,116.525,119.08375,103.5175,120.9725,120.9725,103.5175,17.45,FR,NL
2026-03-15,4,120.2325,121.21857142857142,112.12,122.45,122.45,112.12,10.33,FR,NL
2026-03-15,5,117.83500000000001,120.17875000000001,104.35,121.2325,121.2325,104.35,16.88,FR,NL
2026-03-15,6,110.7775,113.47875,88.05,116.78,116.78,88.05,28.73,FR,NL
2026-03-15,7,103.195,103.36,82.245,108.895,108.895,82.245,26.65,FR,NL
2026-03-15,8,79.425,87.27125,45.0,88.185,88.185,45.0,43.18,FR,NL
2026-03-15,9,63.837500000000006,75.80375000000001,6.8,75.5475,75.80375000000001,6.8,69.0,FR,DE
2026-03-15,10,52.6325,60.2,7.075,63.775000000000006,63.775000000000006,7.075,56.7,FR,NL
2026-03-15,11,39.7025,42.53375,8.565000000000001,46.81,46.81,8.565000000000001,38.25,FR,NL
2026-03-15,12,26.447499999999998,31.075,1.995,31.854999999999997,31.854999999999997,1.995,29.86,FR,NL
2026-03-15,13,26.125,32.2975,0.16,32.0925,32.2975,0.16,32.14,FR,DE
2026-03-15,14,44.3525,58.8225,0.74,53.7225,58.8225,0.74,58.08,FR,DE
2026-03-15,15,63.2775,87.07125,1.86,77.5475,87.07125,1.86,85.21,FR,DE
2026-03-15,16,100.555,123.51375,38.3225,115.3375,123.51375,38.3225,85.19,FR,DE
2026-03-15,17,131.2525,145.59428571428572,91.2225,140.85750000000002,145.59428571428572,91.2225,54.37,FR,DE
2026-03-15,18,128.7775,129.38,119.0275,130.8025,130.8025,119.0275,11.78,FR,NL
2026-03-15,19,97.8125,105.74125,66.6,105.08250000000001,105.74125,66.6,39.14,FR,DE
2026-03-15,20,80.89,90.2275,49.510000000000005,88.18,90.2275,49.510000000000005,40.72,FR,DE
2026-03-15,21,77.0775,79.3175,58.42,81.0575,81.0575,58.42,22.64,FR,NL
2026-03-15,22,57.4525,60.12625,35.66,61.99,61.99,35.66,26.33,FR,NL
2026-03-15,23,32.25,40.824999999999996,22.5125,33.137499999999996,40.824999999999996,22.5125,18.31,FR,DE
2026-03-16,0,23.497500000000002,34.5175,19.03,23.055,34.5175,19.03,15.49,FR,DE
2026-03-16,1,16.6275,30.545,9.565,16.605,30.545,9.565,20.98,FR,DE
2026-03-16,2,13.2,29.01875,4.88,13.76,29.01875,4.88,24.14,FR,DE
2026-03-16,3,17.29,31.53,5.0075,18.305,31.53,5.0075,26.52,FR,DE
2026-03-16,4,41.9725,53.365,35.9575,40.72,53.365,35.9575,17.41,FR,DE
2026-03-16,5,73.495,78.5025,77.91,70.0,78.5025,70.0,8.5,NL,DE
2026-03-16,6,98.8325,101.79625,99.65,97.42500000000001,101.79625,97.42500000000001,4.37,NL,DE
2026-03-16,7,96.355,95.80375,96.66,96.18,96.66,95.80375,0.86,DE,FR
2026-03-16,8,72.88,79.2525,72.67,73.0075,79.2525,72.67,6.58,FR,DE
2026-03-16,9,42.4,58.09625,42.215,42.5,58.09625,42.215,15.88,FR,DE
2026-03-16,10,17.35,37.71857142857143,17.3375,17.3575,37.71857142857143,17.3375,20.38,FR,DE
2026-03-16,11,13.765,32.424285714285716,14.844999999999999,12.895,32.424285714285716,12.895,19.53,NL,DE
2026-03-16,12,15.49,41.885714285714286,4.2275,16.002499999999998,41.885714285714286,4.2275,37.66,FR,DE
2026-03-16,13,36.2725,53.98625,11.190000000000001,39.335,53.98625,11.190000000000001,42.8,FR,DE
2026-03-16,14,55.9675,74.7725,21.4525,60.8275,74.7725,21.4525,53.32,FR,DE
2026-03-16,15,94.325,107.05499999999999,36.81,106.595,107.05499999999999,36.81,70.24,FR,DE
2026-03-16,16,131.01999999999998,139.4025,81.475,134.6625,139.4025,81.475,57.93,FR,DE
2026-03-16,17,165.8175,171.08375,165.99,165.74,171.08375,165.74,5.34,NL,DE
2026-03-16,18,179.9275,176.73,179.9,179.9425,179.9425,176.73,3.21,DE,NL
2026-03-16,19,154.85250000000002,157.44125,154.935,154.82,157.44125,154.82,2.62,NL,DE
2026-03-16,20,125.845,132.54125,125.9725,125.77250000000001,132.54125,125.77250000000001,6.77,NL,DE
2026-03-16,21,122.07249999999999,124.35625,122.17999999999999,122.0,124.35625,122.0,2.36,NL,DE
2026-03-16,22,99.0675,106.345,96.78999999999999,99.4575,106.345,96.78999999999999,9.56,FR,DE
2026-03-16,23,112.5475,112.76125,109.285,113.22500000000001,113.22500000000001,109.285,3.94,FR,NL
2026-03-17,0,103.7075,108.4,98.2075,104.80000000000001,108.4,98.2075,10.19,FR,DE
2026-03-17,1,103.4675,106.4625,94.88,105.205,106.4625,94.88,11.58,FR,DE
2026-03-17,2,100.71,105.56125,83.96000000000001,104.075,105.56125,83.96000000000001,21.6,FR,DE
2026-03-17,3,105.9425,111.06375,94.1325,108.32,111.06375,94.1325,16.93,FR,DE
2026-03-17,4,113.55,123.2575,94.9175,116.89,123.2575,94.9175,28.34,FR,DE
2026-03-17,5,137.93,147.30875,109.6325,143.35750000000002,147.30875,109.6325,37.68,FR,DE
2026-03-17,6,163.9975,164.1575,153.4975,166.16,166.16,153.4975,12.66,FR,NL
2026-03-17,7,150.495,149.05375,145.07,151.6525,151.6525,145.07,6.58,FR,NL
2026-03-17,8,118.08,123.61625,64.7125,120.685,123.61625,64.7125,58.9,FR,DE
2026-03-17,9,93.11,111.91,11.683333333333335,102.77250000000001,111.91,11.683333333333335,100.23,FR,DE
2026-03-17,10,78.345,101.16125,0.0033333333333333335,89.5075,101.16125,0.0033333333333333335,101.16,FR,DE
2026-03-17,11,70.4675,94.07714285714285,-0.005,82.785,94.07714285714285,-0.005,94.08,FR,DE
2026-03-17,12,71.265,94.78375,,83.9175,94.78375,71.265,23.52,BE,DE
2026-03-17,13,73.4975,99.30250000000001,,87.0425,99.30250000000001,73.4975,25.81,BE,DE
2026-03-17,14,82.8625,114.39375,0.0,98.9825,114.39375,0.0,114.39,FR,DE
2026-03-17,15,100.8275,136.58375,9.143333333333333,117.8075,136.58375,9.143333333333333,127.44,FR,DE
2026-03-17,16,137.0875,166.63875,55.4225,149.3775,166.63875,55.4225,111.22,FR,DE
2026-03-17,17,195.5025,216.47375,110.5975,208.9775,216.47375,110.5975,105.88,FR,DE
2026-03-17,18,167.885,170.2575,157.87333333333333,170.4175,170.4175,157.87333333333333,12.54,FR,NL
2026-03-17,19,139.885,143.14124999999999,129.4,141.9975,143.14124999999999,129.4,13.74,FR,DE
2026-03-17,20,115.3025,125.19625,79.505,122.59,125.19625,79.505,45.69,FR,DE
2026-03-17,21,103.5325,112.62,69.97,113.1,113.1,69.97,43.13,FR,NL
2026-03-17,22,90.42,99.67125,48.1775,106.58250000000001,106.58250000000001,48.1775,58.41,FR,NL
2026-03-17,23,88.0025,94.89875,37.56,106.8775,106.8775,37.56,69.32,FR,NL
2026-03-18,0,82.9325,90.57875,27.81,104.4975,104.4975,27.81,76.69,FR,NL
2026-03-18,1,85.22999999999999,88.5425,33.7875,104.685,104.685,33.7875,70.9,FR,NL
2026-03-18,2,84.105,89.88250000000001,28.622500000000002,105.63,105.63,28.622500000000002,77.01,FR,NL
2026-03-18,3,87.38,93.1675,28.7,111.4,111.4,28.7,82.7,FR,NL
2026-03-18,4,95.07249999999999,104.98,28.4,122.1,122.1,28.4,93.7,FR,NL
2026-03-18,5,114.21249999999999,131.4825,51.785,129.165,131.4825,51.785,79.7,FR,DE
2026-03-18,6,129.275,135.965,64.03999999999999,139.6825,139.6825,64.03999999999999,75.64,FR,NL
2026-03-18,7,93.9125,100.77,38.58,99.9375,100.77,38.58,62.19,FR,DE
2026-03-18,8,52.5125,63.46875,9.3875,62.95,63.46875,9.3875,54.08,FR,DE
2026-03-18,9,9.1775,8.58125,0.0,10.275,10.275,0.0,10.28,FR,NL
2026-03-18,10,-0.6625,-1.7,-0.010000000000000002,-1.1225,-0.010000000000000002,-1.7,1.69,DE,FR
2026-03-18,11,-1.2975,-5.03125,-0.3975,-1.8,-0.3975,-5.03125,4.63,DE,FR
2026-03-18,12,-1.19,-4.89625,-0.22666666666666666,-1.685,-0.22666666666666666,-4.89625,4.67,DE,FR
2026-03-18,13,1.78,0.20750000000000005,-0.043333333333333335,1.5825,1.78,-0.043333333333333335,1.82,FR,BE
2026-03-18,14,34.989999999999995,49.54625,-0.015000000000000001,42.045,49.54625,-0.015000000000000001,49.56,FR,DE
2026-03-18,15,86.41,107.61,-0.0025000000000000022,96.125,107.61,-0.0025000000000000022,107.61,FR,DE
2026-03-18,16,131.4725,151.14875,4.015000000000001,136.7375,151.14875,4.015000000000001,147.13,FR,DE
2026-03-18,17,168.8725,185.21,41.0175,171.4125,185.21,41.0175,144.19,FR,DE
2026-03-18,18,159.6525,173.3375,64.225,163.54250000000002,173.3375,64.225,109.11,FR,DE
2026-03-18,19,122.6925,149.6825,49.975,134.91,149.6825,49.975,99.71,FR,DE
2026-03-18,20,109.6925,135.6642857142857,36.79,119.5875,135.6642857142857,36.79,98.87,FR,DE
2026-03-18,21,108.0875,125.5375,46.215,115.0,125.5375,46.215,79.32,FR,DE
2026-03-18,22,99.85,117.1275,26.27,107.6475,117.1275,26.27,90.86,FR,DE
2026-03-18,23,101.58250000000001,109.61,28.2125,104.605,109.61,28.2125,81.4,FR,DE
2026-03-19,0,104.3425,111.345,26.400000000000002,107.91499999999999,111.345,26.400000000000002,84.94,FR,DE
2026-03-19,1,104.85249999999999,112.0775,20.615000000000002,108.8125,112.0775,20.615000000000002,91.46,FR,DE
2026-03-19,2,105.75,113.7925,15.1075,110.1525,113.7925,15.1075,98.68,FR,DE
2026-03-19,3,112.745,121.895,15.36,117.215,121.895,15.36,106.54,FR,DE
2026-03-19,4,122.315,132.1575,23.3525,126.39,132.1575,23.3525,108.8,FR,DE
2026-03-19,5,144.0075,160.47375,30.950000000000003,150.8575,160.47375,30.950000000000003,129.52,FR,DE
2026-03-19,6,165.945,158.94625,64.5875,160.3575,165.945,64.5875,101.36,FR,BE
2026-03-19,7,137.505,134.5725,33.474999999999994,137.0475,137.505,33.474999999999994,104.03,FR,BE
2026-03-19,8,81.08,94.285,6.8375,86.9175,94.285,6.8375,87.45,FR,DE
2026-03-19,9,46.6275,57.41125,0.0,51.472500000000004,57.41125,0.0,57.41,FR,DE
2026-03-19,10,6.025,9.733749999999999,-0.005,7.0,9.733749999999999,-0.005,9.74,FR,DE
2026-03-19,11,0.3875,2.475,-0.005,0.3625,2.475,-0.005,2.48,FR,DE
2026-03-19,12,3.3324999999999996,5.263333333333333,,3.2775,5.263333333333333,3.2775,1.99,NL,DE
2026-03-19,13,34.785,38.682500000000005,0.0,39.43,39.43,0.0,39.43,FR,NL
2026-03-19,14,64.7975,85.8275,,76.85,85.8275,64.7975,21.03,BE,DE
2026-03-19,15,96.1975,122.3925,0.67,109.5925,122.3925,0.67,121.72,FR,DE
2026-03-19,16,122.9625,155.9025,28.7,140.78,155.9025,28.7,127.2,FR,DE
2026-03-19,17,185.85,211.3075,73.5,206.875,211.3075,73.5,137.81,FR,DE
2026-03-19,18,164.4075,212.79625,100.5325,202.19,212.79625,100.5325,112.26,FR,DE
2026-03-19,19,142.6875,163.29500000000002,80.1225,153.2225,163.29500000000002,80.1225,83.17,FR,DE
2026-03-19,20,128.70749999999998,147.98375000000001,63.795,139.2375,147.98375000000001,63.795,84.19,FR,DE
2026-03-19,21,117.1175,139.92625,61.067499999999995,128.475,139.92625,61.067499999999995,78.86,FR,DE
2026-03-19,22,113.0575,132.44125,65.0075,123.2225,132.44125,65.0075,67.43,FR,DE
2026-03-19,23,121.28,145.385,63.2475,133.54749999999999,145.385,63.2475,82.14,FR,DE
2026-03-20,0,117.245,140.47,63.489999999999995,128.6575,140.47,63.489999999999995,76.98,FR,DE
2026-03-20,1,113.075,138.69625,56.2,125.3025,138.69625,56.2,82.5,FR,DE
2026-03-20,2,117.49,139.60125,43.68,127.91,139.60125,43.68,95.92,FR,DE
2026-03-20,3,111.1625,143.0825,42.0,125.9225,143.0825,42.0,101.08,FR,DE
2026-03-20,4,128.74,157.01875,62.24,141.66,157.01875,62.24,94.78,FR,DE
2026-03-20,5,161.6825,201.62999999999997,85.08,175.95499999999998,201.62999999999997,85.08,116.55,FR,DE
2026-03-20,6,181.0,225.23375,129.445,188.5,225.23375,129.445,95.79,FR,DE
2026-03-20,7,150.0625,170.29125,75.3125,155.565,170.29125,75.3125,94.98,FR,DE
2026-03-20,8,115.97,139.4075,36.2875,125.19,139.4075,36.2875,103.12,FR,DE
2026-03-20,9,79.02,102.34375,19.5025,91.445,102.34375,19.5025,82.84,FR,DE
2026-03-20,10,57.572500000000005,80.12125,4.036666666666666,69.08,80.12125,4.036666666666666,76.08,FR,DE
2026-03-20,11,48.2675,62.43,4.22,58.0125,62.43,4.22,58.21,FR,DE
2026-03-20,12,47.375,61.371249999999996,1.37,57.010000000000005,61.371249999999996,1.37,60.0,FR,DE
2026-03-20,13,62.917500000000004,84.11125,2.24,76.13250000000001,84.11125,2.24,81.87,FR,DE
2026-03-20,14,84.0225,115.19375,3.34,102.595,115.19375,3.34,111.85,FR,DE
2026-03-20,15,106.33500000000001,147.7775,11.0225,127.315,147.7775,11.0225,136.76,FR,DE
2026-03-20,16,137.845,178.31375,52.7575,154.39000000000001,178.31375,52.7575,125.56,FR,DE
2026-03-20,17,171.7025,224.04,106.22999999999999,195.2725,224.04,106.22999999999999,117.81,FR,DE
2026-03-20,18,188.0375,216.755,132.725,199.5275,216.755,132.725,84.03,FR,DE
2026-03-20,19,154.5725,181.3175,95.10249999999999,166.095,181.3175,95.10249999999999,86.22,FR,DE
2026-03-20,20,137.9975,160.99,77.83666666666666,149.86,160.99,77.83666666666666,83.15,FR,DE
2026-03-20,21,130.02,150.1,78.5,140.9325,150.1,78.5,71.6,FR,DE
2026-03-20,22,126.33999999999999,147.56375,75.07249999999999,136.9625,147.56375,75.07249999999999,72.49,FR,DE
2026-03-20,23,118.1375,141.27625,58.317499999999995,131.0125,141.27625,58.317499999999995,82.96,FR,DE
2026-03-21,0,114.685,136.79875,51.802499999999995,129.0,136.79875,51.802499999999995,85.0,FR,DE
2026-03-21,1,112.0875,134.60375,47.22,127.28999999999999,134.60375,47.22,87.38,FR,DE
2026-03-21,2,110.6975,132.05625,40.76,125.565,132.05625,40.76,91.3,FR,DE
2026-03-21,3,109.5075,131.4975,41.16,123.61,131.4975,41.16,90.34,FR,DE
2026-03-21,4,110.86,136.54749999999999,46.86666666666667,125.5725,136.54749999999999,46.86666666666667,89.68,FR,DE
2026-03-21,5,121.0625,142.19,56.3525,133.45,142.19,56.3525,85.84,FR,DE
2026-03-21,6,126.93,138.985,56.925,132.1275,138.985,56.925,82.06,FR,DE
2026-03-21,7,106.1675,123.06,45.1925,120.155,123.06,45.1925,77.87,FR,DE
2026-03-21,8,78.86500000000001,99.47749999999999,20.27,90.68,99.47749999999999,20.27,79.21,FR,DE
2026-03-21,9,57.072500000000005,77.3675,8.2275,68.0375,77.3675,8.2275,69.14,FR,DE
2026-03-21,10,33.745,50.051249999999996,3.05,40.53,50.051249999999996,3.05,47.0,FR,DE
2026-03-21,11,19.295,33.09125,7.1375,21.7075,33.09125,7.1375,25.95,FR,DE
2026-03-21,12,17.814999999999998,37.2375,1.6125,21.3525,37.2375,1.6125,35.62,FR,DE
2026-03-21,13,44.1875,69.79875,0.8625,54.415,69.79875,0.8625,68.94,FR,DE
2026-03-21,14,63.3875,92.52125,4.965,78.5275,92.52125,4.965,87.56,FR,DE
2026-03-21,15,81.7175,118.1625,6.09,101.41,118.1625,6.09,112.07,FR,DE
2026-03-21,16,111.685,144.215,24.245,128.69,144.215,24.245,119.97,FR,DE
2026-03-21,17,162.09,167.60125,65.85249999999999,168.72,168.72,65.85249999999999,102.87,FR,NL
2026-03-21,18,158.81,163.1175,93.03,162.6625,163.1175,93.03,70.09,FR,DE
2026-03-21,19,127.2175,142.5025,81.67666666666666,136.22,142.5025,81.67666666666666,60.83,FR,DE
2026-03-21,20,113.5625,129.06125,72.645,121.95,129.06125,72.645,56.42,FR,DE
2026-03-21,21,108.83,122.38499999999999,73.03,115.9,122.38499999999999,73.03,49.35,FR,DE
2026-03-21,22,96.9725,112.2125,60.9075,104.125,112.2125,60.9075,51.31,FR,DE
2026-03-21,23,94.12,107.32125,73.66499999999999,98.2,107.32125,73.66499999999999,33.66,FR,DE
2026-03-22,0,87.1175,102.24875,58.0,92.9275,102.24875,58.0,44.25,FR,DE
2026-03-22,1,82.2325,100.20375,45.88,89.9,100.20375,45.88,54.32,FR,DE
2026-03-22,2,78.555,100.37375,41.2,87.4925,100.37375,41.2,59.17,FR,DE
2026-03-22,3,80.965,102.6925,41.555,90.2475,102.6925,41.555,61.14,FR,DE
2026-03-22,4,82.495,107.18375,39.32,91.9425,107.18375,39.32,67.86,FR,DE
2026-03-22,5,84.9425,103.82875,44.79666666666666,93.10249999999999,103.82875,44.79666666666666,59.03,FR,DE
2026-03-22,6,76.52,87.85625,49.015,81.48,87.85625,49.015,38.84,FR,DE
2026-03-22,7,38.925000000000004,42.215,32.5875,40.9475,42.215,32.5875,9.63,FR,DE
2026-03-22,8,6.8549999999999995,8.805,6.8925,6.8175,8.805,6.8175,1.99,NL,DE
2026-03-22,9,-0.35750000000000004,-1.5575,-0.4266666666666667,-0.39,-0.35750000000000004,-1.5575,1.2,DE,BE
2026-03-22,10,-3.1275,-7.86875,-2.755,-4.0975,-2.755,-7.86875,5.11,DE,FR
2026-03-22,11,-1.9224999999999999,-22.0275,-1.38,-15.7275,-1.38,-22.0275,20.65,DE,FR
2026-03-22,12,-6.8125,-17.945,-3.4066666666666663,-9.0625,-3.4066666666666663,-17.945,14.54,DE,FR
2026-03-22,13,-0.7975000000000001,-7.205,-0.08500000000000008,-1.58,-0.08500000000000008,-7.205,7.12,DE,FR
2026-03-22,14,9.91,7.8149999999999995,1.4600000000000002,10.985,10.985,1.4600000000000002,9.52,FR,NL
2026-03-22,15,66.46000000000001,91.45375,3.9850000000000003,81.57499999999999,91.45375,3.9850000000000003,87.47,FR,DE
2026-03-22,16,114.2925,143.8175,37.19,130.4075,143.8175,37.19,106.63,FR,DE
2026-03-22,17,152.8775,173.73499999999999,78.62,163.0025,173.73499999999999,78.62,95.11,FR,DE
2026-03-22,18,162.4,174.61375,126.47999999999999,169.055,174.61375,126.47999999999999,48.13,FR,DE
2026-03-22,19,145.1825,162.97,87.0,156.86,162.97,87.0,75.97,FR,DE
2026-03-22,20,130.17249999999999,154.98125,71.3,143.60750000000002,154.98125,71.3,83.68,FR,DE
2026-03-22,21,127.77250000000001,148.79375,83.2875,137.34,148.79375,83.2875,65.51,FR,DE
2026-03-22,22,122.0575,142.3625,70.8525,132.32999999999998,142.3625,70.8525,71.51,FR,DE
2026-03-22,23,112.63,135.3525,67.4825,122.505,135.3525,67.4825,67.87,FR,DE
2026-03-23,0,114.81,130.2125,87.355,120.83500000000001,130.2125,87.355,42.86,FR,DE
2026-03-23,1,116.19,129.745,94.2225,120.97,129.745,94.2225,35.52,FR,DE
2026-03-23,2,110.4975,131.50125,67.5,119.6575,131.50125,67.5,64.0,FR,DE
2026-03-23,3,113.0,137.23,52.8125,125.425,137.23,52.8125,84.42,FR,DE
2026-03-23,4,131.35,154.41625,73.57249999999999,142.51749999999998,154.41625,73.57249999999999,80.84,FR,DE
2026-03-23,5,168.52,180.0575,136.0,174.825,180.0575,136.0,44.06,FR,DE
2026-03-23,6,183.39,180.0,176.8,184.74,184.74,176.8,7.94,FR,NL
2026-03-23,7,148.11,151.3025,148.1925,147.8425,151.3025,147.8425,3.46,NL,DE
2026-03-23,8,104.315,112.10125,89.4875,106.8125,112.10125,89.4875,22.61,FR,DE
2026-03-23,9,67.8275,81.79875,30.695,75.955,81.79875,30.695,51.1,FR,DE
2026-03-23,10,40.355000000000004,51.1425,12.1025,45.2025,51.1425,12.1025,39.04,FR,DE
2026-03-23,11,44.3875,40.54125,16.995,46.705,46.705,16.995,29.71,FR,NL
2026-03-23,12,60.19499999999999,57.22125,0.35000000000000003,66.3675,66.3675,0.35000000000000003,66.02,FR,NL
2026-03-23,13,74.8425,82.4075,13.61,85.41,85.41,13.61,71.8,FR,NL
2026-03-23,14,84.2025,110.925,12.127500000000001,102.0,110.925,12.127500000000001,98.8,FR,DE
2026-03-23,15,106.895,135.37125,31.415,123.46,135.37125,31.415,103.96,FR,DE
2026-03-23,16,156.52,181.1175,74.78999999999999,172.89749999999998,181.1175,74.78999999999999,106.33,FR,DE
2026-03-23,17,209.07500000000002,262.86,141.3175,249.5,262.86,141.3175,121.54,FR,DE
2026-03-23,18,227.845,244.6825,214.65,238.9025,244.6825,214.65,30.03,FR,DE
2026-03-23,19,193.3425,198.32125,163.0075,199.495,199.495,163.0075,36.49,FR,NL
2026-03-23,20,160.505,172.6225,120.94,168.085,172.6225,120.94,51.68,FR,DE
2026-03-23,21,148.175,154.72625,130.0775,152.19,154.72625,130.0775,24.65,FR,DE
2026-03-23,22,133.3075,140.7225,116.065,137.0575,140.7225,116.065,24.66,FR,DE
2026-03-23,23,125.355,139.0125,87.475,133.8175,139.0125,87.475,51.54,FR,DE
2026-03-24,0,109.5475,124.80375000000001,72.63,117.46,124.80375000000001,72.63,52.17,FR,DE
2026-03-24,1,95.795,112.5,60.835,103.57249999999999,112.5,60.835,51.66,FR,DE
2026-03-24,2,89.1075,103.44375,58.4,96.0125,103.44375,58.4,45.04,FR,DE
2026-03-24,3,88.1875,102.8725,58.22666666666667,94.8375,102.8725,58.22666666666667,44.65,FR,DE
2026-03-24,4,91.6475,105.9275,66.4525,96.0825,105.9275,66.4525,39.47,FR,DE
2026-03-24,5,106.7975,120.06875,91.4225,106.98,120.06875,91.4225,28.65,FR,DE
2026-03-24,6,113.285,119.165,113.0475,113.13,119.165,113.0475,6.12,FR,DE
2026-03-24,7,97.79750000000001,94.95875000000001,98.0,97.64250000000001,98.0,94.95875000000001,3.04,DE,FR
2026-03-24,8,70.21000000000001,66.3225,67.955,70.9175,70.9175,66.3225,4.59,DE,NL
2026-03-24,9,22.7125,17.40375,17.695,24.5,24.5,17.40375,7.1,DE,NL
2026-03-24,10,3.005,1.422857142857143,0.43,4.967499999999999,4.967499999999999,0.43,4.54,FR,NL
2026-03-24,11,1.37,0.12571428571428575,0.0,1.2266666666666666,1.37,0.0,1.37,FR,BE
2026-03-24,12,3.0325,-0.1814285714285715,-0.005,2.84,3.0325,-0.1814285714285715,3.21,DE,BE
2026-03-24,13,4.49,0.5487500000000001,-0.0025000000000000005,3.5725,4.49,-0.0025000000000000005,4.49,FR,BE
2026-03-24,14,18.2425,11.248750000000001,0.0,21.15,21.15,0.0,21.15,FR,NL
2026-03-24,15,65.3825,58.24875,4.765,77.4325,77.4325,4.765,72.67,FR,NL
2026-03-24,16,89.6525,102.72375000000001,19.765,112.885,112.885,19.765,93.12,FR,NL
2026-03-24,17,119.4225,128.48375,66.77250000000001,135.8825,135.8825,66.77250000000001,69.11,FR,NL
2026-03-24,18,136.4425,125.41375,127.7175,141.72500000000002,141.72500000000002,125.41375,16.31,DE,NL
2026-03-24,19,102.5325,93.5775,91.5125,111.105,111.105,91.5125,19.59,FR,NL
2026-03-24,20,77.00750000000001,64.29125,43.515,99.03,99.03,43.515,55.52,FR,NL
2026-03-24,21,68.795,45.4875,52.0225,82.6775,82.6775,45.4875,37.19,DE,NL
2026-03-24,22,29.16,11.89875,29.335,31.8975,31.8975,11.89875,20.0,DE,NL
2026-03-24,23,3.935,1.35375,3.0,1.81,3.935,1.35375,2.58,DE,BE
2026-03-25,0,1.385,-0.2375,0.36750000000000005,0.36750000000000005,1.385,-0.2375,1.62,DE,BE
2026-03-25,1,1.0150000000000001,-0.6066666666666667,-0.01,-0.01,1.0150000000000001,-0.6066666666666667,1.62,DE,BE
2026-03-25,2,-0.01,-1.7433333333333334,-0.02,,-0.01,-1.7433333333333334,1.73,DE,BE
2026-03-25,3,0.0,-1.064,-0.01,0.0,0.0,-1.064,1.06,DE,NL
2026-03-25,4,2.0225,-0.37499999999999983,0.0,0.6733333333333333,2.0225,-0.37499999999999983,2.4,DE,BE
2026-03-25,5,6.2125,6.4775,1.85,4.775,6.4775,1.85,4.63,FR,DE
2026-03-25,6,16.035,12.344999999999999,13.1025,19.0675,19.0675,12.344999999999999,6.72,DE,NL
2026-03-25,7,20.384999999999998,7.2371428571428575,13.0175,49.9975,49.9975,7.2371428571428575,42.76,DE,NL
2026-03-25,8,10.0425,1.5185714285714287,0.7325,23.16,23.16,0.7325,22.43,FR,NL
2026-03-25,9,2.555,0.03857142857142854,-0.005,6.4275,6.4275,-0.005,6.43,FR,NL
2026-03-25,10,0.29,0.027500000000000024,,0.9525,0.9525,0.027500000000000024,0.92,DE,NL
2026-03-25,11,0.125,0.17666666666666667,-0.005,0.0825,0.17666666666666667,-0.005,0.18,FR,DE
2026-03-25,12,0.8225,0.09499999999999997,-0.01,0.4125,0.8225,-0.01,0.83,FR,BE
2026-03-25,13,3.2775,0.068,-0.005,2.275,3.2775,-0.005,3.28,FR,BE
2026-03-25,14,9.1225,6.3,-0.005,8.6525,9.1225,-0.005,9.13,FR,BE
2026-03-25,15,35.3725,50.79714285714285,0.0,42.39,50.79714285714285,0.0,50.8,FR,DE
2026-03-25,16,76.3875,96.0825,7.57,98.8875,98.8875,7.57,91.32,FR,NL
2026-03-25,17,114.26,128.84375,50.43,130.7375,130.7375,50.43,80.31,FR,NL
2026-03-25,18,138.7625,150.88125,82.8475,150.825,150.88125,82.8475,68.03,FR,DE
2026-03-25,19,119.0225,128.06625,54.095,145.70749999999998,145.70749999999998,54.095,91.61,FR,NL
2026-03-25,20,99.4425,116.3575,44.1425,123.0225,123.0225,44.1425,78.88,FR,NL
2026-03-25,21,97.5125,106.1225,60.0,112.6875,112.6875,60.0,52.69,FR,NL
2026-03-25,22,82.8025,87.17714285714285,58.215,91.135,91.135,58.215,32.92,FR,NL
2026-03-25,23,89.97749999999999,91.46000000000001,65.945,95.5225,95.5225,65.945,29.58,FR,NL
2026-03-26,0,85.195,85.94624999999999,61.127500000000005,90.9375,90.9375,61.127500000000005,29.81,FR,NL
2026-03-26,1,80.8325,81.1925,53.48,87.4,87.4,53.48,33.92,FR,NL
2026-03-26,2,79.445,82.29375,40.29,88.8275,88.8275,40.29,48.54,FR,NL
2026-03-26,3,83.0125,85.2925,45.582499999999996,91.9,91.9,45.582499999999996,46.32,FR,NL
2026-03-26,4,96.5,94.38374999999999,73.0975,101.7,101.7,73.0975,28.6,FR,NL
2026-03-26,5,116.6875,113.78625,105.655,118.67,118.67,105.655,13.02,FR,NL
2026-03-26,6,137.9475,131.41375,137.865,137.7,137.9475,131.41375,6.53,DE,BE
2026-03-26,7,125.9675,108.14375,125.99,125.9025,125.99,108.14375,17.85,DE,FR
2026-03-26,8,84.66,72.825,72.1475,86.3725,86.3725,72.1475,14.23,FR,NL
2026-03-26,9,39.7075,29.2775,13.7325,40.72,40.72,13.7325,26.99,FR,NL
2026-03-26,10,16.805,7.795,3.2775,15.595,16.805,3.2775,13.53,FR,BE
2026-03-26,11,8.57,1.9725000000000001,0.465,6.5125,8.57,0.465,8.1,FR,BE
2026-03-26,12,5.3825,0.69625,,3.42,5.3825,0.69625,4.69,DE,BE
2026-03-26,13,10.7175,5.05125,0.0,9.49,10.7175,0.0,10.72,FR,BE
2026-03-26,14,30.7075,23.087500000000002,2.4533333333333336,35.28,35.28,2.4533333333333336,32.83,FR,NL
2026-03-26,15,65.6575,73.4925,24.7325,75.0,75.0,24.7325,50.27,FR,NL
2026-03-26,16,100.2075,113.47875,48.317499999999995,115.92,115.92,48.317499999999995,67.6,FR,NL
2026-03-26,17,147.765,150.57,130.46,152.1,152.1,130.46,21.64,FR,NL
2026-03-26,18,166.0,162.42875,165.14,166.55,166.55,162.42875,4.12,DE,NL
2026-03-26,19,153.025,145.115,152.5225,153.35750000000002,153.35750000000002,145.115,8.24,DE,NL
2026-03-26,20,130.34,128.825,130.215,130.4,130.4,128.825,1.58,DE,NL
2026-03-26,21,124.6525,122.155,124.7875,124.56,124.7875,122.155,2.63,DE,FR
2026-03-26,22,119.78,112.32,118.38499999999999,126.2725,126.2725,112.32,13.95,DE,NL
2026-03-26,23,119.6525,120.19625,119.7925,119.53999999999999,120.19625,119.53999999999999,0.66,NL,DE
2026-03-27,0,119.7975,119.3,119.95,119.6625,119.95,119.3,0.65,DE,FR
2026-03-27,1,117.3425,119.66125,117.3425,117.3425,119.66125,117.3425,2.32,FR,DE
2026-03-27,2,117.8325,119.07124999999999,117.8325,117.8325,119.07124999999999,117.8325,1.24,FR,DE
2026-03-27,3,120.2475,123.12375,120.2475,120.2475,123.12375,120.2475,2.88,FR,DE
2026-03-27,4,136.525,137.78125,136.5625,136.49,137.78125,136.49,1.29,NL,DE
2026-03-27,5,172.45499999999998,168.30625,172.31,172.5325,172.5325,168.30625,4.23,DE,NL
2026-03-27,6,176.19,172.78875,176.025,176.3025,176.3025,172.78875,3.51,DE,NL
2026-03-27,7,148.1,152.56625,148.3975,147.7825,152.56625,147.7825,4.78,NL,DE
2026-03-27,8,115.1975,121.05,115.885,114.57,121.05,114.57,6.48,NL,DE
2026-03-27,9,89.36,91.85,90.6775,88.35249999999999,91.85,88.35249999999999,3.5,NL,DE
2026-03-27,10,75.695,75.12375,77.4525,74.3725,77.4525,74.3725,3.08,NL,FR
2026-03-27,11,65.975,63.81125,67.2925,64.82000000000001,67.2925,63.81125,3.48,DE,FR
2026-03-27,12,58.47,64.44875,50.99,59.4025,64.44875,50.99,13.46,FR,DE
2026-03-27,13,69.35,75.17,55.207499999999996,72.075,75.17,55.207499999999996,19.96,FR,DE
2026-03-27,14,92.5275,94.775,92.28999999999999,92.415,94.775,92.28999999999999,2.49,FR,DE
2026-03-27,15,102.76,109.44125,102.635,102.9075,109.44125,102.635,6.81,FR,DE
2026-03-27,16,126.1825,147.225,93.1625,132.8425,147.225,93.1625,54.06,FR,DE
2026-03-27,17,152.59,165.1775,137.8,155.725,165.1775,137.8,27.38,FR,DE
2026-03-27,18,167.22,166.40625,166.39,167.745,167.745,166.39,1.36,FR,NL
2026-03-27,19,142.1175,144.51749999999998,140.985,142.495,144.51749999999998,140.985,3.53,FR,DE
2026-03-27,20,118.43,121.14375,118.015,118.7075,121.14375,118.015,3.13,FR,DE
2026-03-27,21,116.66,116.73,116.66,116.66,116.73,116.66,0.07,FR,DE
2026-03-27,22,106.0125,106.24375,106.0125,106.0125,106.24375,106.0125,0.23,FR,DE
2026-03-27,23,95.135,92.43375,95.135,95.135,95.135,92.43375,2.7,DE,FR
2026-03-28,0,92.645,90.5325,92.5775,92.66499999999999,92.66499999999999,90.5325,2.13,DE,NL
2026-03-28,1,87.8925,84.18625,82.115,89.5475,89.5475,82.115,7.43,FR,NL
2026-03-28,2,81.965,82.98875,62.8975,87.2625,87.2625,62.8975,24.36,FR,NL
2026-03-28,3,81.1225,85.60875,56.2325,88.1175,88.1175,56.2325,31.89,FR,NL
2026-03-28,4,83.845,87.0125,60.695,88.12,88.12,60.695,27.43,FR,NL
2026-03-28,5,81.2825,85.36125,62.995,84.6325,85.36125,62.995,22.37,FR,DE
2026-03-28,6,76.6525,78.67875000000001,69.7925,78.0025,78.67875000000001,69.7925,8.89,FR,DE
2026-03-28,7,68.3,68.81125,68.3,68.3,68.81125,68.3,0.51,FR,DE
2026-03-28,8,44.61,52.27625,43.777499999999996,44.735,52.27625,43.777499999999996,8.5,FR,DE
2026-03-28,9,17.5825,31.095,17.5825,17.5825,31.095,17.5825,13.51,FR,DE
2026-03-28,10,6.67,17.964285714285715,4.09,7.1275,17.964285714285715,4.09,13.87,FR,DE
2026-03-28,11,6.6225,17.73625,6.43,6.6575,17.73625,6.43,11.31,FR,DE
2026-03-28,12,5.5175,18.875,4.2775,5.0,18.875,4.2775,14.6,FR,DE
2026-03-28,13,11.475,29.77,5.035,10.219999999999999,29.77,5.035,24.74,FR,DE
2026-03-28,14,29.3575,64.97,3.66,33.9975,64.97,3.66,61.31,FR,DE
2026-03-28,15,60.88250000000001,88.1175,7.8,71.1425,88.1175,7.8,80.32,FR,DE
2026-03-28,16,90.1375,117.63125,34.8975,99.545,117.63125,34.8975,82.73,FR,DE
2026-03-28,17,132.735,146.4,116.77,135.6975,146.4,116.77,29.63,FR,DE
2026-03-28,18,154.07,155.88875000000002,154.07,154.07,155.88875000000002,154.07,1.82,FR,DE
2026-03-28,19,140.1625,142.595,127.6875,143.95,143.95,127.6875,16.26,FR,NL
2026-03-28,20,124.86,130.17499999999998,102.7175,131.59,131.59,102.7175,28.87,FR,NL
2026-03-28,21,120.6975,122.9225,105.7225,125.33000000000001,125.33000000000001,105.7225,19.61,FR,NL
2026-03-28,22,119.58,113.35374999999999,119.58,119.58,119.58,113.35374999999999,6.23,DE,FR
2026-03-28,23,110.8725,111.99249999999999,100.0,113.9975,113.9975,100.0,14.0,FR,NL
2026-03-29,0,103.3625,92.24857142857142,89.8375,107.655,107.655,89.8375,17.82,FR,NL
2026-03-29,1,88.275,106.074,45.4125,101.165,106.074,45.4125,60.66,FR,DE
2026-03-29,2,86.745,103.85499999999999,26.0525,105.225,105.225,26.0525,79.17,FR,NL
2026-03-29,3,92.685,103.0425,52.522499999999994,104.605,104.605,52.522499999999994,52.08,FR,NL
2026-03-29,4,109.2125,101.8025,107.47749999999999,109.755,109.755,101.8025,7.95,DE,NL
2026-03-29,5,115.03999999999999,100.5775,115.0375,115.0425,115.0425,100.5775,14.47,DE,NL
2026-03-29,6,114.82249999999999,106.48375,114.80250000000001,114.8375,114.8375,106.48375,8.35,DE,NL
2026-03-29,7,88.805,93.49875,73.9675,91.215,93.49875,73.9675,19.53,FR,DE
2026-03-29,8,62.93,66.19,31.755000000000003,67.98,67.98,31.755000000000003,36.22,FR,NL
2026-03-29,9,36.745,50.74375,12.9775,40.6525,50.74375,12.9775,37.77,FR,DE
2026-03-29,10,12.95,22.54,15.094999999999999,11.16,22.54,11.16,11.38,NL,DE
2026-03-29,11,2.47,11.99625,4.262499999999999,1.345,11.99625,1.345,10.65,NL,DE
2026-03-29,12,-0.5925,7.82375,0.4333333333333333,-1.1875,7.82375,-1.1875,9.01,NL,DE
2026-03-29,13,-0.7050000000000001,9.2125,0.34249999999999997,-2.03,9.2125,-2.03,11.24,NL,DE
2026-03-29,14,2.2625,4.184285714285714,2.5775,-0.125,4.184285714285714,-0.125,4.31,NL,DE
2026-03-29,15,28.7375,28.03,13.425,30.465,30.465,13.425,17.04,FR,NL
2026-03-29,16,78.46000000000001,86.75874999999999,50.04,83.60249999999999,86.75874999999999,50.04,36.72,FR,DE
2026-03-29,17,106.895,113.37125,107.2725,106.19749999999999,113.37125,106.19749999999999,7.17,NL,DE
2026-03-29,18,95.06,113.08875,91.3625,95.05,113.08875,91.3625,21.73,FR,DE
2026-03-29,19,67.21,91.43625,43.0125,71.16,91.43625,43.0125,48.42,FR,DE
2026-03-29,20,59.285,72.64999999999999,34.17,63.449999999999996,72.64999999999999,34.17,38.48,FR,DE
2026-03-29,21,29.705000000000002,32.82375,28.682499999999997,27.83,32.82375,27.83,4.99,NL,DE
2026-03-29,22,11.7175,19.49875,14.6325,9.605,19.49875,9.605,9.89,NL,DE
2026-03-29,23,6.34,13.71125,8.3575,3.94,13.71125,3.94,9.77,NL,DE
2026-03-30,0,6.077500000000001,13.005,4.875,4.545,13.005,4.545,8.46,NL,DE
2026-03-30,1,4.5975,11.1375,2.35,3.1425,11.1375,2.35,8.79,FR,DE
2026-03-30,2,4.8575,16.525000000000002,2.4125,3.59,16.525000000000002,2.4125,14.11,FR,DE
2026-03-30,3,16.4125,33.7425,4.205,16.939999999999998,33.7425,4.205,29.54,FR,DE
2026-03-30,4,57.9175,77.83375,24.86,63.522499999999994,77.83375,24.86,52.97,FR,DE
2026-03-30,5,96.1975,103.87125,92.2575,92.99249999999999,103.87125,92.2575,11.61,FR,DE
2026-03-30,6,115.715,109.81125,120.25999999999999,112.0,120.25999999999999,109.81125,10.45,DE,FR
2026-03-30,7,100.7025,99.5225,99.7225,98.85,100.7025,98.85,1.85,NL,BE
2026-03-30,8,77.08,77.87375,74.725,75.0825,77.87375,74.725,3.15,FR,DE
2026-03-30,9,47.795,56.28375,45.9975,45.9975,56.28375,45.9975,10.29,FR,DE
2026-03-30,10,27.57,40.894999999999996,19.69,24.38,40.894999999999996,19.69,21.2,FR,DE
2026-03-30,11,17.6475,30.134999999999998,11.4,10.6375,30.134999999999998,10.6375,19.5,NL,DE
2026-03-30,12,15.807500000000001,20.93,7.5425,7.5525,20.93,7.5425,13.39,FR,DE
2026-03-30,13,17.2075,23.71125,11.477500000000001,12.9375,23.71125,11.477500000000001,12.23,FR,DE
2026-03-30,14,32.25,46.42375,3.635,33.6875,46.42375,3.635,42.79,FR,DE
2026-03-30,15,60.315,81.01,4.7825,69.86,81.01,4.7825,76.23,FR,DE
2026-03-30,16,94.0125,108.4225,35.332499999999996,100.0,108.4225,35.332499999999996,73.09,FR,DE
2026-03-30,17,126.09,127.625,121.92750000000001,125.07,127.625,121.92750000000001,5.7,FR,DE
2026-03-30,18,131.1875,132.08125,133.70499999999998,129.5175,133.70499999999998,129.5175,4.19,NL,FR
2026-03-30,19,124.0675,126.1625,98.9325,129.9,129.9,98.9325,30.97,FR,NL
2026-03-30,20,120.255,116.9875,89.155,135.775,135.775,89.155,46.62,FR,NL
2026-03-30,21,110.51,106.39125,101.85249999999999,115.7525,115.7525,101.85249999999999,13.9,FR,NL
2026-03-30,22,110.16,107.1225,93.3775,122.66749999999999,122.66749999999999,93.3775,29.29,FR,NL
2026-03-30,23,103.4325,99.46125,93.2925,110.6825,110.6825,93.2925,17.39,FR,NL
2026-03-31,0,100.5325,98.30625,86.7475,108.0025,108.0025,86.7475,21.25,FR,NL
2026-03-31,1,97.8775,97.97,71.2375,109.3475,109.3475,71.2375,38.11,FR,NL
2026-03-31,2,98.5475,99.37375,71.1775,110.0025,110.0025,71.1775,38.83,FR,NL
2026-03-31,3,106.1925,107.52,89.0975,110.3325,110.3325,89.0975,21.24,FR,NL
2026-03-31,4,139.1775,130.81125,139.4275,138.4175,139.4275,130.81125,8.62,DE,FR
2026-03-31,5,153.4275,149.9625,152.9025,152.9,153.4275,149.9625,3.47,DE,BE
2026-03-31,6,164.9875,157.01,165.525,164.4075,165.525,157.01,8.52,DE,FR
2026-03-31,7,138.895,132.68,139.8725,136.9475,139.8725,132.68,7.19,DE,FR
2026-03-31,8,108.3,107.41125,109.7175,106.0,109.7175,106.0,3.72,NL,FR
2026-03-31,9,90.05,86.13,85.8,88.6325,90.05,85.8,4.25,FR,BE
2026-03-31,10,82.2375,72.875,79.705,80.425,82.2375,72.875,9.36,DE,BE
2026-03-31,11,60.0,47.96625,57.1325,57.61750000000001,60.0,47.96625,12.03,DE,BE
2026-03-31,12,57.635,46.691250000000004,54.765,57.1575,57.635,46.691250000000004,10.94,DE,BE
2026-03-31,13,70.005,53.85125,63.052499999999995,73.33500000000001,73.33500000000001,53.85125,19.48,DE,NL
2026-03-31,14,84.7325,79.27375,73.7475,90.9875,90.9875,73.7475,17.24,FR,NL
2026-03-31,15,111.455,110.33375,91.11,122.52,122.52,91.11,31.41,FR,NL
2026-03-31,16,149.375,145.77125,144.825,150.26000000000002,150.26000000000002,144.825,5.44,FR,NL
2026-03-31,17,173.6675,171.66875,171.1,174.2625,174.2625,171.1,3.16,FR,NL
2026-03-31,18,174.21,176.9875,170.0,175.0225,176.9875,170.0,6.99,FR,DE
2026-03-31,19,158.70999999999998,165.375,119.4675,165.3125,165.375,119.4675,45.91,FR,DE
2026-03-31,20,156.82,154.01375000000002,152.2,157.5875,157.5875,152.2,5.39,FR,NL
2026-03-31,21,145.12,143.18625,135.0,146.815,146.815,135.0,11.81,FR,NL
2026-03-31,22,142.2475,143.54625,132.3025,143.8875,143.8875,132.3025,11.58,FR,NL
2026-03-31,23,129.03,134.10142857142856,127.39,129.26,134.10142857142856,127.39,6.71,FR,DE
2026-04-01,0,122.27250000000001,130.555,112.9475,123.8225,130.555,112.9475,17.61,FR,DE
2026-04-01,1,129.4275,131.32125,129.4275,129.4275,131.32125,129.4275,1.89,FR,DE
2026-04-01,2,133.1225,136.61875,124.32,134.535,136.61875,124.32,12.3,FR,DE
2026-04-01,3,137.7,148.2625,103.865,143.58499999999998,148.2625,103.865,44.4,FR,DE
2026-04-01,4,166.035,182.89,121.2375,172.9825,182.89,121.2375,61.65,FR,DE
2026-04-01,5,199.115,224.9725,162.525,218.2775,224.9725,162.525,62.45,FR,DE
2026-04-01,6,199.97750000000002,196.85375,199.97750000000002,199.97750000000002,199.97750000000002,196.85375,3.12,DE,FR
2026-04-01,7,171.54,165.4575,171.5275,171.515,171.54,165.4575,6.08,DE,BE
2026-04-01,8,141.26999999999998,138.7075,141.9575,140.655,141.9575,138.7075,3.25,DE,FR
2026-04-01,9,130.25,125.30125,131.55,129.06,131.55,125.30125,6.25,DE,FR
2026-04-01,10,117.0475,110.865,118.215,116.015,118.215,110.865,7.35,DE,FR
2026-04-01,11,99.1525,89.71625,101.7325,97.0725,101.7325,89.71625,12.02,DE,FR
2026-04-01,12,91.6875,81.03,94.3425,89.58,94.3425,81.03,13.31,DE,FR
2026-04-01,13,97.175,88.27000000000001,98.4175,95.8825,98.4175,88.27000000000001,10.15,DE,FR
2026-04-01,14,106.745,103.4075,106.67750000000001,106.2575,106.745,103.4075,3.34,DE,BE
2026-04-01,15,130.3475,126.19625,130.1,130.25,130.3475,126.19625,4.15,DE,BE
2026-04-01,16,150.2775,165.6325,143.79,151.1475,165.6325,143.79,21.84,FR,DE
2026-04-01,17,181.365,200.10375,173.73000000000002,186.6625,200.10375,173.73000000000002,26.37,FR,DE
2026-04-01,18,175.0125,195.13125,168.3,179.475,195.13125,168.3,26.83,FR,DE
2026-04-01,19,165.6475,169.26625,165.1,165.73000000000002,169.26625,165.1,4.17,FR,DE
2026-04-01,20,151.20749999999998,152.00625,146.45499999999998,151.9375,152.00625,146.45499999999998,5.55,FR,DE
2026-04-01,21,132.055,135.73125,126.9,132.8875,135.73125,126.9,8.83,FR,DE
2026-04-01,22,125.3775,125.48625,120.015,126.3275,126.3275,120.015,6.31,FR,NL
2026-04-01,23,118.995,118.9475,118.995,118.995,118.995,118.9475,0.05,DE,FR
2026-04-02,0,114.13,114.94375,114.13,114.13,114.94375,114.13,0.81,FR,DE
2026-04-02,1,106.49,111.66571428571429,98.265,107.8175,111.66571428571429,98.265,13.4,FR,DE
2026-04-02,2,105.705,113.32875,100.5425,106.5925,113.32875,100.5425,12.79,FR,DE
2026-04-02,3,118.75750000000001,124.55375,117.1375,119.0325,124.55375,117.1375,7.42,FR,DE
2026-04-02,4,146.65,151.10875000000001,130.4525,149.49,151.10875000000001,130.4525,20.66,FR,DE
2026-04-02,5,160.0075,163.24,160.0075,160.0075,163.24,160.0075,3.23,FR,DE
2026-04-02,6,157.6425,156.82125000000002,157.63,157.65,157.65,156.82125000000002,0.83,DE,NL
2026-04-02,7,127.99,123.1625,130.54749999999999,121.485,130.54749999999999,121.485,9.06,NL,FR
2026-04-02,8,117.735,94.83125,112.1925,116.275,117.735,94.83125,22.9,DE,BE
2026-04-02,9,105.4425,73.83375000000001,100.0625,119.0025,119.0025,73.83375000000001,45.17,DE,NL
2026-04-02,10,92.60249999999999,62.93125,88.57000000000001,110.3025,110.3025,62.93125,47.37,DE,NL
2026-04-02,11,82.135,47.28125,74.36500000000001,94.22749999999999,94.22749999999999,47.28125,46.95,DE,NL
2026-04-02,12,82.64750000000001,52.79875,69.46000000000001,85.54,85.54,52.79875,32.74,DE,NL
2026-04-02,13,88.405,70.335,69.7425,90.78,90.78,69.7425,21.04,FR,NL
2026-04-02,14,93.9625,91.47875,61.1125,107.3,107.3,61.1125,46.19,FR,NL
2026-04-02,15,106.4525,112.47,78.0875,117.715,117.715,78.0875,39.63,FR,NL
2026-04-02,16,122.91499999999999,137.03875,90.1925,129.0,137.03875,90.1925,46.85,FR,DE
2026-04-02,17,155.925,159.00375,139.0325,158.88,159.00375,139.0325,19.97,FR,DE
2026-04-02,18,153.135,156.6025,135.0075,156.245,156.6025,135.0075,21.6,FR,DE
2026-04-02,19,141.9,146.92375,128.3075,144.42000000000002,146.92375,128.3075,18.62,FR,DE
2026-04-02,20,132.53,137.22125,125.3975,133.735,137.22125,125.3975,11.82,FR,DE
2026-04-02,21,123.16749999999999,125.97749999999999,120.455,123.5925,125.97749999999999,120.455,5.52,FR,DE
2026-04-02,22,131.08,131.5025,122.8125,132.405,132.405,122.8125,9.59,FR,NL
2026-04-02,23,121.99,122.47375,121.97749999999999,121.9875,122.47375,121.97749999999999,0.5,FR,DE
2026-04-03,0,118.46000000000001,120.20625,114.8725,119.0125,120.20625,114.8725,5.33,FR,DE
2026-04-03,1,114.99000000000001,118.93625,105.945,116.3825,118.93625,105.945,12.99,FR,DE
2026-04-03,2,115.3675,119.595,99.3,117.9075,119.595,99.3,20.3,FR,DE
2026-04-03,3,113.145,121.94,78.89500000000001,118.4975,121.94,78.89500000000001,43.04,FR,DE
2026-04-03,4,128.225,130.945,111.5025,130.655,130.945,111.5025,19.44,FR,DE
2026-04-03,5,136.25,132.43125,136.5925,136.06,136.5925,132.43125,4.16,DE,FR
2026-04-03,6,131.0575,127.32000000000001,131.07,131.05,131.07,127.32000000000001,3.75,DE,FR
2026-04-03,7,113.5325,111.4375,113.7325,113.38,113.7325,111.4375,2.3,DE,FR
2026-04-03,8,86.015,81.7375,86.24249999999999,85.8675,86.24249999999999,81.7375,4.5,DE,FR
2026-04-03,9,53.177499999999995,48.1325,53.36,53.057500000000005,53.36,48.1325,5.23,DE,FR
2026-04-03,10,27.305,18.63375,27.5625,27.145,27.5625,18.63375,8.93,DE,FR
2026-04-03,11,10.3825,6.64625,10.7725,10.1675,10.7725,6.64625,4.13,DE,FR
2026-04-03,12,2.4124999999999996,2.3714285714285714,3.115,2.0949999999999998,3.115,2.0949999999999998,1.02,NL,FR
2026-04-03,13,4.359999999999999,2.608571428571428,5.550000000000001,3.8150000000000004,5.550000000000001,2.608571428571428,2.94,DE,FR
2026-04-03,14,20.552500000000002,15.383750000000001,5.7625,24.1125,24.1125,5.7625,18.35,FR,NL
2026-04-03,15,60.2425,61.2925,27.6975,69.61,69.61,27.6975,41.91,FR,NL
2026-04-03,16,88.1075,89.54125,63.22,100.0,100.0,63.22,36.78,FR,NL
2026-04-03,17,103.00999999999999,104.43375,70.5275,124.7,124.7,70.5275,54.17,FR,NL
2026-04-03,18,104.215,98.36875,89.8475,121.5625,121.5625,89.8475,31.72,FR,NL
2026-04-03,19,92.8175,86.025,84.9375,109.2,109.2,84.9375,24.26,FR,NL
2026-04-03,20,89.8125,80.04124999999999,90.9025,100.6,100.6,80.04124999999999,20.56,DE,NL
2026-04-03,21,66.64,62.3925,53.64,80.8,80.8,53.64,27.16,FR,NL
2026-04-03,22,17.2775,39.176249999999996,23.625,17.195,39.176249999999996,17.195,21.98,NL,DE
2026-04-03,23,17.357499999999998,34.32375,23.145,18.0325,34.32375,17.357499999999998,16.97,BE,DE
2026-04-04,0,26.75,30.80875,27.5325,18.805,30.80875,18.805,12.0,NL,DE
2026-04-04,1,29.5275,28.42375,28.0575,44.405,44.405,28.0575,16.35,FR,NL
2026-04-04,2,31.5825,29.54625,29.725,59.14,59.14,29.54625,29.59,DE,NL
2026-04-04,3,38.2325,34.6225,30.435,81.0575,81.0575,30.435,50.62,FR,NL
2026-04-04,4,59.155,40.93625,33.410000000000004,126.85249999999999,126.85249999999999,33.410000000000004,93.44,FR,NL
2026-04-04,5,105.96000000000001,47.63375,35.01,215.0,215.0,35.01,179.99,FR,NL
2026-04-04,6,75.1975,48.41,30.2575,171.0975,171.0975,30.2575,140.84,FR,NL
2026-04-04,7,60.1375,41.955,26.17,146.0,146.0,26.17,119.83,FR,NL
2026-04-04,8,48.527499999999996,30.905,12.075,103.3,103.3,12.075,91.22,FR,NL
2026-04-04,9,20.48,20.851666666666667,3.02,47.41,47.41,3.02,44.39,FR,NL
2026-04-04,10,6.76,1.6137500000000002,1.0,15.2575,15.2575,1.0,14.26,FR,NL
2026-04-04,11,0.04,1.3275,-0.01,0.1275,1.3275,-0.01,1.34,FR,DE
2026-04-04,12,0.04,0.676,-0.01,0.10500000000000001,0.676,-0.01,0.69,FR,DE
2026-04-04,13,-0.0024999999999999988,2.2819999999999996,-0.06999999999999999,0.055,2.2819999999999996,-0.06999999999999999,2.35,FR,DE
2026-04-04,14,7.800000000000001,12.33,-1.0,10.21,12.33,-1.0,13.33,FR,DE
2026-04-04,15,45.3075,62.88625,-0.03333333333333333,54.55,62.88625,-0.03333333333333333,62.92,FR,DE
2026-04-04,16,78.4675,112.21000000000001,2.2175,94.2125,112.21000000000001,2.2175,109.99,FR,DE
2026-04-04,17,114.7875,145.0375,24.75,131.89249999999998,145.0375,24.75,120.29,FR,DE
2026-04-04,18,108.9575,137.045,40.4525,122.82,137.045,40.4525,96.59,FR,DE
2026-04-04,19,82.425,99.43375,26.79,93.59,99.43375,26.79,72.64,FR,DE
2026-04-04,20,66.45,80.075,38.8725,71.8775,80.075,38.8725,41.2,FR,DE
2026-04-04,21,40.6925,51.98625,34.34,41.13,51.98625,34.34,17.65,FR,DE
2026-04-04,22,1.735,18.26125,2.355,0.2575,18.26125,0.2575,18.0,NL,DE
2026-04-04,23,1.3875,7.76375,3.6599999999999997,-0.06,7.76375,-0.06,7.82,NL,DE
2026-04-05,0,-0.14250000000000002,2.64,0.0175,-0.905,2.64,-0.905,3.54,NL,DE
2026-04-05,1,-0.2475,1.78375,-0.0033333333333333335,-1.3875,1.78375,-1.3875,3.17,NL,DE
2026-04-05,2,-0.765,0.18624999999999994,-0.0033333333333333335,-1.5975,0.18624999999999994,-1.5975,1.78,NL,DE
2026-04-05,3,-0.715,0.25999999999999995,0.013333333333333334,-1.9849999999999999,0.25999999999999995,-1.9849999999999999,2.24,NL,DE
2026-04-05,4,-0.7324999999999999,-0.39749999999999996,-0.004999999999999999,-1.9749999999999999,-0.004999999999999999,-1.9749999999999999,1.97,NL,FR
2026-04-05,5,-0.515,-1.14375,-0.0025000000000000022,-0.7025,-0.0025000000000000022,-1.14375,1.14,DE,FR
2026-04-05,6,-1.41,-5.7275,-1.6625,-0.8025,-0.8025,-5.7275,4.92,DE,NL
2026-04-05,7,-6.405,-11.55375,-7.3675,-1.385,-1.385,-11.55375,10.17,DE,NL
2026-04-05,8,-23.192500000000003,-31.535,-26.905,-4.0,-4.0,-31.535,27.54,DE,NL
2026-04-05,9,-42.915,-61.435,-48.410000000000004,-8.0,-8.0,-61.435,53.44,DE,NL
2026-04-05,10,-52.3025,-68.99571428571429,-57.8375,-15.393333333333333,-15.393333333333333,-68.99571428571429,53.6,DE,NL
2026-04-05,11,-69.9225,-94.856,-76.3325,-27.2,-27.2,-94.856,67.66,DE,NL
2026-04-05,12,-79.28999999999999,-79.25285714285714,-82.33,-50.43,-50.43,-82.33,31.9,FR,NL
2026-04-05,13,-59.8775,-58.8675,-61.0925,-49.95,-49.95,-61.0925,11.14,FR,NL
2026-04-05,14,-29.175,-25.09375,-28.57,-29.5025,-25.09375,-29.5025,4.41,NL,DE
2026-04-05,15,-5.32,-8.73625,-4.8925,-4.6625,-4.6625,-8.73625,4.07,DE,NL
2026-04-05,16,1.7125,4.805,3.3375,0.7625,4.805,0.7625,4.04,NL,DE
2026-04-05,17,42.349999999999994,42.57125,39.45,64.055,64.055,39.45,24.61,FR,NL
2026-04-05,18,75.0675,57.6325,54.5425,114.2,114.2,54.5425,59.66,FR,NL
2026-04-05,19,92.9575,54.121249999999996,74.6225,130.0,130.0,54.121249999999996,75.88,DE,NL
2026-04-05,20,91.535,54.22625,75.9075,123.20750000000001,123.20750000000001,54.22625,68.98,DE,NL
2026-04-05,21,67.48,44.753750000000004,56.0225,113.61,113.61,44.753750000000004,68.86,DE,NL
2026-04-05,22,65.825,33.31875,45.3075,102.9575,102.9575,33.31875,69.64,DE,NL
2026-04-05,23,54.8625,29.73375,40.599999999999994,90.755,90.755,29.73375,61.02,DE,NL
2026-04-06,0,54.6125,25.931428571428572,35.74333333333333,101.17,101.17,25.931428571428572,75.24,DE,NL
2026-04-06,1,59.910000000000004,27.938333333333333,34.93,117.14,117.14,27.938333333333333,89.2,DE,NL
2026-04-06,2,71.695,23.96857142857143,33.88,151.3525,151.3525,23.96857142857143,127.38,DE,NL
2026-04-06,3,64.3375,29.21,34.4725,140.24,140.24,29.21,111.03,DE,NL
2026-04-06,4,57.9,34.93,35.01,137.0,137.0,34.93,102.07,DE,NL
2026-04-06,5,68.395,34.1275,35.016666666666666,150.0025,150.0025,34.1275,115.88,DE,NL
2026-04-06,6,65.5575,4.357142857142858,25.4775,135.1075,135.1075,4.357142857142858,130.75,DE,NL
2026-04-06,7,27.2725,-10.69,5.71,68.2525,68.2525,-10.69,78.94,DE,NL
2026-04-06,8,-12.1875,-21.98857142857143,-15.5125,8.165,8.165,-21.98857142857143,30.15,DE,NL
2026-04-06,9,-38.8675,-47.54,-43.25,-10.0,-10.0,-47.54,37.54,DE,NL
2026-04-06,10,-61.83,-64.02,-65.7225,-30.0,-30.0,-65.7225,35.72,FR,NL
2026-04-06,11,-102.9075,-87.4125,-108.6825,-55.317499999999995,-55.317499999999995,-108.6825,53.37,FR,NL
2026-04-06,12,-99.0,-92.24,-105.52000000000001,-56.85,-56.85,-105.52000000000001,48.67,FR,NL
2026-04-06,13,-70.81,-59.31857142857143,-74.2425,-50.0,-50.0,-74.2425,24.24,FR,NL
2026-04-06,14,-20.1725,-23.135714285714283,-22.494999999999997,-2.495,-2.495,-23.135714285714283,20.64,DE,NL
2026-04-06,15,18.9975,-1.6049999999999993,-0.0024999999999995026,65.0,65.0,-1.6049999999999993,66.6,DE,NL
2026-04-06,16,93.4975,66.03,10.75,127.22999999999999,127.22999999999999,10.75,116.48,FR,NL
2026-04-06,17,143.6825,118.80625,24.86,166.16000000000003,166.16000000000003,24.86,141.3,FR,NL
2026-04-06,18,125.4325,135.38,40.2375,156.1925,156.1925,40.2375,115.96,FR,NL
2026-04-06,19,109.9375,129.3075,45.0075,149.9975,149.9975,45.0075,104.99,FR,NL
2026-04-06,20,106.83500000000001,122.425,36.8625,117.5025,122.425,36.8625,85.56,FR,DE
2026-04-06,21,101.4125,115.35374999999999,35.169999999999995,110.1,115.35374999999999,35.169999999999995,80.18,FR,DE
2026-04-06,22,107.0,111.47285714285714,31.30333333333333,106.4,111.47285714285714,31.30333333333333,80.17,FR,DE
2026-04-06,23,94.7875,102.7975,29.18,101.11250000000001,102.7975,29.18,73.62,FR,DE
2026-04-07,0,94.3025,106.45,23.555,101.295,106.45,23.555,82.9,FR,DE
2026-04-07,1,97.22749999999999,102.84,22.376666666666665,101.395,102.84,22.376666666666665,80.46,FR,DE
2026-04-07,2,103.5475,107.635,23.425,104.5025,107.635,23.425,84.21,FR,DE
2026-04-07,3,108.225,123.41499999999999,29.52333333333333,111.3275,123.41499999999999,29.52333333333333,93.89,FR,DE
2026-04-07,4,121.33749999999999,153.51,53.5475,132.62,153.51,53.5475,99.96,FR,DE
2026-04-07,5,163.18,176.0525,63.519999999999996,177.33249999999998,177.33249999999998,63.519999999999996,113.81,FR,NL
2026-04-07,6,161.1225,138.6275,104.0725,139.4325,161.1225,104.0725,57.05,FR,BE
2026-04-07,7,145.3275,93.35125000000001,36.315,102.78,145.3275,36.315,109.01,FR,BE
2026-04-07,8,56.09,40.78875,4.925,37.38,56.09,4.925,51.17,FR,BE
2026-04-07,9,-0.007499999999999979,10.095,-0.007499999999999979,-0.007499999999999979,10.095,-0.007499999999999979,10.1,FR,DE
2026-04-07,10,-3.01,1.3687500000000001,-3.01,-3.01,1.3687500000000001,-3.01,4.38,FR,DE
2026-04-07,11,-10.9575,-4.4925,-10.845,-11.1475,-4.4925,-11.1475,6.66,NL,DE
2026-04-07,12,-10.95,-5.337142857142857,-10.8075,-11.0175,-5.337142857142857,-11.0175,5.68,NL,DE
2026-04-07,13,-3.9149999999999996,0.5750000000000001,-3.7824999999999998,-4.0,0.5750000000000001,-4.0,4.58,NL,DE
2026-04-07,14,3.0,11.603750000000002,-0.0025000000000000022,3.4,11.603750000000002,-0.0025000000000000022,11.61,FR,DE
2026-04-07,15,67.225,81.9375,3.8,73.4,81.9375,3.8,78.14,FR,DE
2026-04-07,16,126.86,131.995,26.7825,130.6025,131.995,26.7825,105.21,FR,DE
2026-04-07,17,164.6525,178.0425,63.572500000000005,184.9325,184.9325,63.572500000000005,121.36,FR,NL
2026-04-07,18,168.07750000000001,179.96,91.6575,182.555,182.555,91.6575,90.9,FR,NL
2026-04-07,19,139.3875,149.21875,118.14,141.33,149.21875,118.14,31.08,FR,DE
2026-04-07,20,122.065,133.1975,89.24000000000001,124.58,133.1975,89.24000000000001,43.96,FR,DE
2026-04-07,21,110.28,118.335,79.47749999999999,114.3075,118.335,79.47749999999999,38.86,FR,DE
2026-04-07,22,98.775,110.67,66.1475,102.5375,110.67,66.1475,44.52,FR,DE
2026-04-07,23,93.9525,105.625,60.7,97.8225,105.625,60.7,44.92,FR,DE
2026-04-08,0,92.8225,104.50875,60.7025,96.5975,104.50875,60.7025,43.81,FR,DE
2026-04-08,1,95.0475,109.01625,48.39,98.475,109.01625,48.39,60.63,FR,DE
2026-04-08,2,99.265,111.8725,48.785,102.2475,111.8725,48.785,63.09,FR,DE
2026-04-08,3,109.655,123.00875,61.4475,112.14,123.00875,61.4475,61.56,FR,DE
2026-04-08,4,125.11500000000001,154.7725,84.95,143.78,154.7725,84.95,69.82,FR,DE
2026-04-08,5,164.2225,171.79875,109.1325,168.7975,171.79875,109.1325,62.67,FR,DE
2026-04-08,6,147.1525,141.44375,124.0025,141.7975,147.1525,124.0025,23.15,FR,BE
2026-04-08,7,135.715,102.22375,71.2625,109.4,135.715,71.2625,64.45,FR,BE
2026-04-08,8,50.8475,51.16125,29.3325,51.8375,51.8375,29.3325,22.5,FR,NL
2026-04-08,9,-0.04999999999999982,0.375,-0.04999999999999982,-0.04999999999999982,0.375,-0.04999999999999982,0.42,FR,DE
2026-04-08,10,-16.6725,-11.0425,-16.6725,-18.565,-11.0425,-18.565,7.52,NL,DE
2026-04-08,11,-31.052500000000002,-20.84375,-29.8325,-31.845,-20.84375,-31.845,11.0,NL,DE
2026-04-08,12,-28.14,-18.40875,-27.025,-28.87,-18.40875,-28.87,10.46,NL,DE
2026-04-08,13,-12.3225,-7.74125,-12.057500000000001,-12.66,-7.74125,-12.66,4.92,NL,DE
2026-04-08,14,13.23,15.731250000000001,-0.004999999999999893,13.7575,15.731250000000001,-0.004999999999999893,15.74,FR,DE
2026-04-08,15,104.8975,91.06125,7.137499999999999,93.965,104.8975,7.137499999999999,97.76,FR,BE
2026-04-08,16,128.34,134.2025,46.975,129.5625,134.2025,46.975,87.23,FR,DE
2026-04-08,17,168.535,168.22875,90.94,171.29999999999998,171.29999999999998,90.94,80.36,FR,NL
2026-04-08,18,160.11,163.7725,129.2475,161.2375,163.7725,129.2475,34.53,FR,DE
2026-04-08,19,137.605,135.9775,136.34,137.29250000000002,137.605,135.9775,1.63,DE,BE
2026-04-08,20,121.205,119.2325,114.21000000000001,121.5275,121.5275,114.21000000000001,7.32,FR,NL
2026-04-08,21,108.69,108.34,93.80666666666667,111.64750000000001,111.64750000000001,93.80666666666667,17.84,FR,NL
2026-04-08,22,104.2975,104.61125,95.1075,104.78999999999999,104.78999999999999,95.1075,9.68,FR,NL
2026-04-08,23,100.025,100.91666666666667,90.79,100.4525,100.91666666666667,90.79,10.13,FR,DE
2026-04-09,0,98.205,99.68571428571428,80.59,99.3,99.68571428571428,80.59,19.1,FR,DE
2026-04-09,1,98.31,100.33125,66.7875,99.5925,100.33125,66.7875,33.54,FR,DE
2026-04-09,2,98.5625,104.15,62.7325,101.8475,104.15,62.7325,41.42,FR,DE
2026-04-09,3,110.13,113.83875,76.1675,112.2175,113.83875,76.1675,37.67,FR,DE
2026-04-09,4,130.235,129.3975,93.4375,132.0975,132.0975,93.4375,38.66,FR,NL
2026-04-09,5,144.73000000000002,140.8842857142857,129.6975,145.385,145.385,129.6975,15.69,FR,NL
2026-04-09,6,132.8825,126.355,124.23,129.845,132.8825,124.23,8.65,FR,BE
2026-04-09,7,130.1775,98.01875,73.9525,110.4225,130.1775,73.9525,56.23,FR,BE
2026-04-09,8,51.769999999999996,58.59125,25.695,54.8325,58.59125,25.695,32.9,FR,DE
2026-04-09,9,1.105,2.0125,0.5175,1.1575,2.0125,0.5175,1.5,FR,DE
2026-04-09,10,-1.3466666666666667,-5.33,-1.0,-1.3566666666666667,-1.0,-5.33,4.33,DE,FR
2026-04-09,11,-7.6625,-13.04625,-7.459999999999999,-7.76,-7.459999999999999,-13.04625,5.59,DE,FR
2026-04-09,12,-7.92,-14.165,-7.727499999999999,-8.0,-7.727499999999999,-14.165,6.44,DE,FR
2026-04-09,13,-1.23,-4.3075,-1.2675,-1.2525,-1.23,-4.3075,3.08,DE,BE
2026-04-09,14,21.3025,21.3925,-0.0575,24.277500000000003,24.277500000000003,-0.0575,24.34,FR,NL
2026-04-09,15,67.8975,81.28375,0.8933333333333334,75.0075,81.28375,0.8933333333333334,80.39,FR,DE
2026-04-09,16,103.4075,114.86375,22.29,109.7975,114.86375,22.29,92.57,FR,DE
2026-04-09,17,122.14,139.54625,57.9625,129.835,139.54625,57.9625,81.58,FR,DE
2026-04-09,18,118.99000000000001,128.31375,77.9975,123.4725,128.31375,77.9975,50.32,FR,DE
2026-04-09,19,101.3875,111.605,62.004999999999995,105.8325,111.605,62.004999999999995,49.6,FR,DE
2026-04-09,20,91.8875,98.61285714285714,57.54,96.0475,98.61285714285714,57.54,41.07,FR,DE
2026-04-09,21,79.1875,80.67625,62.2625,80.4475,80.67625,62.2625,18.41,FR,DE
2026-04-09,22,72.31,78.59,21.855,76.565,78.59,21.855,56.74,FR,DE
2026-04-09,23,69.02,73.705,14.8475,73.385,73.705,14.8475,58.86,FR,DE
2026-04-10,0,68.505,71.005,16.982499999999998,72.72,72.72,16.982499999999998,55.74,FR,NL
2026-04-10,1,67.39500000000001,71.32625,12.86,72.015,72.015,12.86,59.16,FR,NL
2026-04-10,2,68.95,73.89428571428572,11.11,74.02499999999999,74.02499999999999,11.11,62.91,FR,NL
2026-04-10,3,75.285,86.69375,19.35,81.7225,86.69375,19.35,67.34,FR,DE
2026-04-10,4,100.9375,109.67750000000001,49.74249999999999,105.5325,109.67750000000001,49.74249999999999,59.94,FR,DE
2026-04-10,5,119.755,126.18625,85.77,122.42750000000001,126.18625,85.77,40.42,FR,DE
2026-04-10,6,128.935,126.4375,86.005,125.0925,128.935,86.005,42.93,FR,BE
2026-04-10,7,148.17000000000002,119.71375,64.99,130.8775,148.17000000000002,64.99,83.18,FR,BE
2026-04-10,8,150.0,109.6075,33.995,125.615,150.0,33.995,116.0,FR,BE
2026-04-10,9,115.685,101.35249999999999,16.8325,107.2,115.685,16.8325,98.85,FR,BE
2026-04-10,10,122.0,87.58,18.497500000000002,103.655,122.0,18.497500000000002,103.5,FR,BE
2026-04-10,11,98.7625,78.06,0.005,91.39,98.7625,0.005,98.76,FR,BE
2026-04-10,12,109.295,77.4,3.35,95.42500000000001,109.295,3.35,105.94,FR,BE
2026-04-10,13,78.515,85.74249999999999,0.015,84.55499999999999,85.74249999999999,0.015,85.73,FR,DE
2026-04-10,14,96.39750000000001,107.61874999999999,0.2833333333333333,101.2625,107.61874999999999,0.2833333333333333,107.34,FR,DE
2026-04-10,15,115.565,127.86,8.567499999999999,120.7175,127.86,8.567499999999999,119.29,FR,DE
2026-04-10,16,141.0325,158.79375,36.7725,150.4,158.79375,36.7725,122.02,FR,DE
2026-04-10,17,197.9925,232.905,72.12,225.0025,232.905,72.12,160.78,FR,DE
2026-04-10,18,196.5675,239.775,104.85,238.14249999999998,239.775,104.85,134.93,FR,DE
2026-04-10,19,148.8125,173.25125,101.46999999999998,170.63,173.25125,101.46999999999998,71.78,FR,DE
2026-04-10,20,125.97,147.65875,93.255,142.075,147.65875,93.255,54.4,FR,DE
2026-04-10,21,118.4375,131.39125,84.41,125.72,131.39125,84.41,46.98,FR,DE
2026-04-10,22,95.05250000000001,131.8425,52.535,125.925,131.8425,52.535,79.31,FR,DE
2026-04-10,23,104.7525,121.75,26.474999999999998,112.0525,121.75,26.474999999999998,95.28,FR,DE
2026-04-11,0,93.255,115.0525,20.52,104.565,115.0525,20.52,94.53,FR,DE
2026-04-11,1,87.0575,112.38499999999999,16.067500000000003,101.0475,112.38499999999999,16.067500000000003,96.32,FR,DE
2026-04-11,2,87.36500000000001,110.50375,16.5225,99.7025,110.50375,16.5225,93.98,FR,DE
2026-04-11,3,84.95750000000001,108.04125,13.89,96.8925,108.04125,13.89,94.15,FR,DE
2026-04-11,4,84.3475,104.5175,17.375,96.3775,104.5175,17.375,87.14,FR,DE
2026-04-11,5,74.405,94.4625,17.2875,84.41499999999999,94.4625,17.2875,77.18,FR,DE
2026-04-11,6,57.8375,74.155,21.77,64.0525,74.155,21.77,52.39,FR,DE
2026-04-11,7,19.8975,27.18125,14.745000000000001,20.765,27.18125,14.745000000000001,12.44,FR,DE
2026-04-11,8,-0.05249999999999999,-1.25125,0.032500000000000195,-0.10999999999999988,0.032500000000000195,-1.25125,1.28,DE,FR
2026-04-11,9,-2.625,-10.661249999999999,-3.0625,-4.8425,-2.625,-10.661249999999999,8.04,DE,BE
2026-04-11,10,-2.6333333333333333,-41.33875,-9.435,-21.73,-2.6333333333333333,-41.33875,38.71,DE,BE
2026-04-11,11,-13.1875,-73.68625,-33.707499999999996,-27.810000000000002,-13.1875,-73.68625,60.5,DE,BE
2026-04-11,12,-9.033333333333333,-72.43,-28.7375,-22.429999999999996,-9.033333333333333,-72.43,63.4,DE,BE
2026-04-11,13,-5.3375,-45.165,-21.49,-5.745,-5.3375,-45.165,39.83,DE,BE
2026-04-11,14,-3.7625,-13.23875,-5.6075,5.7675,5.7675,-13.23875,19.01,DE,NL
2026-04-11,15,6.890000000000001,2.0262499999999997,0.0024999999999999745,19.3,19.3,0.0024999999999999745,19.3,FR,NL
2026-04-11,16,47.519999999999996,49.261250000000004,13.08,69.9975,69.9975,13.08,56.92,FR,NL
2026-04-11,17,69.66,79.27125,16.5525,90.9075,90.9075,16.5525,74.36,FR,NL
2026-04-11,18,76.945,77.3425,26.785,107.2325,107.2325,26.785,80.45,FR,NL
2026-04-11,19,72.0125,63.29857142857143,34.6425,102.9675,102.9675,34.6425,68.32,FR,NL
2026-04-11,20,74.61333333333333,61.71125,31.814999999999998,119.9,119.9,31.814999999999998,88.08,FR,NL
2026-04-11,21,65.6125,59.8625,24.3925,82.38499999999999,82.38499999999999,24.3925,57.99,FR,NL
2026-04-11,22,61.2225,62.551249999999996,15.1575,67.7175,67.7175,15.1575,52.56,FR,NL
2026-04-11,23,61.88,66.45375,11.045,69.6925,69.6925,11.045,58.65,FR,NL
2026-04-12,0,64.835,74.33875,9.4375,73.19500000000001,74.33875,9.4375,64.9,FR,DE
2026-04-12,1,68.165,79.1375,10.9375,76.8825,79.1375,10.9375,68.2,FR,DE
2026-04-12,2,75.2625,83.47625,10.525,85.6825,85.6825,10.525,75.16,FR,NL
2026-04-12,3,77.7175,90.04714285714286,10.817499999999999,88.47749999999999,90.04714285714286,10.817499999999999,79.23,FR,DE
2026-04-12,4,78.1275,88.5875,11.8075,88.35499999999999,88.5875,11.8075,76.78,FR,DE
2026-04-12,5,74.2775,86.05875,10.5175,84.17,86.05875,10.5175,75.54,FR,DE
2026-04-12,6,44.79,77.25125,12.227500000000001,68.38250000000001,77.25125,12.227500000000001,65.02,FR,DE
2026-04-12,7,30.09,61.82375,14.73,46.1875,61.82375,14.73,47.09,FR,DE
2026-04-12,8,15.935,44.67125,15.149999999999999,15.96,44.67125,15.149999999999999,29.52,FR,DE
2026-04-12,9,8.94,37.76625,14.032499999999999,-2.0725,37.76625,-2.0725,39.84,NL,DE
2026-04-12,10,10.52,26.68875,14.1675,-2.0233333333333334,26.68875,-2.0233333333333334,28.71,NL,DE
2026-04-12,11,0.4325,17.42375,1.2575,-1.13,17.42375,-1.13,18.55,NL,DE
2026-04-12,12,4.994999999999999,9.95,5.3925,4.575,9.95,4.575,5.37,NL,DE
2026-04-12,13,15.935,27.240000000000002,15.96,15.919999999999998,27.240000000000002,15.919999999999998,11.32,NL,DE
2026-04-12,14,44.09,67.575,20.64,61.605000000000004,67.575,20.64,46.94,FR,DE
2026-04-12,15,76.16,104.43875,43.0775,102.6675,104.43875,43.0775,61.36,FR,DE
2026-04-12,16,125.2825,132.39125,91.2525,132.3675,132.39125,91.2525,41.14,FR,DE
2026-04-12,17,141.6325,149.2825,123.9625,144.0175,149.2825,123.9625,25.32,FR,DE
2026-04-12,18,142.675,147.99625,129.93,145.7575,147.99625,129.93,18.07,FR,DE
2026-04-12,19,136.73250000000002,133.15375,136.73250000000002,136.73250000000002,136.73250000000002,133.15375,3.58,DE,FR
2026-04-12,20,130.605,126.04875,130.6,130.6075,130.6075,126.04875,4.56,DE,NL
2026-04-12,21,121.0,115.63125000000001,120.91,121.00750000000001,121.00750000000001,115.63125000000001,5.38,DE,NL
2026-04-12,22,114.9975,114.6625,109.9975,115.7725,115.7725,109.9975,5.77,FR,NL
2026-04-12,23,109.795,108.6275,109.795,109.795,109.795,108.6275,1.17,DE,FR
2026-04-13,0,105.07,107.47,97.8375,106.2125,107.47,97.8375,9.63,FR,DE
2026-04-13,1,103.9525,106.8075,92.7225,106.2125,106.8075,92.7225,14.09,FR,DE
2026-04-13,2,107.5575,106.75999999999999,100.0825,109.0475,109.0475,100.0825,8.97,FR,NL
2026-04-13,3,114.74,117.93125,101.4075,117.0025,117.93125,101.4075,16.52,FR,DE
2026-04-13,4,133.77,138.42249999999999,127.33500000000001,134.925,138.42249999999999,127.33500000000001,11.09,FR,DE
2026-04-13,5,141.3375,153.61,135.97750000000002,144.3375,153.61,135.97750000000002,17.63,FR,DE
2026-04-13,6,173.79250000000002,160.1925,164.37,173.365,173.79250000000002,160.1925,13.6,DE,BE
2026-04-13,7,166.675,147.9825,158.5725,163.555,166.675,147.9825,18.69,DE,BE
2026-04-13,8,144.48250000000002,129.615,131.4925,141.9075,144.48250000000002,129.615,14.87,DE,BE
2026-04-13,9,125.755,108.70125,127.9925,121.91499999999999,127.9925,108.70125,19.29,DE,FR
2026-04-13,10,117.32,96.0175,122.1875,111.8275,122.1875,96.0175,26.17,DE,FR
2026-04-13,11,113.89750000000001,88.25428571428571,121.135,106.4225,121.135,88.25428571428571,32.88,DE,FR
2026-04-13,12,114.9975,85.5475,115.1175,114.26,115.1175,85.5475,29.57,DE,FR
2026-04-13,13,110.8375,88.9575,89.14750000000001,116.9425,116.9425,88.9575,27.98,DE,NL
2026-04-13,14,105.58500000000001,97.59875,62.1425,113.67,113.67,62.1425,51.53,FR,NL
2026-04-13,15,119.42,115.69,86.0,125.4725,125.4725,86.0,39.47,FR,NL
2026-04-13,16,141.095,133.35500000000002,120.72,144.625,144.625,120.72,23.9,FR,NL
2026-04-13,17,168.3275,149.66750000000002,139.2875,164.9475,168.3275,139.2875,29.04,FR,BE
2026-04-13,18,151.195,151.44125,135.75,153.765,153.765,135.75,18.01,FR,NL
2026-04-13,19,144.8975,133.91125,123.39500000000001,143.2825,144.8975,123.39500000000001,21.5,FR,BE
2026-04-13,20,129.925,124.82875,127.8425,130.6975,130.6975,124.82875,5.87,DE,NL
2026-04-13,21,122.82,114.40125,122.9675,122.72999999999999,122.9675,114.40125,8.57,DE,FR
2026-04-13,22,116.865,119.3025,117.27000000000001,116.495,119.3025,116.495,2.81,NL,DE
2026-04-13,23,114.645,115.5025,115.15,114.22999999999999,115.5025,114.22999999999999,1.27,NL,DE
2026-04-14,0,115.945,114.63714285714286,116.435,115.505,116.435,114.63714285714286,1.8,DE,FR
2026-04-14,1,113.6425,113.13875,112.475,113.555,113.6425,112.475,1.17,FR,BE
2026-04-14,2,114.5175,115.01375,111.8525,114.65,115.01375,111.8525,3.16,FR,DE
2026-04-14,3,117.8575,120.42,114.41,118.045,120.42,114.41,6.01,FR,DE
2026-04-14,4,137.995,140.0025,133.2575,138.29,140.0025,133.2575,6.75,FR,DE
2026-04-14,5,162.2775,163.4025,160.085,162.6525,163.4025,160.085,3.32,FR,DE
2026-04-14,6,165.185,170.055,165.07750000000001,165.2825,170.055,165.07750000000001,4.98,FR,DE
2026-04-14,7,139.0875,142.665,124.00250000000001,141.615,142.665,124.00250000000001,18.66,FR,DE
2026-04-14,8,117.005,129.715,83.505,123.34,129.715,83.505,46.21,FR,DE
2026-04-14,9,92.795,117.42625,13.0075,106.7875,117.42625,13.0075,104.42,FR,DE
2026-04-14,10,88.17,106.90375,22.3175,100.48,106.90375,22.3175,84.59,FR,DE
2026-04-14,11,81.61,101.5775,12.052499999999998,93.995,101.5775,12.052499999999998,89.52,FR,DE
2026-04-14,12,71.1425,104.805,15.0,91.66,104.805,15.0,89.8,FR,DE
2026-04-14,13,89.4675,110.6825,11.8975,102.4125,110.6825,11.8975,98.78,FR,DE
2026-04-14,14,90.95,116.6325,0.0033333333333333335,108.08,116.6325,0.0033333333333333335,116.63,FR,DE
2026-04-14,15,114.49000000000001,134.91875000000002,46.9075,126.545,134.91875000000002,46.9075,88.01,FR,DE
2026-04-14,16,145.7175,158.97875,102.31,152.76999999999998,158.97875,102.31,56.67,FR,DE
2026-04-14,17,181.1925,213.89,126.91333333333334,212.65,213.89,126.91333333333334,86.98,FR,DE
2026-04-14,18,190.07,230.95749999999998,133.04,224.33249999999998,230.95749999999998,133.04,97.92,FR,DE
2026-04-14,19,154.55,167.06375,120.39750000000001,159.9875,167.06375,120.39750000000001,46.67,FR,DE
2026-04-14,20,139.5925,149.4575,113.49,143.75,149.4575,113.49,35.97,FR,DE
2026-04-14,21,128.1175,133.2,105.75,131.7725,133.2,105.75,27.45,FR,DE
2026-04-14,22,117.045,126.05,103.74000000000001,119.48,126.05,103.74000000000001,22.31,FR,DE
2026-04-14,23,110.15,119.76375,91.575,113.31,119.76375,91.575,28.19,FR,DE
2026-04-15,0,104.7925,116.75,84.55666666666667,108.5125,116.75,84.55666666666667,32.19,FR,DE
2026-04-15,1,101.005,115.26125,74.61666666666667,105.8225,115.26125,74.61666666666667,40.64,FR,DE
2026-04-15,2,101.7325,116.17625,74.91,106.6225,116.17625,74.91,41.27,FR,DE
2026-04-15,3,111.6525,125.83875,77.4125,117.62,125.83875,77.4125,48.43,FR,DE
2026-04-15,4,133.71,150.0525,92.695,140.83,150.0525,92.695,57.36,FR,DE
2026-04-15,5,143.60500000000002,163.89875,118.21000000000001,154.91,163.89875,118.21000000000001,45.69,FR,DE
2026-04-15,6,138.195,140.9275,132.935,139.1,140.9275,132.935,7.99,FR,DE
2026-04-15,7,115.69749999999999,116.55875,113.985,115.9975,116.55875,113.985,2.57,FR,DE
2026-04-15,8,88.0,96.9425,50.0,94.7625,96.9425,50.0,46.94,FR,DE
2026-04-15,9,62.295,74.5925,6.025,68.9375,74.5925,6.025,68.57,FR,DE
2026-04-15,10,49.185,50.01375,6.6975,50.0,50.01375,6.6975,43.32,FR,DE
2026-04-15,11,39.785000000000004,41.23375,0.0,42.3975,42.3975,0.0,42.4,FR,NL
2026-04-15,12,47.4225,58.56875,-0.0033333333333333335,56.9525,58.56875,-0.0033333333333333335,58.57,FR,DE
2026-04-15,13,60.025,79.0775,-0.005,70.5575,79.0775,-0.005,79.08,FR,DE
2026-04-15,14,73.35249999999999,98.46625,-0.0049999999999999975,87.67750000000001,98.46625,-0.0049999999999999975,98.47,FR,DE
2026-04-15,15,95.8175,121.7,10.002500000000001,111.1075,121.7,10.002500000000001,111.7,FR,DE
2026-04-15,16,117.4925,143.79250000000002,48.85,129.65,143.79250000000002,48.85,94.94,FR,DE
2026-04-15,17,139.70749999999998,200.49875,109.055,165.7775,200.49875,109.055,91.44,FR,DE
2026-04-15,18,149.98250000000002,197.8775,128.6975,172.7,197.8775,128.6975,69.18,FR,DE
2026-04-15,19,142.785,151.23875,134.6,144.665,151.23875,134.6,16.64,FR,DE
2026-04-15,20,129.8425,134.4625,121.15,130.715,134.4625,121.15,13.31,FR,DE
2026-04-15,21,115.4475,119.5975,108.575,116.6275,119.5975,108.575,11.02,FR,DE
2026-04-15,22,103.52250000000001,109.00625,94.66499999999999,104.945,109.00625,94.66499999999999,14.34,FR,DE
2026-04-15,23,98.6525,104.55,89.655,100.10249999999999,104.55,89.655,14.89,FR,DE
2026-04-16,0,95.26,101.96375,81.3125,97.565,101.96375,81.3125,20.65,FR,DE
2026-04-16,1,94.6325,101.8525,82.6825,96.64,101.8525,82.6825,19.17,FR,DE
2026-04-16,2,97.59,103.63625,86.7375,99.37,103.63625,86.7375,16.9,FR,DE
2026-04-16,3,103.6275,113.74625,81.81,107.385,113.74625,81.81,31.94,FR,DE
2026-04-16,4,129.96,137.56875,101.9925,134.9,137.56875,101.9925,35.58,FR,DE
2026-04-16,5,138.7025,149.0225,120.42,141.825,149.0225,120.42,28.6,FR,DE
2026-04-16,6,131.2875,133.9275,124.7025,132.415,133.9275,124.7025,9.23,FR,DE
2026-04-16,7,108.95,111.215,105.42,109.61,111.215,105.42,5.8,FR,DE
2026-04-16,8,86.00999999999999,97.49375,55.6175,91.17999999999999,97.49375,55.6175,41.88,FR,DE
2026-04-16,9,57.95,76.2975,8.3,66.31,76.2975,8.3,68.0,FR,DE
2026-04-16,10,47.2,54.166250000000005,10.377500000000001,53.7125,54.166250000000005,10.377500000000001,43.79,FR,DE
2026-04-16,11,33.6075,42.01625,,40.0025,42.01625,33.6075,8.41,BE,DE
2026-04-16,12,39.685,49.25375,0.005,46.4125,49.25375,0.005,49.25,FR,DE
2026-04-16,13,51.81,68.545,0.02,61.8125,68.545,0.02,68.53,FR,DE
2026-04-16,14,65.465,90.48,0.013333333333333334,79.0,90.48,0.013333333333333334,90.47,FR,DE
2026-04-16,15,105.315,112.79375,31.795,106.03999999999999,112.79375,31.795,81.0,FR,DE
2026-04-16,16,117.015,135.68375,76.875,124.0,135.68375,76.875,58.81,FR,DE
2026-04-16,17,139.1575,167.43875,109.645,159.74,167.43875,109.645,57.79,FR,DE
2026-04-16,18,157.9675,188.35625,121.81,180.6625,188.35625,121.81,66.55,FR,DE
2026-04-16,19,141.6625,160.115,132.4025,151.6975,160.115,132.4025,27.71,FR,DE
2026-04-16,20,134.34,139.30625,128.4575,137.26,139.30625,128.4575,10.85,FR,DE
2026-04-16,21,123.96,127.36375000000001,113.46999999999998,125.66499999999999,127.36375000000001,113.46999999999998,13.89,FR,DE
2026-04-16,22,121.3,121.62375,119.91749999999999,121.55,121.62375,119.91749999999999,1.71,FR,DE
2026-04-16,23,115.3625,116.46625,114.8925,115.44749999999999,116.46625,114.8925,1.57,FR,DE
2026-04-17,0,112.5325,112.6425,112.5325,112.5325,112.6425,112.5325,0.11,FR,DE
2026-04-17,1,107.8925,110.615,106.27999999999999,108.225,110.615,106.27999999999999,4.34,FR,DE
2026-04-17,2,109.7625,113.0925,105.27,110.6725,113.0925,105.27,7.82,FR,DE
2026-04-17,3,117.4675,121.1375,109.64,118.935,121.1375,109.64,11.5,FR,DE
2026-04-17,4,131.7825,148.48375,111.1775,143.635,148.48375,111.1775,37.31,FR,DE
2026-04-17,5,134.5275,151.32875,116.435,145.9825,151.32875,116.435,34.89,FR,DE
2026-04-17,6,120.74,129.9475,112.46,125.9125,129.9475,112.46,17.49,FR,DE
2026-04-17,7,106.695,103.86375,84.52250000000001,104.0475,106.695,84.52250000000001,22.17,FR,BE
2026-04-17,8,95.355,89.71625,25.9075,95.48,95.48,25.9075,69.57,FR,NL
2026-04-17,9,79.8975,59.05125,5.0,70.755,79.8975,5.0,74.9,FR,BE
2026-04-17,10,64.7125,37.505,7.3566666666666665,45.5925,64.7125,7.3566666666666665,57.36,FR,BE
2026-04-17,11,59.5875,29.91,,38.905,59.5875,29.91,29.68,DE,BE
2026-04-17,12,70.47749999999999,39.86625,,46.96,70.47749999999999,39.86625,30.61,DE,BE
2026-04-17,13,75.52,67.2575,,65.10499999999999,75.52,65.10499999999999,10.42,NL,BE
2026-04-17,14,88.9975,87.935,,81.4925,88.9975,81.4925,7.5,NL,BE
2026-04-17,15,115.1425,107.18875,12.7975,103.52,115.1425,12.7975,102.34,FR,BE
2026-04-17,16,116.955,129.33125,45.035,120.26,129.33125,45.035,84.3,FR,DE
2026-04-17,17,130.7725,157.83625,87.42,150.51,157.83625,87.42,70.42,FR,DE
2026-04-17,18,138.5125,157.99625,115.8075,153.2775,157.99625,115.8075,42.19,FR,DE
2026-04-17,19,132.255,139.7175,121.12666666666667,136.835,139.7175,121.12666666666667,18.59,FR,DE
2026-04-17,20,121.3775,125.10125,114.2575,122.595,125.10125,114.2575,10.84,FR,DE
2026-04-17,21,110.21000000000001,113.03999999999999,103.265,111.465,113.03999999999999,103.265,9.77,FR,DE
2026-04-17,22,111.3075,115.1575,96.63250000000001,113.775,115.1575,96.63250000000001,18.52,FR,DE
2026-04-17,23,105.8075,109.63875,90.95500000000001,108.32,109.63875,90.95500000000001,18.68,FR,DE
2026-04-18,0,102.985,107.64625,82.64999999999999,106.2925,107.64625,82.64999999999999,25.0,FR,DE
2026-04-18,1,99.9575,107.40375,77.2425,103.7675,107.40375,77.2425,30.16,FR,DE
2026-04-18,2,100.245,107.6175,75.03999999999999,104.5,107.6175,75.03999999999999,32.58,FR,DE
2026-04-18,3,102.235,111.0275,76.7025,106.535,111.0275,76.7025,34.33,FR,DE
2026-04-18,4,103.61,114.92625,83.2925,107.08,114.92625,83.2925,31.63,FR,DE
2026-04-18,5,103.1575,108.5775,84.58666666666666,103.985,108.5775,84.58666666666666,23.99,FR,DE
2026-04-18,6,119.675,92.4125,63.0275,101.6625,119.675,63.0275,56.65,FR,BE
2026-04-18,7,103.0125,71.295,20.4775,86.93,103.0125,20.4775,82.54,FR,BE
2026-04-18,8,80.8625,33.7,0.57,63.07,80.8625,0.57,80.29,FR,BE
2026-04-18,9,64.3875,2.9625000000000004,-0.7025,40.9675,64.3875,-0.7025,65.09,FR,BE
2026-04-18,10,45.05,-2.5157142857142856,-1.035,32.1,45.05,-2.5157142857142856,47.57,DE,BE
2026-04-18,11,45.565,-2.7825,-2.0366666666666666,34.04,45.565,-2.7825,48.35,DE,BE
2026-04-18,12,48.5825,-0.7575000000000001,-2.01,34.7575,48.5825,-2.01,50.59,FR,BE
2026-04-18,13,53.394999999999996,15.6375,-1.105,33.572500000000005,53.394999999999996,-1.105,54.5,FR,BE
2026-04-18,14,104.64,47.0875,-0.0050000000000000044,66.3,104.64,-0.0050000000000000044,104.64,FR,BE
2026-04-18,15,102.82,89.9825,1.5175,92.2025,102.82,1.5175,101.3,FR,BE
2026-04-18,16,123.0,118.5725,24.8375,117.5925,123.0,24.8375,98.16,FR,BE
2026-04-18,17,139.0,134.35625,41.9675,131.1575,139.0,41.9675,97.03,FR,BE
2026-04-18,18,149.2425,144.8825,79.515,144.1775,149.2425,79.515,69.73,FR,BE
2026-04-18,19,139.575,140.015,77.6275,137.735,140.015,77.6275,62.39,FR,DE
2026-04-18,20,120.9725,129.57375,81.6625,124.6775,129.57375,81.6625,47.91,FR,DE
2026-04-18,21,119.695,124.015,81.6375,121.465,124.015,81.6375,42.38,FR,DE
2026-04-18,22,118.57,117.56125,63.6175,115.4925,118.57,63.6175,54.95,FR,BE
2026-04-18,23,101.8,111.78,60.464999999999996,105.2225,111.78,60.464999999999996,51.32,FR,DE
2026-04-19,0,114.3975,107.4925,51.51,109.1975,114.3975,51.51,62.89,FR,BE
2026-04-19,1,105.22749999999999,108.06,26.8975,103.2475,108.06,26.8975,81.16,FR,DE
2026-04-19,2,107.25,104.61625000000001,27.515,103.4625,107.25,27.515,79.74,FR,BE
2026-04-19,3,90.14,106.43625,33.635,97.95,106.43625,33.635,72.8,FR,DE
2026-04-19,4,99.8875,105.14125,39.4,100.7075,105.14125,39.4,65.74,FR,DE
2026-04-19,5,100.6775,99.77375,27.805,97.9325,100.6775,27.805,72.87,FR,BE
2026-04-19,6,104.9425,95.63,20.7025,97.2525,104.9425,20.7025,84.24,FR,BE
2026-04-19,7,83.97,87.26625,2.38,87.66,87.66,2.38,85.28,FR,NL
2026-04-19,8,51.91,61.88375,0.020000000000000004,61.317499999999995,61.88375,0.020000000000000004,61.86,FR,DE
2026-04-19,9,25.495,25.29375,0.0,28.314999999999998,28.314999999999998,0.0,28.32,FR,NL
2026-04-19,10,10.354999999999999,5.49625,-0.006666666666666667,8.055,10.354999999999999,-0.006666666666666667,10.36,FR,BE
2026-04-19,11,-0.8475,-0.42375,-0.8475,-0.8475,-0.42375,-0.8475,0.42,FR,DE
2026-04-19,12,-3.3066666666666666,-2.144285714285714,-3.3066666666666666,-3.3066666666666666,-2.144285714285714,-3.3066666666666666,1.16,FR,DE
2026-04-19,13,-2.255,-1.1075,-2.255,-2.255,-1.1075,-2.255,1.15,FR,DE
2026-04-19,14,10.832500000000001,8.98,-4.2775,13.48,13.48,-4.2775,17.76,FR,NL
2026-04-19,15,57.0075,60.41125,-0.009999999999999995,65.33,65.33,-0.009999999999999995,65.34,FR,NL
2026-04-19,16,112.915,102.005,0.5025,103.85499999999999,112.915,0.5025,112.41,FR,BE
2026-04-19,17,123.73,119.575,35.489999999999995,116.8075,123.73,35.489999999999995,88.24,FR,BE
2026-04-19,18,130.0025,126.4,74.72,124.6425,130.0025,74.72,55.28,FR,BE
2026-04-19,19,129.7025,124.78,49.1625,122.14,129.7025,49.1625,80.54,FR,BE
2026-04-19,20,124.4275,118.6325,54.2975,119.0625,124.4275,54.2975,70.13,FR,BE
2026-04-19,21,116.94,110.96000000000001,50.0,111.3,116.94,50.0,66.94,FR,BE
2026-04-19,22,131.9225,106.00375,26.4625,112.4325,131.9225,26.4625,105.46,FR,BE
2026-04-19,23,117.69749999999999,101.805,24.23,104.105,117.69749999999999,24.23,93.47,FR,BE
2026-04-20,0,122.0525,100.325,25.23,104.405,122.0525,25.23,96.82,FR,BE
2026-04-20,1,117.73,100.5175,7.0275,102.235,117.73,7.0275,110.7,FR,BE
2026-04-20,2,114.9975,102.5225,14.4975,103.5175,114.9975,14.4975,100.5,FR,BE
2026-04-20,3,115.3275,111.46000000000001,15.0,108.45,115.3275,15.0,100.33,FR,BE
2026-04-20,4,127.3675,132.1975,29.3475,124.0,132.1975,29.3475,102.85,FR,DE
2026-04-20,5,186.5,147.08375,78.0075,156.27499999999998,186.5,78.0075,108.49,FR,BE
2026-04-20,6,182.7275,130.8,33.45,148.685,182.7275,33.45,149.28,FR,BE
2026-04-20,7,147.04,111.78625,9.28,119.4825,147.04,9.28,137.76,FR,BE
2026-04-20,8,116.3575,94.61125,4.4125,97.1275,116.3575,4.4125,111.94,FR,BE
2026-04-20,9,96.955,81.44375,0.18333333333333335,80.64,96.955,0.18333333333333335,96.77,FR,BE
2026-04-20,10,56.6975,45.555,0.19666666666666666,51.182500000000005,56.6975,0.19666666666666666,56.5,FR,BE
2026-04-20,11,49.6875,29.01625,0.005,37.8325,49.6875,0.005,49.68,FR,BE
2026-04-20,12,51.432500000000005,24.6575,,36.8575,51.432500000000005,24.6575,26.78,DE,BE
2026-04-20,13,96.795,43.08125,,63.8725,96.795,43.08125,53.71,DE,BE
2026-04-20,14,77.0025,72.3475,0.01,75.035,77.0025,0.01,76.99,FR,BE
2026-04-20,15,116.325,91.77125000000001,2.6275,100.6675,116.325,2.6275,113.7,FR,BE
2026-04-20,16,136.0025,108.23375,12.4875,117.75,136.0025,12.4875,123.52,FR,BE
2026-04-20,17,154.5575,118.75,54.6,132.84,154.5575,54.6,99.96,FR,BE
2026-04-20,18,140.865,131.01625,62.1575,129.355,140.865,62.1575,78.71,FR,BE
2026-04-20,19,136.14999999999998,124.66,45.2225,123.33,136.14999999999998,45.2225,90.93,FR,BE
2026-04-20,20,118.32666666666667,116.40125,45.167500000000004,113.7625,118.32666666666667,45.167500000000004,73.16,FR,BE
2026-04-20,21,95.075,106.03375,23.135,99.1075,106.03375,23.135,82.9,FR,DE
2026-04-20,22,84.1725,100.95875,22.792499999999997,97.92,100.95875,22.792499999999997,78.17,FR,DE
2026-04-20,23,94.355,99.60000000000001,19.52,94.125,99.60000000000001,19.52,80.08,FR,DE
2026-04-21,0,90.73666666666666,99.06857142857143,19.2325,92.71,99.06857142857143,19.2325,79.84,FR,DE
2026-04-21,1,95.8125,99.68,17.355,94.8575,99.68,17.355,82.32,FR,DE
2026-04-21,2,95.5075,101.535,12.1725,95.0225,101.535,12.1725,89.36,FR,DE
2026-04-21,3,83.8375,110.45125,12.785,95.345,110.45125,12.785,97.67,FR,DE
2026-04-21,4,107.315,129.495,49.379999999999995,117.01,129.495,49.379999999999995,80.12,FR,DE
2026-04-21,5,132.205,136.22125,63.45,131.475,136.22125,63.45,72.77,FR,DE
2026-04-21,6,127.875,123.27,33.4725,118.94749999999999,127.875,33.4725,94.4,FR,BE
2026-04-21,7,101.11500000000001,102.25625,17.475,95.82249999999999,102.25625,17.475,84.78,FR,DE
2026-04-21,8,48.515,64.7275,2.2225,54.11,64.7275,2.2225,62.51,FR,DE
2026-04-21,9,16.265,18.81625,-0.0075,17.945,18.81625,-0.0075,18.82,FR,DE
2026-04-21,10,3.595,3.0383333333333336,-0.02,-1.5975,3.595,-1.5975,5.19,NL,BE
2026-04-21,11,-0.05666666666666667,-0.8349999999999999,-0.05666666666666667,-5.52,-0.05666666666666667,-5.52,5.46,NL,FR
2026-04-21,12,-0.10500000000000001,-1.5725,-0.10500000000000001,-8.1225,-0.10500000000000001,-8.1225,8.02,NL,FR
2026-04-21,13,0.77,1.47875,-0.1,-3.3049999999999997,1.47875,-3.3049999999999997,4.78,NL,DE
2026-04-21,14,11.0825,14.2575,-0.08666666666666667,8.395,14.2575,-0.08666666666666667,14.34,FR,DE
2026-04-21,15,52.0925,72.46875,0.023333333333333334,61.155,72.46875,0.023333333333333334,72.45,FR,DE
2026-04-21,16,93.9225,105.9075,5.0,95.6325,105.9075,5.0,100.91,FR,DE
2026-04-21,17,112.08,132.27875,26.6175,121.36,132.27875,26.6175,105.66,FR,DE
2026-04-21,18,119.805,143.00375,35.4225,130.5975,143.00375,35.4225,107.58,FR,DE
2026-04-21,19,119.55,130.31,15.7175,120.97,130.31,15.7175,114.59,FR,DE
2026-04-21,20,116.0,121.195,23.9675,113.64750000000001,121.195,23.9675,97.23,FR,DE
2026-04-21,21,94.9975,113.025,20.740000000000002,101.88,113.025,20.740000000000002,92.28,FR,DE
2026-04-21,22,91.08,108.86,17.86,97.92999999999999,108.86,17.86,91.0,FR,DE
2026-04-21,23,91.56,105.0125,18.2025,95.825,105.0125,18.2025,86.81,FR,DE
2026-04-22,0,92.1875,105.48,10.977500000000001,96.28999999999999,105.48,10.977500000000001,94.5,FR,DE
2026-04-22,1,93.56,105.27,0.030000000000000002,96.615,105.27,0.030000000000000002,105.24,FR,DE
2026-04-22,2,85.6375,109.13375,0.005,96.415,109.13375,0.005,109.13,FR,DE
2026-04-22,3,92.97749999999999,119.7325,9.1675,105.695,119.7325,9.1675,110.56,FR,DE
2026-04-22,4,113.5725,141.0375,19.0,124.1175,141.0375,19.0,122.04,FR,DE
2026-04-22,5,147.76,138.1825,31.745,134.5025,147.76,31.745,116.01,FR,BE
2026-04-22,6,123.8,114.0925,33.21,113.575,123.8,33.21,90.59,FR,BE
2026-04-22,7,100.0025,76.98125,14.51,83.38,100.0025,14.51,85.49,FR,BE
2026-04-22,8,15.5275,17.34,-0.0025,18.1525,18.1525,-0.0025,18.16,FR,NL
2026-04-22,9,-1.0125,-2.63875,0.02333333333333334,-1.615,0.02333333333333334,-2.63875,2.66,DE,FR
2026-04-22,10,-5.4575,-10.33,-4.8933333333333335,-6.5125,-4.8933333333333335,-10.33,5.44,DE,FR
2026-04-22,11,-18.8775,-21.9175,-17.46,-19.597499999999997,-17.46,-21.9175,4.46,DE,FR
2026-04-22,12,-17.6475,-20.19,-16.5325,-18.189999999999998,-16.5325,-20.19,3.66,DE,FR
2026-04-22,13,-4.095,-8.775,-3.385,-4.4325,-3.385,-8.775,5.39,DE,FR
2026-04-22,14,0.64,-0.41749999999999976,-0.295,0.1975,0.64,-0.41749999999999976,1.06,DE,BE
2026-04-22,15,43.2475,53.99625,-0.0025000000000000005,50.817499999999995,53.99625,-0.0025000000000000005,54.0,FR,DE
2026-04-22,16,81.0725,101.74875,10.2625,93.235,101.74875,10.2625,91.49,FR,DE
2026-04-22,17,114.9975,136.1025,39.265,130.01,136.1025,39.265,96.84,FR,DE
2026-04-22,18,120.3875,148.53375,32.995,147.8725,148.53375,32.995,115.54,FR,DE
2026-04-22,19,110.0025,127.605,30.4475,117.675,127.605,30.4475,97.16,FR,DE
2026-04-22,20,113.7525,115.375,29.52,110.2,115.375,29.52,85.86,FR,DE
2026-04-22,21,89.9175,104.4375,22.405,105.0775,105.0775,22.405,82.67,FR,NL
2026-04-22,22,94.2975,100.78375,66.31,104.0,104.0,66.31,37.69,FR,NL
2026-04-22,23,87.08250000000001,97.36375,47.1575,98.5175,98.5175,47.1575,51.36,FR,NL
2026-04-23,0,85.155,96.0875,30.229999999999997,106.2,106.2,30.229999999999997,75.97,FR,NL
2026-04-23,1,83.91749999999999,95.55375000000001,19.32,109.715,109.715,19.32,90.4,FR,NL
2026-04-23,2,84.8675,95.6875,15.815000000000001,110.82,110.82,15.815000000000001,95.0,FR,NL
2026-04-23,3,91.67,104.81375,27.145,117.27000000000001,117.27000000000001,27.145,90.13,FR,NL
2026-04-23,4,112.32,121.7575,55.6075,138.91,138.91,55.6075,83.3,FR,NL
2026-04-23,5,120.205,121.4875,82.7125,145.39000000000001,145.39000000000001,82.7125,62.68,FR,NL
2026-04-23,6,133.5,105.5,79.9925,118.8175,133.5,79.9925,53.51,FR,BE
2026-04-23,7,90.0875,55.34625,30.6125,80.71000000000001,90.0875,30.6125,59.48,FR,BE
2026-04-23,8,7.0975,0.11874999999999994,2.3600000000000003,16.98,16.98,0.11874999999999994,16.86,DE,NL
2026-04-23,9,-3.4574999999999996,-5.3412500000000005,-3.6375,0.0,0.0,-5.3412500000000005,5.34,DE,NL
2026-04-23,10,-28.0725,-26.873749999999998,-27.8375,-27.744999999999997,-26.873749999999998,-28.0725,1.2,BE,DE
2026-04-23,11,-49.215,-46.155,-48.97,-49.365,-46.155,-49.365,3.21,NL,DE
2026-04-23,12,-48.3675,-48.6825,-48.04,-48.5625,-48.04,-48.6825,0.64,DE,FR
2026-04-23,13,-22.4,-25.645,-22.025000000000002,-22.6375,-22.025000000000002,-25.645,3.62,DE,FR
2026-04-23,14,-1.84,-3.02,-1.8075,-1.9400000000000002,-1.8075,-3.02,1.21,DE,FR
2026-04-23,15,23.233333333333334,19.372500000000002,1.0033333333333332,21.9875,23.233333333333334,1.0033333333333332,22.23,FR,BE
2026-04-23,16,77.0675,90.96000000000001,12.7,98.0,98.0,12.7,85.3,FR,NL
2026-04-23,17,105.6775,121.495,44.832499999999996,123.26750000000001,123.26750000000001,44.832499999999996,78.44,FR,NL
2026-04-23,18,114.4675,134.81875,36.160000000000004,134.96,134.96,36.160000000000004,98.8,FR,NL
2026-04-23,19,111.095,115.69,33.269999999999996,151.95,151.95,33.269999999999996,118.68,FR,NL
2026-04-23,20,106.195,106.90625,39.11,144.2,144.2,39.11,105.09,FR,NL
2026-04-23,21,94.8825,99.2475,27.395,125.7,125.7,27.395,98.3,FR,NL
2026-04-23,22,90.02,99.7025,20.8625,100.115,100.115,20.8625,79.25,FR,NL
2026-04-23,23,93.84,98.24125000000001,20.795,100.13,100.13,20.795,79.33,FR,NL
2026-04-24,0,95.58,97.90375,16.2825,100.71000000000001,100.71000000000001,16.2825,84.43,FR,NL
2026-04-24,1,97.0775,98.70125,13.565000000000001,101.69,101.69,13.565000000000001,88.12,FR,NL
2026-04-24,2,94.6875,102.775,13.32,101.4825,102.775,13.32,89.46,FR,DE
2026-04-24,3,101.4225,113.0675,19.119999999999997,109.65,113.0675,19.119999999999997,93.95,FR,DE
2026-04-24,4,121.7025,130.2225,37.355,128.0,130.2225,37.355,92.87,FR,DE
2026-04-24,5,140.9325,135.5975,53.4675,142.165,142.165,53.4675,88.7,FR,NL
2026-04-24,6,143.02249999999998,116.27374999999999,57.96,134.45,143.02249999999998,57.96,85.06,FR,BE
2026-04-24,7,120.0,82.32124999999999,22.845,102.68,120.0,22.845,97.16,FR,BE
2026-04-24,8,28.77,22.75125,8.7975,25.9225,28.77,8.7975,19.97,FR,BE
2026-04-24,9,-0.035,0.2399999999999999,-0.035,-0.035,0.2399999999999999,-0.035,0.27,FR,DE
2026-04-24,10,-6.9075,-6.4037500000000005,-6.9075,-6.9075,-6.4037500000000005,-6.9075,0.5,FR,DE
2026-04-24,11,-26.0825,-22.39125,-26.035,-26.1075,-22.39125,-26.1075,3.72,NL,DE
2026-04-24,12,-29.895,-25.627142857142854,-29.8125,-29.942500000000003,-25.627142857142854,-29.942500000000003,4.32,NL,DE
2026-04-24,13,-16.52,-13.93125,-16.485,-16.535,-13.93125,-16.535,2.6,NL,DE
2026-04-24,14,-1.5825,-0.3425,-1.555,-1.595,-0.3425,-1.595,1.25,NL,DE
2026-04-24,15,40.495000000000005,48.776250000000005,10.8875,46.48,48.776250000000005,10.8875,37.89,FR,DE
2026-04-24,16,98.82,103.22874999999999,26.6525,103.9725,103.9725,26.6525,77.32,FR,NL
2026-04-24,17,135.2,130.25625,59.9375,136.5675,136.5675,59.9375,76.63,FR,NL
2026-04-24,18,160.7975,139.37125,66.8,155.6525,160.7975,66.8,94.0,FR,BE
2026-04-24,19,161.3,129.26375,64.7025,151.9075,161.3,64.7025,96.6,FR,BE
2026-04-24,20,134.9425,120.38,61.5875,131.35750000000002,134.9425,61.5875,73.35,FR,BE
2026-04-24,21,121.8375,111.83,57.845,120.0,121.8375,57.845,63.99,FR,BE
2026-04-24,22,102.78999999999999,105.21375,55.239999999999995,134.065,134.065,55.239999999999995,78.82,FR,NL
2026-04-24,23,98.63,100.38857142857144,62.62,125.39750000000001,125.39750000000001,62.62,62.78,FR,NL
2026-04-25,0,101.405,99.58,50.455,116.205,116.205,50.455,65.75,FR,NL
2026-04-25,1,108.1775,97.88285714285713,38.8925,105.27250000000001,108.1775,38.8925,69.28,FR,BE
2026-04-25,2,88.77,92.77857142857144,44.01,110.05,110.05,44.01,66.04,FR,NL
2026-04-25,3,88.235,92.14,49.9975,106.0375,106.0375,49.9975,56.04,FR,NL
2026-04-25,4,90.8275,87.5675,41.1475,134.2,134.2,41.1475,93.05,FR,NL
2026-04-25,5,84.42,71.18,29.47,125.0,125.0,29.47,95.53,FR,NL
2026-04-25,6,88.67,17.32625,18.6525,132.2375,132.2375,17.32625,114.91,DE,NL
2026-04-25,7,19.94,0.07142857142857163,6.9725,55.0025,55.0025,0.07142857142857163,54.93,DE,NL
2026-04-25,8,-5.1875,-12.135000000000002,-5.7625,-1.32,-1.32,-12.135000000000002,10.82,DE,NL
2026-04-25,9,-42.0825,-42.50625,-42.045,-42.1125,-42.045,-42.50625,0.46,DE,FR
2026-04-25,10,-100.11500000000001,-96.13000000000001,-99.80000000000001,-100.3125,-96.13000000000001,-100.3125,4.18,NL,DE
2026-04-25,11,-175.5725,-142.68875,-174.855,-176.02,-142.68875,-176.02,33.33,NL,DE
2026-04-25,12,-189.82,-155.46428571428572,-188.9825,-190.34,-155.46428571428572,-190.34,34.88,NL,DE
2026-04-25,13,-133.32,-106.87875,-132.905,-133.55,-106.87875,-133.55,26.67,NL,DE
2026-04-25,14,-53.545,-45.815,-53.195,-53.7725,-45.815,-53.7725,7.96,NL,DE
2026-04-25,15,-3.3475,-5.3425,-3.3,-1.4725,-1.4725,-5.3425,3.87,DE,NL
2026-04-25,16,47.37,5.27,14.747499999999999,85.0975,85.0975,5.27,79.83,DE,NL
2026-04-25,17,90.3625,58.256249999999994,52.5725,127.0,127.0,52.5725,74.43,FR,NL
2026-04-25,18,99.945,76.2475,60.0,151.41,151.41,60.0,91.41,FR,NL
2026-04-25,19,100.66499999999999,73.4525,65.95,156.1225,156.1225,65.95,90.17,FR,NL
2026-04-25,20,98.6275,71.9875,75.5375,144.26,144.26,71.9875,72.27,DE,NL
2026-04-25,21,94.1325,62.543749999999996,66.13,139.3975,139.3975,62.543749999999996,76.85,DE,NL
2026-04-25,22,85.1925,69.29625,41.5675,120.0025,120.0025,41.5675,78.44,FR,NL
2026-04-25,23,81.7025,75.80250000000001,30.392500000000002,100.24000000000001,100.24000000000001,30.392500000000002,69.85,FR,NL
2026-04-26,0,108.2075,80.18571428571428,23.4275,98.24000000000001,108.2075,23.4275,84.78,FR,BE
2026-04-26,1,131.39666666666668,86.04375,16.5325,112.07249999999999,131.39666666666668,16.5325,114.86,FR,BE
2026-04-26,2,137.51,90.3175,16.5325,118.94,137.51,16.5325,120.98,FR,BE
2026-04-26,3,121.9075,97.88374999999999,19.192500000000003,112.5675,121.9075,19.192500000000003,102.72,FR,BE
2026-04-26,4,133.48,98.34125,17.1975,120.245,133.48,17.1975,116.28,FR,BE
2026-04-26,5,188.2425,81.2775,13.530000000000001,115.9975,188.2425,13.530000000000001,174.71,FR,BE
2026-04-26,6,92.0975,52.74125,12.620000000000001,79.74,92.0975,12.620000000000001,79.48,FR,BE
2026-04-26,7,0.6900000000000002,1.2462500000000003,0.10250000000000004,0.44499999999999984,1.2462500000000003,0.10250000000000004,1.14,FR,DE
2026-04-26,8,-28.185000000000002,-19.42875,-28.185000000000002,-28.185000000000002,-19.42875,-28.185000000000002,8.76,FR,DE
2026-04-26,9,-127.0575,-91.94428571428571,-126.825,-127.205,-91.94428571428571,-127.205,35.26,NL,DE
2026-04-26,10,-259.595,-176.2675,-259.3425,-259.745,-176.2675,-259.745,83.48,NL,DE
2026-04-26,11,-413.1175,-262.645,-412.55,-413.34000000000003,-262.645,-413.34000000000003,150.7,NL,DE
2026-04-26,12,-412.64,-262.91875,-412.25,-412.9,-262.91875,-412.9,149.98,NL,DE
2026-04-26,13,-235.2125,-158.84625,-234.5725,-235.4925,-158.84625,-235.4925,76.65,NL,DE
2026-04-26,14,-37.182500000000005,-22.1525,-37.0825,-37.252500000000005,-22.1525,-37.252500000000005,15.1,NL,DE
2026-04-26,15,11.26,16.338749999999997,-0.0025000000000000577,11.7475,16.338749999999997,-0.0025000000000000577,16.34,FR,DE
2026-04-26,16,113.08500000000001,115.35,8.7025,118.135,118.135,8.7025,109.43,FR,NL
2026-04-26,17,152.46,150.18875,31.305,158.9075,158.9075,31.305,127.6,FR,NL
2026-04-26,18,160.4925,162.35875,43.0475,165.7125,165.7125,43.0475,122.66,FR,NL
2026-04-26,19,142.2925,146.20625,74.80333333333333,145.0525,146.20625,74.80333333333333,71.4,FR,DE
2026-04-26,20,126.1875,133.7025,94.87333333333333,127.585,133.7025,94.87333333333333,38.83,FR,DE
2026-04-26,21,117.425,125.57375,81.8,119.4375,125.57375,81.8,43.77,FR,DE
2026-04-26,22,104.3325,119.335,49.665,111.4625,119.335,49.665,69.67,FR,DE
2026-04-26,23,98.9625,114.80571428571429,43.114999999999995,106.2125,114.80571428571429,43.114999999999995,71.69,FR,DE
2026-04-27,0,100.0025,113.9057142857143,34.1975,105.9425,113.9057142857143,34.1975,79.71,FR,DE
2026-04-27,1,97.86,114.32875,23.59,104.36500000000001,114.32875,23.59,90.74,FR,DE
2026-04-27,2,102.2975,118.27125,26.7025,108.705,118.27125,26.7025,91.57,FR,DE
2026-04-27,3,110.7375,129.08375,66.3425,119.035,129.08375,66.3425,62.74,FR,DE
2026-04-27,4,150.01749999999998,165.63375,89.45,165.5675,165.63375,89.45,76.18,FR,DE
2026-04-27,5,145.4675,162.67625,101.66333333333334,153.69,162.67625,101.66333333333334,61.01,FR,DE
2026-04-27,6,164.3175,132.0775,82.66250000000001,126.95,164.3175,82.66250000000001,81.65,FR,BE
2026-04-27,7,139.3,96.85125,24.7975,121.6925,139.3,24.7975,114.5,FR,BE
2026-04-27,8,101.5625,63.09375,4.6875,85.0,101.5625,4.6875,96.88,FR,BE
2026-04-27,9,10.075000000000001,18.71375,-0.015,5.9775,18.71375,-0.015,18.73,FR,DE
2026-04-27,10,-0.0975,-0.019999999999999966,-0.0975,-0.0975,-0.019999999999999966,-0.0975,0.08,FR,DE
2026-04-27,11,-0.7733333333333333,-1.02,-0.7733333333333333,-0.7733333333333333,-0.7733333333333333,-1.02,0.25,DE,FR
2026-04-27,12,-0.1625,0.4375,-0.1625,-0.1625,0.4375,-0.1625,0.6,FR,DE
2026-04-27,13,3.94,16.0375,-0.006666666666666667,4.91,16.0375,-0.006666666666666667,16.04,FR,DE
2026-04-27,14,50.185,66.67625,-0.0025000000000000022,59.052499999999995,66.67625,-0.0025000000000000022,66.68,FR,DE
2026-04-27,15,94.52,109.51625,7.1675,99.4225,109.51625,7.1675,102.35,FR,DE
2026-04-27,16,116.42750000000001,132.0225,28.447499999999998,121.41499999999999,132.0225,28.447499999999998,103.58,FR,DE
2026-04-27,17,158.3625,173.85375,63.85,174.8225,174.8225,63.85,110.97,FR,NL
2026-04-27,18,184.975,188.9875,72.6125,158.7975,188.9875,72.6125,116.38,FR,DE
2026-04-27,19,143.155,151.9625,62.75,147.12,151.9625,62.75,89.21,FR,DE
2026-04-27,20,117.8175,133.32375000000002,65.5,120.8575,133.32375000000002,65.5,67.82,FR,DE
2026-04-27,21,99.1075,122.045,41.51,106.565,122.045,41.51,80.54,FR,DE
2026-04-27,22,101.155,110.36,59.0375,110.8775,110.8775,59.0375,51.84,FR,NL
2026-04-27,23,94.9125,106.00125,39.715,106.9025,106.9025,39.715,67.19,FR,NL
2026-04-28,0,87.1325,101.99875,27.345,102.98,102.98,27.345,75.64,FR,NL
2026-04-28,1,85.45750000000001,101.58,23.4875,100.0025,101.58,23.4875,78.09,FR,DE
2026-04-28,2,85.2125,104.0375,20.145,97.99000000000001,104.0375,20.145,83.89,FR,DE
2026-04-28,3,90.3275,112.2025,18.1075,101.555,112.2025,18.1075,94.1,FR,DE
2026-04-28,4,102.255,125.27875,11.235,110.0625,125.27875,11.235,114.04,FR,DE
2026-04-28,5,108.8925,127.21875,23.88,113.425,127.21875,23.88,103.34,FR,DE
2026-04-28,6,106.905,110.51875,70.0,108.905,110.51875,70.0,40.52,FR,DE
2026-04-28,7,74.4525,82.7525,43.964999999999996,76.725,82.7525,43.964999999999996,38.79,FR,DE
2026-04-28,8,21.39,28.39125,9.4975,22.040000000000003,28.39125,9.4975,18.89,FR,DE
2026-04-28,9,-0.5825,-0.9337499999999999,-0.010000000000000002,-3.8975,-0.010000000000000002,-3.8975,3.89,NL,FR
2026-04-28,10,0.26999999999999996,-12.17125,-1.3533333333333333,-31.997500000000002,0.26999999999999996,-31.997500000000002,32.27,NL,BE
2026-04-28,11,-23.572499999999998,-25.86875,-21.502499999999998,-43.8025,-21.502499999999998,-43.8025,22.3,NL,FR
2026-04-28,12,-9.355,-25.708750000000002,-10.302499999999998,-48.0,-9.355,-48.0,38.64,NL,BE
2026-04-28,13,-6.83,-15.09125,-2.42,-39.9075,-2.42,-39.9075,37.49,NL,FR
2026-04-28,14,-3.715,-2.785,-3.17,-7.68,-2.785,-7.68,4.89,NL,DE
2026-04-28,15,25.597499999999997,35.55875,-0.0049999999999999975,22.64,35.55875,-0.0049999999999999975,35.56,FR,DE
2026-04-28,16,76.1675,90.38625,28.262500000000003,83.8125,90.38625,28.262500000000003,62.12,FR,DE
2026-04-28,17,100.39,121.1625,46.4975,109.04249999999999,121.1625,46.4975,74.66,FR,DE
2026-04-28,18,99.43,126.97999999999999,29.9625,111.3725,126.97999999999999,29.9625,97.02,FR,DE
2026-04-28,19,91.9675,119.515,18.0075,104.9,119.515,18.0075,101.51,FR,DE
2026-04-28,20,88.2425,112.2325,17.39,100.0,112.2325,17.39,94.84,FR,DE
2026-04-28,21,78.15,102.14875,3.4325,91.0,102.14875,3.4325,98.72,FR,DE
2026-04-28,22,80.6425,94.9525,23.7425,89.86749999999999,94.9525,23.7425,71.21,FR,DE
2026-04-28,23,78.26,94.5725,20.4525,88.06,94.5725,20.4525,74.12,FR,DE
2026-04-29,0,75.1825,94.82375,4.48,87.2825,94.82375,4.48,90.34,FR,DE
2026-04-29,1,74.53,96.02625,0.006666666666666665,86.49000000000001,96.02625,0.006666666666666665,96.02,FR,DE
2026-04-29,2,76.3225,100.605,-0.0033333333333333335,87.8375,100.605,-0.0033333333333333335,100.61,FR,DE
2026-04-29,3,81.9975,108.81125,6.675000000000001,95.205,108.81125,6.675000000000001,102.14,FR,DE
2026-04-29,4,87.22,130.63714285714286,5.7725,134.5075,134.5075,5.7725,128.73,FR,NL
2026-04-29,5,99.9175,125.46875,35.9825,116.3025,125.46875,35.9825,89.49,FR,DE
2026-04-29,6,88.52,110.905,13.263333333333334,101.2975,110.905,13.263333333333334,97.64,FR,DE
2026-04-29,7,49.660000000000004,68.79625,0.735,58.2275,68.79625,0.735,68.06,FR,DE
2026-04-29,8,0.9550000000000001,-1.4637499999999999,-0.007499999999999951,-0.012499999999999734,0.9550000000000001,-1.4637499999999999,2.42,DE,BE
2026-04-29,9,-8.2175,-17.92125,-4.6425,-9.7025,-4.6425,-17.92125,13.28,DE,FR
2026-04-29,10,-30.0325,-34.75625,-29.543333333333333,-32.0125,-29.543333333333333,-34.75625,5.21,DE,FR
2026-04-29,11,-55.0425,-58.14125,-48.6325,-56.7575,-48.6325,-58.14125,9.51,DE,FR
2026-04-29,12,-50.69,-57.0075,-44.6025,-52.415,-44.6025,-57.0075,12.4,DE,FR
2026-04-29,13,-32.4,-36.488749999999996,-29.5775,-33.3525,-29.5775,-36.488749999999996,6.91,DE,FR
2026-04-29,14,-10.102500000000001,-14.59875,-10.945,-10.525,-10.102500000000001,-14.59875,4.5,DE,BE
2026-04-29,15,16.247500000000002,12.911249999999999,0.02333333333333333,17.9725,17.9725,0.02333333333333333,17.95,FR,NL
2026-04-29,16,70.6825,90.5225,8.07,81.015,90.5225,8.07,82.45,FR,DE
2026-04-29,17,112.0425,127.07874999999999,29.5,117.0075,127.07874999999999,29.5,97.58,FR,DE
2026-04-29,18,134.0425,142.80285714285714,19.8175,145.64,145.64,19.8175,125.82,FR,NL
2026-04-29,19,118.6,127.24249999999999,22.615000000000002,129.99,129.99,22.615000000000002,107.38,FR,NL
2026-04-29,20,95.32333333333334,114.94125,27.075,105.5925,114.94125,27.075,87.87,FR,DE
2026-04-29,21,85.31,105.83875,19.86,95.35,105.83875,19.86,85.98,FR,DE
2026-04-29,22,80.6225,98.29124999999999,20.25,91.05250000000001,98.29124999999999,20.25,78.04,FR,DE
2026-04-29,23,78.9475,99.30499999999999,13.6125,89.9375,99.30499999999999,13.6125,85.69,FR,DE
2026-04-30,0,77.3775,97.36125,13.807500000000001,88.7375,97.36125,13.807500000000001,83.55,FR,DE
2026-04-30,1,74.6075,99.3825,1.3333333333333333,87.795,99.3825,1.3333333333333333,98.05,FR,DE
2026-04-30,2,79.015,105.88,6.4,92.3,105.88,6.4,99.48,FR,DE
2026-04-30,3,87.0325,114.12125,4.8999999999999995,101.3175,114.12125,4.8999999999999995,109.22,FR,DE
2026-04-30,4,91.445,135.76125,16.33,132.45749999999998,135.76125,16.33,119.43,FR,DE
2026-04-30,5,98.7325,128.82125,13.0825,111.3725,128.82125,13.0825,115.74,FR,DE
2026-04-30,6,74.3075,101.10625,9.685,85.0475,101.10625,9.685,91.42,FR,DE
2026-04-30,7,36.32,43.45125,9.865,41.0025,43.45125,9.865,33.59,FR,DE
2026-04-30,8,-0.0025000000000000577,0.01749999999999996,0.0050000000000000044,-0.015000000000000013,0.01749999999999996,-0.015000000000000013,0.03,NL,DE
2026-04-30,9,-3.2575000000000003,-5.9575,-2.9074999999999998,-3.4775,-2.9074999999999998,-5.9575,3.05,DE,FR
2026-04-30,10,-13.59,-26.231250000000003,-13.495000000000001,-16.695,-13.495000000000001,-26.231250000000003,12.74,DE,FR
2026-04-30,11,-31.25,-47.94,-30.61,-31.55,-30.61,-47.94,17.33,DE,FR
2026-04-30,12,-27.330000000000002,-39.71857142857143,-25.8575,-27.995,-25.8575,-39.71857142857143,13.86,DE,FR
2026-04-30,13,-11.309999999999999,-23.502499999999998,-10.5825,-11.64,-10.5825,-23.502499999999998,12.92,DE,FR
2026-04-30,14,-1.7075,-4.50625,-0.995,-1.9875,-0.995,-4.50625,3.51,DE,FR
2026-04-30,15,17.162499999999998,21.32125,3.1550000000000002,19.015,21.32125,3.1550000000000002,18.17,FR,DE
2026-04-30,16,76.4025,94.96625,33.29666666666667,84.3775,94.96625,33.29666666666667,61.67,FR,DE
2026-04-30,17,124.285,136.42875,53.182500000000005,132.8875,136.42875,53.182500000000005,83.25,FR,DE
2026-04-30,18,143.07,160.5325,42.9625,174.705,174.705,42.9625,131.74,FR,NL
2026-04-30,19,116.5475,140.30375,34.6525,143.3,143.3,34.6525,108.65,FR,NL
2026-04-30,20,109.895,117.78375,48.7575,113.32,117.78375,48.7575,69.03,FR,DE
2026-04-30,21,101.6125,107.44625,46.73,104.8475,107.44625,46.73,60.72,FR,DE
2026-04-30,22,93.865,107.38625,45.2125,107.22749999999999,107.38625,45.2125,62.17,FR,DE
2026-04-30,23,89.5475,102.81142857142856,40.730000000000004,103.06,103.06,40.730000000000004,62.33,FR,NL
2026-05-01,0,85.55,100.675,28.5975,101.385,101.385,28.5975,72.79,FR,NL
2026-05-01,1,83.175,99.6875,25.085,99.3225,99.6875,25.085,74.6,FR,DE
2026-05-01,2,81.36,100.255,20.5925,97.7825,100.255,20.5925,79.66,FR,DE
2026-05-01,3,85.06,101.59625,14.61,97.495,101.59625,14.61,86.99,FR,DE
2026-05-01,4,100.64750000000001,98.13499999999999,12.5775,104.97749999999999,104.97749999999999,12.5775,92.4,FR,NL
2026-05-01,5,75.06750000000001,79.23875,10.1,91.25,91.25,10.1,81.15,FR,NL
2026-05-01,6,32.1325,23.470000000000002,9.015,33.9025,33.9025,9.015,24.89,FR,NL
2026-05-01,7,-0.025000000000000022,-2.43875,-0.025000000000000022,-0.027500000000000024,-0.025000000000000022,-2.43875,2.41,DE,FR
2026-05-01,8,-21.0475,-25.427142857142858,-20.93,-21.0925,-20.93,-25.427142857142858,4.5,DE,FR
2026-05-01,9,-107.8625,-105.27250000000001,-107.2675,-107.9375,-105.27250000000001,-107.9375,2.66,NL,DE
2026-05-01,10,-317.13,-262.28714285714284,-316.0,-317.3175,-262.28714285714284,-317.3175,55.03,NL,DE
2026-05-01,11,-497.905,-345.866,-496.86249999999995,-498.4425,-345.866,-498.4425,152.58,NL,DE
2026-05-01,12,-464.3533333333333,-383.2966666666666,-462.15000000000003,-465.4866666666667,-383.2966666666666,-465.4866666666667,82.19,NL,DE
2026-05-01,13,-140.27,-143.23999999999998,-203.315,-205.23,-140.27,-205.23,64.96,NL,BE
2026-05-01,14,-26.055,-30.88714285714286,-25.8825,-26.16,-25.8825,-30.88714285714286,5.0,DE,FR
2026-05-01,15,4.3475,3.1574999999999998,-0.5233333333333333,5.095,5.095,-0.5233333333333333,5.62,FR,NL
2026-05-01,16,84.8175,90.265,11.205,98.255,98.255,11.205,87.05,FR,NL
2026-05-01,17,155.7325,151.54500000000002,55.7125,160.0025,160.0025,55.7125,104.29,FR,NL
2026-05-01,18,173.755,161.66625,80.0,177.86,177.86,80.0,97.86,FR,NL
2026-05-01,19,142.6125,137.125,93.1525,142.95,142.95,93.1525,49.8,FR,NL
2026-05-01,20,118.4075,111.86,103.89,134.0275,134.0275,103.89,30.14,FR,NL
2026-05-01,21,110.3275,96.3425,97.8325,125.3725,125.3725,96.3425,29.03,DE,NL
2026-05-01,22,115.825,105.4625,87.325,123.3775,123.3775,87.325,36.05,FR,NL
2026-05-01,23,104.5725,94.005,84.9425,115.1175,115.1175,84.9425,30.18,FR,NL
2026-05-02,0,100.905,89.48375,70.35,119.9,119.9,70.35,49.55,FR,NL
2026-05-02,1,92.32,85.71375,47.6,108.71000000000001,108.71000000000001,47.6,61.11,FR,NL
2026-05-02,2,93.01,83.94666666666667,54.5125,108.4,108.4,54.5125,53.89,FR,NL
2026-05-02,3,92.4675,87.29125,49.57,107.59,107.59,49.57,58.02,FR,NL
2026-05-02,4,123.94749999999999,87.05375000000001,37.0,107.2875,123.94749999999999,37.0,86.95,FR,BE
2026-05-02,5,115.135,71.43125,39.447500000000005,101.1,115.135,39.447500000000005,75.69,FR,BE
2026-05-02,6,37.6,21.23375,26.465,73.4175,73.4175,21.23375,52.18,DE,NL
2026-05-02,7,2.7275,0.43625,2.305,7.760000000000001,7.760000000000001,0.43625,7.32,DE,NL
2026-05-02,8,-1.6349999999999998,-4.748571428571428,-1.8925,-0.52,-0.52,-4.748571428571428,4.23,DE,NL
2026-05-02,9,-16.8775,-25.794999999999998,-18.595,-9.225,-9.225,-25.794999999999998,16.57,DE,NL
2026-05-02,10,-57.589999999999996,-76.50714285714285,-65.0425,-20.473333333333333,-20.473333333333333,-76.50714285714285,56.03,DE,NL
2026-05-02,11,-109.425,-136.58142857142857,-114.98,-59.432500000000005,-59.432500000000005,-136.58142857142857,77.15,DE,NL
2026-05-02,12,-73.155,-89.80833333333334,-76.8275,-40.01,-40.01,-89.80833333333334,49.8,DE,NL
2026-05-02,13,-12.49,-30.25857142857143,-12.8775,-8.7975,-8.7975,-30.25857142857143,21.46,DE,NL
2026-05-02,14,0.11499999999999999,-2.61375,-0.04,0.06,0.11499999999999999,-2.61375,2.73,DE,BE
2026-05-02,15,97.8,54.38666666666666,2.5925,73.485,97.8,2.5925,95.21,FR,BE
2026-05-02,16,142.85750000000002,118.965,12.745000000000001,138.2,142.85750000000002,12.745000000000001,130.11,FR,BE
2026-05-02,17,170.0,155.59875,52.125,169.16,170.0,52.125,117.88,FR,BE
2026-05-02,18,198.4,179.625,73.2075,203.66,203.66,73.2075,130.45,FR,NL
2026-05-02,19,164.0,150.065,90.605,161.16,164.0,90.605,73.4,FR,BE
2026-05-02,20,142.93,138.33,90.85249999999999,142.29000000000002,142.93,90.85249999999999,52.08,FR,BE
2026-05-02,21,119.985,122.81875,82.875,121.315,122.81875,82.875,39.94,FR,DE
2026-05-02,22,119.315,119.44625,72.865,120.1275,120.1275,72.865,47.26,FR,NL
2026-05-02,23,115.6125,114.905,53.7,116.0325,116.0325,53.7,62.33,FR,NL
2026-05-03,0,115.3675,110.03125,14.592500000000001,114.0575,115.3675,14.592500000000001,100.78,FR,BE
2026-05-03,1,111.3375,108.14750000000001,18.8375,110.7625,111.3375,18.8375,92.5,FR,BE
2026-05-03,2,107.82,105.37125,18.8,106.375,107.82,18.8,89.02,FR,BE
2026-05-03,3,110.87,106.21000000000001,19.4525,107.1275,110.87,19.4525,91.42,FR,BE
2026-05-03,4,105.0575,97.67375,12.942499999999999,103.2075,105.0575,12.942499999999999,92.12,FR,BE
2026-05-03,5,98.84,81.91375,14.7975,95.585,98.84,14.7975,84.04,FR,BE
2026-05-03,6,106.26,63.011250000000004,35.97,80.695,106.26,35.97,70.29,FR,BE
2026-05-03,7,57.0375,23.19,18.9625,47.4775,57.0375,18.9625,38.08,FR,BE
2026-05-03,8,10.360000000000001,0.4712500000000001,2.5766666666666667,24.9975,24.9975,0.4712500000000001,24.53,DE,NL
2026-05-03,9,9.15,-5.67375,0.3375,24.2075,24.2075,-5.67375,29.88,DE,NL
2026-05-03,10,3.795,-21.9775,0.015,28.5625,28.5625,-21.9775,50.54,DE,NL
2026-05-03,11,6.9875,-67.57714285714286,-2.6274999999999995,33.147499999999994,33.147499999999994,-67.57714285714286,100.72,DE,NL
2026-05-03,12,5.6850000000000005,-39.506,-0.055,39.9975,39.9975,-39.506,79.5,DE,NL
2026-05-03,13,16.8675,-12.9675,-0.01,45.0075,45.0075,-12.9675,57.98,DE,NL
2026-05-03,14,40.45,2.86625,0.0,65.2525,65.2525,0.0,65.25,FR,NL
2026-05-03,15,129.42,66.50142857142858,3.4749999999999996,105.6275,129.42,3.4749999999999996,125.94,FR,BE
2026-05-03,16,113.0475,108.52428571428571,18.247500000000002,117.7825,117.7825,18.247500000000002,99.54,FR,NL
2026-05-03,17,135.25,129.04874999999998,68.695,138.95499999999998,138.95499999999998,68.695,70.26,FR,NL
2026-05-03,18,146.18,137.50375,96.42,145.12,146.18,96.42,49.76,FR,BE
2026-05-03,19,137.7,131.555,103.06,136.3425,137.7,103.06,34.64,FR,BE
2026-05-03,20,130.615,124.39625,105.2725,129.69,130.615,105.2725,25.34,FR,BE
2026-05-03,21,118.095,114.46000000000001,97.33,119.42999999999999,119.42999999999999,97.33,22.1,FR,NL
2026-05-03,22,117.0475,108.2242857142857,114.82249999999999,117.17750000000001,117.17750000000001,108.2242857142857,8.95,DE,NL
2026-05-03,23,108.2,96.75625,105.12,108.4425,108.4425,96.75625,11.69,DE,NL
2026-05-04,0,110.4225,97.47875,97.445,110.5275,110.5275,97.445,13.08,FR,NL
2026-05-04,1,106.2825,96.23,94.2,106.3475,106.3475,94.2,12.15,FR,NL
2026-05-04,2,107.765,100.55375000000001,94.675,108.6625,108.6625,94.675,13.99,FR,NL
2026-05-04,3,117.1725,116.84125,101.41499999999999,126.8875,126.8875,101.41499999999999,25.47,FR,NL
2026-05-04,4,139.57,137.94125,114.625,148.7475,148.7475,114.625,34.12,FR,NL
2026-05-04,5,151.95,143.65625,133.94750000000002,152.565,152.565,133.94750000000002,18.62,FR,NL
2026-05-04,6,135.995,127.84875,132.9325,135.44,135.995,127.84875,8.15,DE,BE
2026-05-04,7,121.97749999999999,109.08749999999999,125.49,118.145,125.49,109.08749999999999,16.4,DE,FR
2026-05-04,8,115.53,93.81375,121.5225,108.64500000000001,121.5225,93.81375,27.71,DE,FR
2026-05-04,9,108.36,82.26875,114.3325,101.685,114.3325,82.26875,32.06,DE,FR
2026-05-04,10,97.6725,64.59125,107.085,88.71249999999999,107.085,64.59125,42.49,DE,FR
2026-05-04,11,90.28,55.455,98.75999999999999,82.235,98.75999999999999,55.455,43.3,DE,FR
2026-05-04,12,102.2575,64.94875,110.69749999999999,94.305,110.69749999999999,64.94875,45.75,DE,FR
2026-05-04,13,106.4125,82.75,110.97,101.1375,110.97,82.75,28.22,DE,FR
2026-05-04,14,105.97749999999999,99.58875,88.89,106.77499999999999,106.77499999999999,88.89,17.88,FR,NL
2026-05-04,15,114.9775,125.39875,72.0,122.815,125.39875,72.0,53.4,FR,DE
2026-05-04,16,143.2875,155.09875,91.0875,125.1025,155.09875,91.0875,64.01,FR,DE
2026-05-04,17,155.55,205.1525,135.64749999999998,205.3625,205.3625,135.64749999999998,69.72,FR,NL
2026-05-04,18,169.15,226.2175,109.81,220.36,226.2175,109.81,116.41,FR,DE
2026-05-04,19,159.98000000000002,177.64875,133.79500000000002,185.9,185.9,133.79500000000002,52.1,FR,NL
2026-05-04,20,150.1325,145.72375,141.59,151.5125,151.5125,141.59,9.92,FR,NL
2026-05-04,21,133.70250000000001,131.75,122.35000000000001,135.46,135.46,122.35000000000001,13.11,FR,NL
2026-05-04,22,125.845,128.1275,107.99000000000001,128.9,128.9,107.99000000000001,20.91,FR,NL
2026-05-04,23,120.33500000000001,122.8225,102.28,123.515,123.515,102.28,21.24,FR,NL
2026-05-05,0,113.74000000000001,119.11375,89.6875,118.505,119.11375,89.6875,29.43,FR,DE
2026-05-05,1,113.255,118.90375,87.775,118.35,118.90375,87.775,31.13,FR,DE
2026-05-05,2,115.2825,121.1125,90.4175,120.07,121.1125,90.4175,30.69,FR,DE
2026-05-05,3,124.02499999999999,134.085,95.515,129.5075,134.085,95.515,38.57,FR,DE
2026-05-05,4,125.63499999999999,171.405,103.125,152.0075,171.405,103.125,68.28,FR,DE
2026-05-05,5,138.1325,176.04,118.8,157.735,176.04,118.8,57.24,FR,DE
2026-05-05,6,138.16,151.8625,113.65,143.1325,151.8625,113.65,38.21,FR,DE
2026-05-05,7,127.24499999999999,130.60375,112.21000000000001,128.6925,130.60375,112.21000000000001,18.39,FR,DE
2026-05-05,8,114.585,117.0025,110.4475,114.4425,117.0025,110.4475,6.55,FR,DE
2026-05-05,9,109.4425,107.29125,85.89,109.45,109.45,85.89,23.56,FR,NL
2026-05-05,10,102.075,98.7475,77.7275,101.1,102.075,77.7275,24.35,FR,BE
2026-05-05,11,100.59,98.07285714285715,63.295,99.17,100.59,63.295,37.3,FR,BE
2026-05-05,12,98.4775,100.58571428571429,69.64,99.4225,100.58571428571429,69.64,30.95,FR,DE
2026-05-05,13,103.7025,106.63571428571429,59.7975,102.985,106.63571428571429,59.7975,46.84,FR,DE
2026-05-05,14,101.38,111.98875,30.005000000000003,104.7225,111.98875,30.005000000000003,81.98,FR,DE
2026-05-05,15,110.85,125.985,49.050000000000004,116.57000000000001,125.985,49.050000000000004,76.94,FR,DE
2026-05-05,16,130.6025,148.25625,97.205,125.95750000000001,148.25625,97.205,51.05,FR,DE
2026-05-05,17,150.8975,170.8,136.9975,137.5,170.8,136.9975,33.8,FR,DE
2026-05-05,18,144.4875,168.60125,102.11,143.9375,168.60125,102.11,66.49,FR,DE
2026-05-05,19,134.885,143.405,100.69,140.76500000000001,143.405,100.69,42.72,FR,DE
2026-05-05,20,125.20750000000001,127.94625,107.115,124.89750000000001,127.94625,107.115,20.83,FR,DE
2026-05-05,21,110.74000000000001,113.58875,97.9225,110.92750000000001,113.58875,97.9225,15.67,FR,DE
2026-05-05,22,119.11,118.6,114.9075,119.735,119.735,114.9075,4.83,FR,NL
2026-05-05,23,113.0175,112.765,108.42,113.7725,113.7725,108.42,5.35,FR,NL
2026-05-06,0,110.1925,110.70375,100.62,111.89750000000001,111.89750000000001,100.62,11.28,FR,NL
2026-05-06,1,109.7425,110.44500000000001,98.7525,111.63,111.63,98.7525,12.88,FR,NL
2026-05-06,2,109.47,110.74875,96.08500000000001,111.5825,111.5825,96.08500000000001,15.5,FR,NL
2026-05-06,3,112.365,114.8125,93.8,115.61,115.61,93.8,21.81,FR,NL
2026-05-06,4,127.905,132.10999999999999,117.10000000000001,129.62,132.10999999999999,117.10000000000001,15.01,FR,DE
2026-05-06,5,137.7775,141.56,124.23,140.28,141.56,124.23,17.33,FR,DE
2026-05-06,6,138.6925,138.56375,123.00750000000001,139.765,139.765,123.00750000000001,16.76,FR,NL
2026-05-06,7,122.36,122.8275,123.1,121.69500000000001,123.1,121.69500000000001,1.4,NL,FR
2026-05-06,8,112.285,110.51714285714286,111.0275,110.2,112.285,110.2,2.08,NL,BE
2026-05-06,9,108.30250000000001,101.91125,110.69,105.8675,110.69,101.91125,8.78,DE,FR
2026-05-06,10,104.445,94.4225,106.8625,102.565,106.8625,94.4225,12.44,DE,FR
2026-05-06,11,104.9975,86.91875,90.1475,91.9525,104.9975,86.91875,18.08,DE,BE
2026-05-06,12,92.83500000000001,87.91499999999999,92.0,91.63,92.83500000000001,87.91499999999999,4.92,DE,BE
2026-05-06,13,111.705,100.31375,92.7075,103.36250000000001,111.705,92.7075,19.0,FR,BE
2026-05-06,14,108.9525,112.255,86.4975,109.9975,112.255,86.4975,25.76,FR,DE
2026-05-06,15,115.12,126.18249999999999,79.12,120.1475,126.18249999999999,79.12,47.06,FR,DE
2026-05-06,16,132.7275,140.1,117.82,135.54,140.1,117.82,22.28,FR,DE
2026-05-06,17,154.26,160.99625,153.3075,153.0,160.99625,153.0,8.0,NL,DE
2026-05-06,18,156.2175,163.93125,152.885,156.4,163.93125,152.885,11.05,FR,DE
2026-05-06,19,154.6675,154.32,154.745,154.61,154.745,154.32,0.43,DE,FR
2026-05-06,20,143.6725,141.03,144.0,143.4125,144.0,141.03,2.97,DE,FR
2026-05-06,21,128.65,126.135,129.055,128.43,129.055,126.135,2.92,DE,FR
2026-05-06,22,125.1825,123.55375000000001,125.205,125.17,125.205,123.55375000000001,1.65,DE,FR
2026-05-06,23,116.535,116.915,116.4975,116.5025,116.915,116.4975,0.42,FR,DE
2026-05-07,0,114.89,114.87125,113.84,115.08500000000001,115.08500000000001,113.84,1.25,FR,NL
2026-05-07,1,114.5375,115.77375,108.765,115.5725,115.77375,108.765,7.01,FR,DE
2026-05-07,2,116.325,119.32,108.12,117.0325,119.32,108.12,11.2,FR,DE
2026-05-07,3,123.745,126.18,114.83,124.3975,126.18,114.83,11.35,FR,DE
2026-05-07,4,143.7425,150.365,123.52499999999999,147.22,150.365,123.52499999999999,26.84,FR,DE
2026-05-07,5,158.5775,160.22625,133.23000000000002,162.72750000000002,162.72750000000002,133.23000000000002,29.5,FR,NL
2026-05-07,6,152.855,153.71375,145.145,154.2525,154.2525,145.145,9.11,FR,NL
2026-05-07,7,124.67,136.11,96.325,123.7775,136.11,96.325,39.79,FR,DE
2026-05-07,8,104.7025,120.775,61.2475,107.025,120.775,61.2475,59.53,FR,DE
2026-05-07,9,98.6525,113.1725,58.405,97.3325,113.1725,58.405,54.77,FR,DE
2026-05-07,10,90.615,103.5325,53.2,96.77,103.5325,53.2,50.33,FR,DE
2026-05-07,11,85.49,101.7175,37.415,95.04,101.7175,37.415,64.3,FR,DE
2026-05-07,12,91.34,102.42166666666667,45.7775,95.905,102.42166666666667,45.7775,56.64,FR,DE
2026-05-07,13,95.1075,107.8375,40.7725,100.9025,107.8375,40.7725,67.06,FR,DE
2026-05-07,14,97.655,117.32375,38.26,109.2525,117.32375,38.26,79.06,FR,DE
2026-05-07,15,112.525,131.0,53.714999999999996,123.48750000000001,131.0,53.714999999999996,77.28,FR,DE
2026-05-07,16,135.59,151.45875,98.05250000000001,142.38,151.45875,98.05250000000001,53.41,FR,DE
2026-05-07,17,173.115,191.68,147.26,178.9425,191.68,147.26,44.42,FR,DE
2026-05-07,18,168.0875,233.01875,128.52,212.135,233.01875,128.52,104.5,FR,DE
2026-05-07,19,161.1525,188.13125,145.1475,177.735,188.13125,145.1475,42.98,FR,DE
2026-05-07,20,151.975,152.46375,145.01,153.16,153.16,145.01,8.15,FR,NL
2026-05-07,21,138.4,138.84,125.755,140.5525,140.5525,125.755,14.8,FR,NL
